2026-08-05T09:48:30.673+05:30  INFO 2824 --- [patient-registry] [restartedMain] c.p.p.PatientRegistryApplication         : Starting PatientRegistryApplication using Java 17.0.8 with PID 2824 (D:\CurrentRunningProgram\PremDev\SPRINGWEB\patient-registry\patient-registry\target\classes started by mutha in D:\CurrentRunningProgram\PremDev\SPRINGWEB\patient-registry)
2026-08-05T09:48:30.673+05:30 DEBUG 2824 --- [patient-registry] [restartedMain] c.p.p.PatientRegistryApplication         : Running with Spring Boot v4.0.7, Spring v7.0.8
2026-08-05T09:48:30.674+05:30  INFO 2824 --- [patient-registry] [restartedMain] c.p.p.PatientRegistryApplication         : No active profile set, falling back to 1 default profile: "default"
2026-08-05T09:48:30.674+05:30 DEBUG 2824 --- [patient-registry] [restartedMain] o.s.boot.SpringApplication               : Loading source class com.premit.patient_registry.PatientRegistryApplication
2026-08-05T09:48:30.678+05:30 DEBUG 2824 --- [patient-registry] [restartedMain] ConfigServletWebServerApplicationContext : Refreshing org.springframework.boot.web.server.servlet.context.AnnotationConfigServletWebServerApplicationContext@55b80cc4
2026-08-05T09:48:30.680+05:30 DEBUG 2824 --- [patient-registry] [restartedMain] o.s.b.f.s.DefaultListableBeanFactory     : Creating shared instance of singleton bean 'org.springframework.context.annotation.internalConfigurationAnnotationProcessor'
2026-08-05T09:48:30.680+05:30 DEBUG 2824 --- [patient-registry] [restartedMain] o.s.b.f.s.DefaultListableBeanFactory     : Creating shared instance of singleton bean 'org.springframework.boot.autoconfigure.internalCachingMetadataReaderFactory'
2026-08-05T09:48:30.691+05:30 DEBUG 2824 --- [patient-registry] [restartedMain] o.s.c.a.ClassPathBeanDefinitionScanner   : Identified candidate component class: file [D:\CurrentRunningProgram\PremDev\SPRINGWEB\patient-registry\patient-registry\target\classes\com\premit\patient_registry\controller\PatientController.class]
2026-08-05T09:48:30.695+05:30 DEBUG 2824 --- [patient-registry] [restartedMain] o.s.c.a.ClassPathBeanDefinitionScanner   : Identified candidate component class: file [D:\CurrentRunningProgram\PremDev\SPRINGWEB\patient-registry\patient-registry\target\classes\com\premit\patient_registry\exceptionHandler\GlobalExceptionHandler.class]
2026-08-05T09:48:30.697+05:30 DEBUG 2824 --- [patient-registry] [restartedMain] o.s.c.a.ClassPathBeanDefinitionScanner   : Identified candidate component class: file [D:\CurrentRunningProgram\PremDev\SPRINGWEB\patient-registry\patient-registry\target\classes\com\premit\patient_registry\mapper\PatientMapperImpl.class]
2026-08-05T09:48:30.699+05:30 DEBUG 2824 --- [patient-registry] [restartedMain] o.s.c.a.ClassPathBeanDefinitionScanner   : Ignored because not a concrete top-level class: file [D:\CurrentRunningProgram\PremDev\SPRINGWEB\patient-registry\patient-registry\target\classes\com\premit\patient_registry\repository\PatientRepository.class]
2026-08-05T09:48:30.703+05:30 DEBUG 2824 --- [patient-registry] [restartedMain] o.s.c.a.ClassPathBeanDefinitionScanner   : Identified candidate component class: file [D:\CurrentRunningProgram\PremDev\SPRINGWEB\patient-registry\patient-registry\target\classes\com\premit\patient_registry\service\PatientServiceImpl.class]
2026-08-05T09:48:30.970+05:30  INFO 2824 --- [patient-registry] [restartedMain] .s.d.r.c.RepositoryConfigurationDelegate : Bootstrapping Spring Data JPA repositories in DEFAULT mode.
2026-08-05T09:48:30.972+05:30 DEBUG 2824 --- [patient-registry] [restartedMain] o.s.b.f.s.DefaultListableBeanFactory     : Creating shared instance of singleton bean 'org.springframework.boot.autoconfigure.AutoConfigurationPackages'
2026-08-05T09:48:30.972+05:30 DEBUG 2824 --- [patient-registry] [restartedMain] o.s.b.a.AutoConfigurationPackages        : @EnableAutoConfiguration was declared on a class in the package 'com.premit.patient_registry'. Automatic @Repository and @Entity scanning is enabled.
2026-08-05T09:48:30.972+05:30 DEBUG 2824 --- [patient-registry] [restartedMain] .s.d.r.c.RepositoryConfigurationDelegate : Scanning for JPA repositories in packages com.premit.patient_registry.
2026-08-05T09:48:30.978+05:30 DEBUG 2824 --- [patient-registry] [restartedMain] o.s.d.r.c.RepositoryComponentProvider    : Identified candidate component class: file [D:\CurrentRunningProgram\PremDev\SPRINGWEB\patient-registry\patient-registry\target\classes\com\premit\patient_registry\repository\PatientRepository.class]
2026-08-05T09:48:30.987+05:30 DEBUG 2824 --- [patient-registry] [restartedMain] ssPathScanningCandidateComponentProvider : Identified candidate component class: file [D:\CurrentRunningProgram\PremDev\SPRINGWEB\patient-registry\patient-registry\target\classes\com\premit\patient_registry\mapper\PatientMapperImpl.class]
2026-08-05T09:48:30.987+05:30 DEBUG 2824 --- [patient-registry] [restartedMain] ssPathScanningCandidateComponentProvider : Identified candidate component class: file [D:\CurrentRunningProgram\PremDev\SPRINGWEB\patient-registry\patient-registry\target\classes\com\premit\patient_registry\service\PatientServiceImpl.class]
2026-08-05T09:48:30.990+05:30  INFO 2824 --- [patient-registry] [restartedMain] .s.d.r.c.RepositoryConfigurationDelegate : Finished Spring Data repository scanning in 17 ms. Found 1 JPA repository interface.
2026-08-05T09:48:31.049+05:30 DEBUG 2824 --- [patient-registry] [restartedMain] o.s.b.f.s.DefaultListableBeanFactory     : Creating shared instance of singleton bean 'propertySourcesPlaceholderConfigurer'
2026-08-05T09:48:31.051+05:30 DEBUG 2824 --- [patient-registry] [restartedMain] o.s.b.f.s.DefaultListableBeanFactory     : Creating shared instance of singleton bean 'org.springframework.boot.devtools.autoconfigure.DevToolsDataSourceAutoConfiguration$DatabaseShutdownExecutorEntityManagerFactoryDependsOnPostProcessor'
2026-08-05T09:48:31.051+05:30 DEBUG 2824 --- [patient-registry] [restartedMain] o.s.b.f.s.DefaultListableBeanFactory     : Creating shared instance of singleton bean 'org.springframework.boot.sql.init.dependency.DatabaseInitializationDependencyConfigurer$DependsOnDatabaseInitializationPostProcessor'
2026-08-05T09:48:31.057+05:30 DEBUG 2824 --- [patient-registry] [restartedMain] o.s.b.f.s.DefaultListableBeanFactory     : Creating shared instance of singleton bean 'org.springframework.context.event.internalEventListenerProcessor'
2026-08-05T09:48:31.057+05:30 DEBUG 2824 --- [patient-registry] [restartedMain] o.s.b.f.s.DefaultListableBeanFactory     : Creating shared instance of singleton bean 'bootstrapExecutorAliasPostProcessor'
2026-08-05T09:48:31.057+05:30 DEBUG 2824 --- [patient-registry] [restartedMain] o.s.b.f.s.DefaultListableBeanFactory     : Creating shared instance of singleton bean 'preserveErrorControllerTargetClassPostProcessor'
2026-08-05T09:48:31.058+05:30 DEBUG 2824 --- [patient-registry] [restartedMain] o.s.b.f.s.DefaultListableBeanFactory     : Creating shared instance of singleton bean 'org.springframework.context.event.internalEventListenerFactory'
2026-08-05T09:48:31.058+05:30 DEBUG 2824 --- [patient-registry] [restartedMain] o.s.b.f.s.DefaultListableBeanFactory     : Creating shared instance of singleton bean 'org.springframework.transaction.config.internalTransactionalEventListenerFactory'
2026-08-05T09:48:31.059+05:30 DEBUG 2824 --- [patient-registry] [restartedMain] o.s.b.f.s.DefaultListableBeanFactory     : Creating shared instance of singleton bean 'org.springframework.context.annotation.internalAutowiredAnnotationProcessor'
2026-08-05T09:48:31.060+05:30 DEBUG 2824 --- [patient-registry] [restartedMain] o.s.b.f.s.DefaultListableBeanFactory     : Creating shared instance of singleton bean 'org.springframework.context.annotation.internalCommonAnnotationProcessor'
2026-08-05T09:48:31.060+05:30 DEBUG 2824 --- [patient-registry] [restartedMain] o.s.b.f.s.DefaultListableBeanFactory     : Creating shared instance of singleton bean 'org.springframework.context.annotation.internalPersistenceAnnotationProcessor'
2026-08-05T09:48:31.060+05:30 DEBUG 2824 --- [patient-registry] [restartedMain] o.s.b.f.s.DefaultListableBeanFactory     : Creating shared instance of singleton bean 'org.springframework.boot.context.properties.ConfigurationPropertiesBindingPostProcessor'
2026-08-05T09:48:31.060+05:30 DEBUG 2824 --- [patient-registry] [restartedMain] o.s.b.f.s.DefaultListableBeanFactory     : Creating shared instance of singleton bean 'org.springframework.boot.context.internalConfigurationPropertiesBinder'
2026-08-05T09:48:31.061+05:30 DEBUG 2824 --- [patient-registry] [restartedMain] o.s.b.f.s.DefaultListableBeanFactory     : Creating shared instance of singleton bean 'jdbcConnectionDetailsHikariBeanPostProcessor'
2026-08-05T09:48:31.061+05:30 DEBUG 2824 --- [patient-registry] [restartedMain] o.s.b.f.s.DefaultListableBeanFactory     : Creating shared instance of singleton bean 'methodValidationPostProcessor'
2026-08-05T09:48:31.061+05:30 DEBUG 2824 --- [patient-registry] [restartedMain] o.s.b.f.s.DefaultListableBeanFactory     : Autowiring by type from bean name 'methodValidationPostProcessor' via factory method to bean named 'environment'
2026-08-05T09:48:31.063+05:30 DEBUG 2824 --- [patient-registry] [restartedMain] o.s.b.f.s.DefaultListableBeanFactory     : Creating shared instance of singleton bean 'org.springframework.boot.context.properties.EnableConfigurationPropertiesRegistrar.methodValidationExcludeFilter'
2026-08-05T09:48:31.064+05:30 DEBUG 2824 --- [patient-registry] [restartedMain] o.s.b.f.s.DefaultListableBeanFactory     : Creating shared instance of singleton bean 'org.springframework.aop.framework.autoproxy.defaultProxyConfig'
2026-08-05T09:48:31.064+05:30 DEBUG 2824 --- [patient-registry] [restartedMain] o.s.b.f.s.DefaultListableBeanFactory     : Creating shared instance of singleton bean 'org.springframework.aop.config.internalAutoProxyCreator'
2026-08-05T09:48:31.065+05:30 DEBUG 2824 --- [patient-registry] [restartedMain] o.s.b.f.s.DefaultListableBeanFactory     : Creating shared instance of singleton bean 'persistenceExceptionTranslationPostProcessor'
2026-08-05T09:48:31.066+05:30 DEBUG 2824 --- [patient-registry] [restartedMain] o.s.b.f.s.DefaultListableBeanFactory     : Autowiring by type from bean name 'persistenceExceptionTranslationPostProcessor' via factory method to bean named 'environment'
2026-08-05T09:48:31.066+05:30 DEBUG 2824 --- [patient-registry] [restartedMain] o.s.b.f.s.DefaultListableBeanFactory     : Creating shared instance of singleton bean 'projectingArgumentResolverBeanPostProcessor'
2026-08-05T09:48:31.067+05:30 DEBUG 2824 --- [patient-registry] [restartedMain] o.s.b.f.s.DefaultListableBeanFactory     : Creating shared instance of singleton bean 'org.springframework.transaction.config.internalTransactionAdvisor'
2026-08-05T09:48:31.067+05:30 DEBUG 2824 --- [patient-registry] [restartedMain] o.s.b.f.s.DefaultListableBeanFactory     : Creating shared instance of singleton bean 'org.springframework.transaction.annotation.ProxyTransactionManagementConfiguration'
2026-08-05T09:48:31.071+05:30 DEBUG 2824 --- [patient-registry] [restartedMain] o.s.b.f.s.DefaultListableBeanFactory     : Creating shared instance of singleton bean 'transactionAttributeSource'
2026-08-05T09:48:31.072+05:30 DEBUG 2824 --- [patient-registry] [restartedMain] o.s.b.f.s.DefaultListableBeanFactory     : Creating shared instance of singleton bean 'transactionInterceptor'
2026-08-05T09:48:31.073+05:30 DEBUG 2824 --- [patient-registry] [restartedMain] o.s.b.f.s.DefaultListableBeanFactory     : Autowiring by type from bean name 'transactionInterceptor' via factory method to bean named 'transactionAttributeSource'
2026-08-05T09:48:31.073+05:30 DEBUG 2824 --- [patient-registry] [restartedMain] o.s.b.f.s.DefaultListableBeanFactory     : Autowiring by type from bean name 'org.springframework.transaction.config.internalTransactionAdvisor' via factory method to bean named 'transactionAttributeSource'
2026-08-05T09:48:31.073+05:30 DEBUG 2824 --- [patient-registry] [restartedMain] o.s.b.f.s.DefaultListableBeanFactory     : Autowiring by type from bean name 'org.springframework.transaction.config.internalTransactionAdvisor' via factory method to bean named 'transactionInterceptor'
2026-08-05T09:48:31.074+05:30 DEBUG 2824 --- [patient-registry] [restartedMain] o.s.b.f.s.DefaultListableBeanFactory     : Creating shared instance of singleton bean 'webServerFactoryCustomizerBeanPostProcessor'
2026-08-05T09:48:31.075+05:30 DEBUG 2824 --- [patient-registry] [restartedMain] o.s.b.f.s.DefaultListableBeanFactory     : Creating shared instance of singleton bean 'errorPageRegistrarBeanPostProcessor'
2026-08-05T09:48:31.076+05:30 DEBUG 2824 --- [patient-registry] [restartedMain] o.s.b.f.s.DefaultListableBeanFactory     : Creating shared instance of singleton bean 'tomcatServletWebServerFactory'
2026-08-05T09:48:31.076+05:30 DEBUG 2824 --- [patient-registry] [restartedMain] o.s.b.f.s.DefaultListableBeanFactory     : Creating shared instance of singleton bean 'org.springframework.boot.tomcat.autoconfigure.servlet.TomcatServletWebServerAutoConfiguration'
2026-08-05T09:48:31.077+05:30 DEBUG 2824 --- [patient-registry] [restartedMain] o.s.b.f.s.DefaultListableBeanFactory     : Creating shared instance of singleton bean 'server.tomcat-org.springframework.boot.tomcat.autoconfigure.TomcatServerProperties'
2026-08-05T09:48:31.077+05:30 DEBUG 2824 --- [patient-registry] [restartedMain] o.s.b.f.s.DefaultListableBeanFactory     : Creating shared instance of singleton bean 'org.springframework.boot.context.properties.BoundConfigurationProperties'
2026-08-05T09:48:31.080+05:30 DEBUG 2824 --- [patient-registry] [restartedMain] o.s.b.f.s.DefaultListableBeanFactory     : Autowiring by type from bean name 'org.springframework.boot.tomcat.autoconfigure.servlet.TomcatServletWebServerAutoConfiguration' via constructor to bean named 'server.tomcat-org.springframework.boot.tomcat.autoconfigure.TomcatServerProperties'
2026-08-05T09:48:31.083+05:30 DEBUG 2824 --- [patient-registry] [restartedMain] o.s.b.f.s.DefaultListableBeanFactory     : Creating shared instance of singleton bean 'servletWebServerFactoryCustomizer'
2026-08-05T09:48:31.084+05:30 DEBUG 2824 --- [patient-registry] [restartedMain] o.s.b.f.s.DefaultListableBeanFactory     : Creating shared instance of singleton bean 'org.springframework.boot.web.server.autoconfigure.servlet.ServletWebServerConfiguration'
2026-08-05T09:48:31.085+05:30 DEBUG 2824 --- [patient-registry] [restartedMain] o.s.b.f.s.DefaultListableBeanFactory     : Creating shared instance of singleton bean 'server-org.springframework.boot.web.server.autoconfigure.ServerProperties'
2026-08-05T09:48:31.088+05:30 DEBUG 2824 --- [patient-registry] [restartedMain] o.s.b.f.s.DefaultListableBeanFactory     : Autowiring by type from bean name 'servletWebServerFactoryCustomizer' via factory method to bean named 'server-org.springframework.boot.web.server.autoconfigure.ServerProperties'
2026-08-05T09:48:31.090+05:30 DEBUG 2824 --- [patient-registry] [restartedMain] o.s.b.f.s.DefaultListableBeanFactory     : Creating shared instance of singleton bean 'sslBundleRegistry'
2026-08-05T09:48:31.090+05:30 DEBUG 2824 --- [patient-registry] [restartedMain] o.s.b.f.s.DefaultListableBeanFactory     : Creating shared instance of singleton bean 'org.springframework.boot.autoconfigure.ssl.SslAutoConfiguration'
2026-08-05T09:48:31.091+05:30 DEBUG 2824 --- [patient-registry] [restartedMain] o.s.b.f.s.DefaultListableBeanFactory     : Creating shared instance of singleton bean 'spring.ssl-org.springframework.boot.autoconfigure.ssl.SslProperties'
2026-08-05T09:48:31.092+05:30 DEBUG 2824 --- [patient-registry] [restartedMain] o.s.b.f.s.DefaultListableBeanFactory     : Autowiring by type from bean name 'org.springframework.boot.autoconfigure.ssl.SslAutoConfiguration' via constructor to bean named 'org.springframework.boot.web.server.servlet.context.AnnotationConfigServletWebServerApplicationContext@55b80cc4'
2026-08-05T09:48:31.092+05:30 DEBUG 2824 --- [patient-registry] [restartedMain] o.s.b.f.s.DefaultListableBeanFactory     : Autowiring by type from bean name 'org.springframework.boot.autoconfigure.ssl.SslAutoConfiguration' via constructor to bean named 'spring.ssl-org.springframework.boot.autoconfigure.ssl.SslProperties'
2026-08-05T09:48:31.093+05:30 DEBUG 2824 --- [patient-registry] [restartedMain] o.s.b.f.s.DefaultListableBeanFactory     : Creating shared instance of singleton bean 'sslPropertiesSslBundleRegistrar'
2026-08-05T09:48:31.094+05:30 DEBUG 2824 --- [patient-registry] [restartedMain] o.s.b.f.s.DefaultListableBeanFactory     : Creating shared instance of singleton bean 'fileWatcher'
2026-08-05T09:48:31.094+05:30 DEBUG 2824 --- [patient-registry] [restartedMain] o.s.b.f.s.DefaultListableBeanFactory     : Autowiring by type from bean name 'sslPropertiesSslBundleRegistrar' via factory method to bean named 'fileWatcher'
2026-08-05T09:48:31.095+05:30 DEBUG 2824 --- [patient-registry] [restartedMain] o.s.b.f.s.DefaultListableBeanFactory     : Creating shared instance of singleton bean 'webSocketWebServerCustomizer'
2026-08-05T09:48:31.095+05:30 DEBUG 2824 --- [patient-registry] [restartedMain] o.s.b.f.s.DefaultListableBeanFactory     : Creating shared instance of singleton bean 'org.springframework.boot.tomcat.autoconfigure.TomcatWebServerConfiguration$TomcatWebSocketConfiguration'
2026-08-05T09:48:31.095+05:30 DEBUG 2824 --- [patient-registry] [restartedMain] o.s.b.f.s.DefaultListableBeanFactory     : Creating shared instance of singleton bean 'tomcatWebServerFactoryCustomizer'
2026-08-05T09:48:31.095+05:30 DEBUG 2824 --- [patient-registry] [restartedMain] o.s.b.f.s.DefaultListableBeanFactory     : Creating shared instance of singleton bean 'org.springframework.boot.tomcat.autoconfigure.TomcatWebServerConfiguration'
2026-08-05T09:48:31.097+05:30 DEBUG 2824 --- [patient-registry] [restartedMain] o.s.b.f.s.DefaultListableBeanFactory     : Creating shared instance of singleton bean 'spring.web-org.springframework.boot.autoconfigure.web.WebProperties'
2026-08-05T09:48:31.100+05:30 DEBUG 2824 --- [patient-registry] [restartedMain] o.s.b.f.s.DefaultListableBeanFactory     : Autowiring by type from bean name 'tomcatWebServerFactoryCustomizer' via factory method to bean named 'environment'
2026-08-05T09:48:31.100+05:30 DEBUG 2824 --- [patient-registry] [restartedMain] o.s.b.f.s.DefaultListableBeanFactory     : Autowiring by type from bean name 'tomcatWebServerFactoryCustomizer' via factory method to bean named 'server-org.springframework.boot.web.server.autoconfigure.ServerProperties'
2026-08-05T09:48:31.100+05:30 DEBUG 2824 --- [patient-registry] [restartedMain] o.s.b.f.s.DefaultListableBeanFactory     : Autowiring by type from bean name 'tomcatWebServerFactoryCustomizer' via factory method to bean named 'server.tomcat-org.springframework.boot.tomcat.autoconfigure.TomcatServerProperties'
2026-08-05T09:48:31.100+05:30 DEBUG 2824 --- [patient-registry] [restartedMain] o.s.b.f.s.DefaultListableBeanFactory     : Autowiring by type from bean name 'tomcatWebServerFactoryCustomizer' via factory method to bean named 'spring.web-org.springframework.boot.autoconfigure.web.WebProperties'
2026-08-05T09:48:31.101+05:30 DEBUG 2824 --- [patient-registry] [restartedMain] o.s.b.f.s.DefaultListableBeanFactory     : Creating shared instance of singleton bean 'tomcatServletWebServerFactoryCustomizer'
2026-08-05T09:48:31.102+05:30 DEBUG 2824 --- [patient-registry] [restartedMain] o.s.b.f.s.DefaultListableBeanFactory     : Autowiring by type from bean name 'tomcatServletWebServerFactoryCustomizer' via factory method to bean named 'server.tomcat-org.springframework.boot.tomcat.autoconfigure.TomcatServerProperties'
2026-08-05T09:48:31.104+05:30 DEBUG 2824 --- [patient-registry] [restartedMain] o.s.b.f.s.DefaultListableBeanFactory     : Creating shared instance of singleton bean 'errorPageCustomizer'
2026-08-05T09:48:31.104+05:30 DEBUG 2824 --- [patient-registry] [restartedMain] o.s.b.f.s.DefaultListableBeanFactory     : Creating shared instance of singleton bean 'org.springframework.boot.webmvc.autoconfigure.error.ErrorMvcAutoConfiguration'
2026-08-05T09:48:31.105+05:30 DEBUG 2824 --- [patient-registry] [restartedMain] o.s.b.f.s.DefaultListableBeanFactory     : Autowiring by type from bean name 'org.springframework.boot.webmvc.autoconfigure.error.ErrorMvcAutoConfiguration' via constructor to bean named 'spring.web-org.springframework.boot.autoconfigure.web.WebProperties'
2026-08-05T09:48:31.106+05:30 DEBUG 2824 --- [patient-registry] [restartedMain] o.s.b.f.s.DefaultListableBeanFactory     : Creating shared instance of singleton bean 'dispatcherServletRegistration'
2026-08-05T09:48:31.106+05:30 DEBUG 2824 --- [patient-registry] [restartedMain] o.s.b.f.s.DefaultListableBeanFactory     : Creating shared instance of singleton bean 'org.springframework.boot.webmvc.autoconfigure.DispatcherServletAutoConfiguration$DispatcherServletRegistrationConfiguration'
2026-08-05T09:48:31.107+05:30 DEBUG 2824 --- [patient-registry] [restartedMain] o.s.b.f.s.DefaultListableBeanFactory     : Creating shared instance of singleton bean 'dispatcherServlet'
2026-08-05T09:48:31.107+05:30 DEBUG 2824 --- [patient-registry] [restartedMain] o.s.b.f.s.DefaultListableBeanFactory     : Creating shared instance of singleton bean 'org.springframework.boot.webmvc.autoconfigure.DispatcherServletAutoConfiguration$DispatcherServletConfiguration'
2026-08-05T09:48:31.108+05:30 DEBUG 2824 --- [patient-registry] [restartedMain] o.s.b.f.s.DefaultListableBeanFactory     : Creating shared instance of singleton bean 'spring.mvc-org.springframework.boot.webmvc.autoconfigure.WebMvcProperties'
2026-08-05T09:48:31.110+05:30 DEBUG 2824 --- [patient-registry] [restartedMain] o.s.b.f.s.DefaultListableBeanFactory     : Autowiring by type from bean name 'dispatcherServlet' via factory method to bean named 'spring.mvc-org.springframework.boot.webmvc.autoconfigure.WebMvcProperties'
2026-08-05T09:48:31.112+05:30 DEBUG 2824 --- [patient-registry] [restartedMain] o.s.b.f.s.DefaultListableBeanFactory     : Autowiring by type from bean name 'dispatcherServletRegistration' via factory method to bean named 'dispatcherServlet'
2026-08-05T09:48:31.113+05:30 DEBUG 2824 --- [patient-registry] [restartedMain] o.s.b.f.s.DefaultListableBeanFactory     : Autowiring by type from bean name 'dispatcherServletRegistration' via factory method to bean named 'spring.mvc-org.springframework.boot.webmvc.autoconfigure.WebMvcProperties'
2026-08-05T09:48:31.113+05:30 DEBUG 2824 --- [patient-registry] [restartedMain] o.s.b.f.s.DefaultListableBeanFactory     : Creating shared instance of singleton bean 'multipartConfigElement'
2026-08-05T09:48:31.114+05:30 DEBUG 2824 --- [patient-registry] [restartedMain] o.s.b.f.s.DefaultListableBeanFactory     : Creating shared instance of singleton bean 'org.springframework.boot.servlet.autoconfigure.MultipartAutoConfiguration'
2026-08-05T09:48:31.114+05:30 DEBUG 2824 --- [patient-registry] [restartedMain] o.s.b.f.s.DefaultListableBeanFactory     : Creating shared instance of singleton bean 'spring.servlet.multipart-org.springframework.boot.servlet.autoconfigure.MultipartProperties'
2026-08-05T09:48:31.116+05:30 DEBUG 2824 --- [patient-registry] [restartedMain] o.s.b.f.s.DefaultListableBeanFactory     : Autowiring by type from bean name 'org.springframework.boot.servlet.autoconfigure.MultipartAutoConfiguration' via constructor to bean named 'spring.servlet.multipart-org.springframework.boot.servlet.autoconfigure.MultipartProperties'
2026-08-05T09:48:31.118+05:30 DEBUG 2824 --- [patient-registry] [restartedMain] o.s.b.f.s.DefaultListableBeanFactory     : Autowiring by type from bean name 'errorPageCustomizer' via factory method to bean named 'dispatcherServletRegistration'
2026-08-05T09:48:31.123+05:30 DEBUG 2824 --- [patient-registry] [restartedMain] org.apache.catalina.core.ContainerBase   : Add container child [StandardHost[localhost]] to container [StandardEngine[Tomcat]]
2026-08-05T09:48:31.124+05:30 DEBUG 2824 --- [patient-registry] [restartedMain] o.s.b.t.s.TomcatServletWebServerFactory  : Code archive: C:\Users\mutha\.m2\repository\org\springframework\boot\spring-boot-web-server\4.0.7\spring-boot-web-server-4.0.7.jar
2026-08-05T09:48:31.124+05:30 DEBUG 2824 --- [patient-registry] [restartedMain] o.s.b.t.s.TomcatServletWebServerFactory  : Code archive: C:\Users\mutha\.m2\repository\org\springframework\boot\spring-boot-web-server\4.0.7\spring-boot-web-server-4.0.7.jar
2026-08-05T09:48:31.124+05:30 DEBUG 2824 --- [patient-registry] [restartedMain] o.s.b.t.s.TomcatServletWebServerFactory  : None of the document roots [src/main/webapp, public, static] point to a directory and will be ignored.
2026-08-05T09:48:31.126+05:30 DEBUG 2824 --- [patient-registry] [restartedMain] org.apache.catalina.core.ContainerBase   : Add container child [TomcatEmbeddedContext[/premit]] to container [StandardEngine[Tomcat].StandardHost[localhost]]
2026-08-05T09:48:31.137+05:30  INFO 2824 --- [patient-registry] [restartedMain] o.s.boot.tomcat.TomcatWebServer          : Tomcat initialized with port 9999 (http)
2026-08-05T09:48:31.138+05:30  INFO 2824 --- [patient-registry] [restartedMain] o.apache.catalina.core.StandardService   : Starting service [Tomcat]
2026-08-05T09:48:31.138+05:30  INFO 2824 --- [patient-registry] [restartedMain] o.apache.catalina.core.StandardEngine    : Starting Servlet engine: [Apache Tomcat/11.0.22]
2026-08-05T09:48:31.172+05:30 DEBUG 2824 --- [patient-registry] [restartedMain] o.apache.catalina.loader.WebappLoader    : Starting this Loader
2026-08-05T09:48:31.174+05:30 DEBUG 2824 --- [patient-registry] [restartedMain] org.apache.catalina.webresources.Cache   : Increased cache size by [531] for item [org.apache.catalina.webresources.CachedResource@51110877] at [/WEB-INF/classes] making total cache size [531]
2026-08-05T09:48:31.175+05:30 DEBUG 2824 --- [patient-registry] [restartedMain] b.w.c.s.WebApplicationContextInitializer : Published root WebApplicationContext as ServletContext attribute with name [org.springframework.web.context.WebApplicationContext.ROOT]
2026-08-05T09:48:31.175+05:30  INFO 2824 --- [patient-registry] [restartedMain] b.w.c.s.WebApplicationContextInitializer : Root WebApplicationContext: initialization completed in 497 ms
2026-08-05T09:48:31.177+05:30 DEBUG 2824 --- [patient-registry] [restartedMain] o.s.b.f.s.DefaultListableBeanFactory     : Creating shared instance of singleton bean 'requestContextFilter'
2026-08-05T09:48:31.179+05:30 DEBUG 2824 --- [patient-registry] [restartedMain] o.s.b.f.s.DefaultListableBeanFactory     : Creating shared instance of singleton bean 'formContentFilter'
2026-08-05T09:48:31.180+05:30 DEBUG 2824 --- [patient-registry] [restartedMain] o.s.b.f.s.DefaultListableBeanFactory     : Creating shared instance of singleton bean 'org.springframework.boot.webmvc.autoconfigure.WebMvcAutoConfiguration'
2026-08-05T09:48:31.182+05:30 DEBUG 2824 --- [patient-registry] [restartedMain] o.s.b.f.s.DefaultListableBeanFactory     : Creating shared instance of singleton bean 'characterEncodingFilter'
2026-08-05T09:48:31.182+05:30 DEBUG 2824 --- [patient-registry] [restartedMain] o.s.b.f.s.DefaultListableBeanFactory     : Creating shared instance of singleton bean 'org.springframework.boot.servlet.autoconfigure.HttpEncodingAutoConfiguration'
2026-08-05T09:48:31.183+05:30 DEBUG 2824 --- [patient-registry] [restartedMain] o.s.b.f.s.DefaultListableBeanFactory     : Creating shared instance of singleton bean 'spring.servlet.encoding-org.springframework.boot.servlet.autoconfigure.ServletEncodingProperties'
2026-08-05T09:48:31.184+05:30 DEBUG 2824 --- [patient-registry] [restartedMain] o.s.b.f.s.DefaultListableBeanFactory     : Autowiring by type from bean name 'characterEncodingFilter' via factory method to bean named 'spring.servlet.encoding-org.springframework.boot.servlet.autoconfigure.ServletEncodingProperties'
2026-08-05T09:48:31.187+05:30 DEBUG 2824 --- [patient-registry] [restartedMain] o.s.b.w.s.ServletContextInitializerBeans : Mapping filters: characterEncodingFilter urls=[/*] order=-2147483648, formContentFilter urls=[/*] order=-9900, requestContextFilter urls=[/*] order=-105
2026-08-05T09:48:31.187+05:30 DEBUG 2824 --- [patient-registry] [restartedMain] o.s.b.w.s.ServletContextInitializerBeans : Mapping servlets: dispatcherServlet urls=[/]
2026-08-05T09:48:31.187+05:30 DEBUG 2824 --- [patient-registry] [restartedMain] org.apache.catalina.core.ContainerBase   : Add container child [StandardWrapper[dispatcherServlet]] to container [StandardEngine[Tomcat].StandardHost[localhost].TomcatEmbeddedContext[/premit]]
2026-08-05T09:48:31.188+05:30 DEBUG 2824 --- [patient-registry] [restartedMain] o.a.catalina.session.StandardManager     : Persisted data file [C:\Users\mutha\AppData\Local\Temp\6AE0F7CB0B6407FA04E8FF6DEFC2500C927B5126\servlet-sessions\SESSIONS.ser] was not found

java.io.FileNotFoundException: C:\Users\mutha\AppData\Local\Temp\6AE0F7CB0B6407FA04E8FF6DEFC2500C927B5126\servlet-sessions\SESSIONS.ser (The system cannot find the file specified)
	at java.base/java.io.FileInputStream.open0(Native Method) ~[na:na]
	at java.base/java.io.FileInputStream.open(FileInputStream.java:216) ~[na:na]
	at java.base/java.io.FileInputStream.<init>(FileInputStream.java:157) ~[na:na]
	at java.base/java.io.FileInputStream.<init>(FileInputStream.java:111) ~[na:na]
	at org.apache.catalina.session.StandardManager.load(StandardManager.java:123) ~[tomcat-embed-core-11.0.22.jar:11.0.22]
	at org.apache.catalina.session.StandardManager.startInternal(StandardManager.java:255) ~[tomcat-embed-core-11.0.22.jar:11.0.22]
	at org.apache.catalina.util.LifecycleBase.start(LifecycleBase.java:164) ~[tomcat-embed-core-11.0.22.jar:11.0.22]
	at org.apache.catalina.core.StandardContext.startInternal(StandardContext.java:4447) ~[tomcat-embed-core-11.0.22.jar:11.0.22]
	at org.apache.catalina.util.LifecycleBase.start(LifecycleBase.java:164) ~[tomcat-embed-core-11.0.22.jar:11.0.22]
	at org.apache.catalina.core.ContainerBase$StartChild.call(ContainerBase.java:1162) ~[tomcat-embed-core-11.0.22.jar:11.0.22]
	at org.apache.catalina.core.ContainerBase$StartChild.call(ContainerBase.java:1158) ~[tomcat-embed-core-11.0.22.jar:11.0.22]
	at java.base/java.util.concurrent.FutureTask.run(FutureTask.java:264) ~[na:na]
	at org.apache.tomcat.util.threads.InlineExecutorService.execute(InlineExecutorService.java:81) ~[tomcat-embed-core-11.0.22.jar:11.0.22]
	at java.base/java.util.concurrent.AbstractExecutorService.submit(AbstractExecutorService.java:145) ~[na:na]
	at org.apache.catalina.core.ContainerBase.startInternal(ContainerBase.java:714) ~[tomcat-embed-core-11.0.22.jar:11.0.22]
	at org.apache.catalina.core.StandardHost.startInternal(StandardHost.java:780) ~[tomcat-embed-core-11.0.22.jar:11.0.22]
	at org.apache.catalina.util.LifecycleBase.start(LifecycleBase.java:164) ~[tomcat-embed-core-11.0.22.jar:11.0.22]
	at org.apache.catalina.core.ContainerBase$StartChild.call(ContainerBase.java:1162) ~[tomcat-embed-core-11.0.22.jar:11.0.22]
	at org.apache.catalina.core.ContainerBase$StartChild.call(ContainerBase.java:1158) ~[tomcat-embed-core-11.0.22.jar:11.0.22]
	at java.base/java.util.concurrent.FutureTask.run(FutureTask.java:264) ~[na:na]
	at org.apache.tomcat.util.threads.InlineExecutorService.execute(InlineExecutorService.java:81) ~[tomcat-embed-core-11.0.22.jar:11.0.22]
	at java.base/java.util.concurrent.AbstractExecutorService.submit(AbstractExecutorService.java:145) ~[na:na]
	at org.apache.catalina.core.ContainerBase.startInternal(ContainerBase.java:714) ~[tomcat-embed-core-11.0.22.jar:11.0.22]
	at org.apache.catalina.core.StandardEngine.startInternal(StandardEngine.java:201) ~[tomcat-embed-core-11.0.22.jar:11.0.22]
	at org.apache.catalina.util.LifecycleBase.start(LifecycleBase.java:164) ~[tomcat-embed-core-11.0.22.jar:11.0.22]
	at org.apache.catalina.core.StandardService.startInternal(StandardService.java:410) ~[tomcat-embed-core-11.0.22.jar:11.0.22]
	at org.apache.catalina.util.LifecycleBase.start(LifecycleBase.java:164) ~[tomcat-embed-core-11.0.22.jar:11.0.22]
	at org.apache.catalina.core.StandardServer.startInternal(StandardServer.java:864) ~[tomcat-embed-core-11.0.22.jar:11.0.22]
	at org.apache.catalina.util.LifecycleBase.start(LifecycleBase.java:164) ~[tomcat-embed-core-11.0.22.jar:11.0.22]
	at org.apache.catalina.startup.Tomcat.start(Tomcat.java:435) ~[tomcat-embed-core-11.0.22.jar:11.0.22]
	at org.springframework.boot.tomcat.TomcatWebServer.initialize(TomcatWebServer.java:131) ~[spring-boot-tomcat-4.0.7.jar:4.0.7]
	at org.springframework.boot.tomcat.TomcatWebServer.<init>(TomcatWebServer.java:110) ~[spring-boot-tomcat-4.0.7.jar:4.0.7]
	at org.springframework.boot.tomcat.servlet.TomcatServletWebServerFactory.getTomcatWebServer(TomcatServletWebServerFactory.java:408) ~[spring-boot-tomcat-4.0.7.jar:4.0.7]
	at org.springframework.boot.tomcat.servlet.TomcatServletWebServerFactory.getWebServer(TomcatServletWebServerFactory.java:166) ~[spring-boot-tomcat-4.0.7.jar:4.0.7]
	at org.springframework.boot.web.server.servlet.context.ServletWebServerApplicationContext.createWebServer(ServletWebServerApplicationContext.java:190) ~[spring-boot-web-server-4.0.7.jar:4.0.7]
	at org.springframework.boot.web.server.servlet.context.ServletWebServerApplicationContext.onRefresh(ServletWebServerApplicationContext.java:164) ~[spring-boot-web-server-4.0.7.jar:4.0.7]
	at org.springframework.context.support.AbstractApplicationContext.refresh(AbstractApplicationContext.java:615) ~[spring-context-7.0.8.jar:7.0.8]
	at org.springframework.boot.web.server.servlet.context.ServletWebServerApplicationContext.refresh(ServletWebServerApplicationContext.java:143) ~[spring-boot-web-server-4.0.7.jar:4.0.7]
	at org.springframework.boot.SpringApplication.refresh(SpringApplication.java:756) ~[spring-boot-4.0.7.jar:4.0.7]
	at org.springframework.boot.SpringApplication.refreshContext(SpringApplication.java:445) ~[spring-boot-4.0.7.jar:4.0.7]
	at org.springframework.boot.SpringApplication.run(SpringApplication.java:321) ~[spring-boot-4.0.7.jar:4.0.7]
	at org.springframework.boot.SpringApplication.run(SpringApplication.java:1365) ~[spring-boot-4.0.7.jar:4.0.7]
	at org.springframework.boot.SpringApplication.run(SpringApplication.java:1354) ~[spring-boot-4.0.7.jar:4.0.7]
	at com.premit.patient_registry.PatientRegistryApplication.main(PatientRegistryApplication.java:10) ~[classes/:na]
	at java.base/jdk.internal.reflect.NativeMethodAccessorImpl.invoke0(Native Method) ~[na:na]
	at java.base/jdk.internal.reflect.NativeMethodAccessorImpl.invoke(NativeMethodAccessorImpl.java:77) ~[na:na]
	at java.base/jdk.internal.reflect.DelegatingMethodAccessorImpl.invoke(DelegatingMethodAccessorImpl.java:43) ~[na:na]
	at java.base/java.lang.reflect.Method.invoke(Method.java:568) ~[na:na]
	at org.springframework.boot.devtools.restart.RestartLauncher.run(RestartLauncher.java:52) ~[spring-boot-devtools-4.0.7.jar:4.0.7]

2026-08-05T09:48:31.190+05:30 DEBUG 2824 --- [patient-registry] [restartedMain] o.s.b.s.f.OrderedRequestContextFilter    : Filter 'requestContextFilter' configured for use
2026-08-05T09:48:31.190+05:30 DEBUG 2824 --- [patient-registry] [restartedMain] o.s.b.s.f.OrderedCharacterEncodingFilter : Filter 'characterEncodingFilter' configured for use
2026-08-05T09:48:31.191+05:30 DEBUG 2824 --- [patient-registry] [restartedMain] o.s.b.s.filter.OrderedFormContentFilter  : Filter 'formContentFilter' configured for use
2026-08-05T09:48:31.192+05:30 DEBUG 2824 --- [patient-registry] [restartedMain] org.apache.catalina.mapper.Mapper        : Registered host [localhost]
2026-08-05T09:48:31.192+05:30 DEBUG 2824 --- [patient-registry] [restartedMain] o.apache.catalina.mapper.MapperListener  : Register Wrapper [dispatcherServlet] in Context [/premit] for service [StandardService[Tomcat]]
2026-08-05T09:48:31.192+05:30 DEBUG 2824 --- [patient-registry] [restartedMain] o.apache.catalina.mapper.MapperListener  : Register Context [/premit] for service [StandardService[Tomcat]]
2026-08-05T09:48:31.192+05:30 DEBUG 2824 --- [patient-registry] [restartedMain] o.apache.catalina.mapper.MapperListener  : Register host [localhost] at domain [null] for service [StandardService[Tomcat]]
2026-08-05T09:48:31.193+05:30 DEBUG 2824 --- [patient-registry] [restartedMain] o.s.b.f.s.DefaultListableBeanFactory     : Creating shared instance of singleton bean 'applicationTaskExecutor'
2026-08-05T09:48:31.194+05:30 DEBUG 2824 --- [patient-registry] [restartedMain] o.s.b.f.s.DefaultListableBeanFactory     : Creating shared instance of singleton bean 'org.springframework.boot.autoconfigure.task.TaskExecutorConfigurations$TaskExecutorConfiguration'
2026-08-05T09:48:31.195+05:30 DEBUG 2824 --- [patient-registry] [restartedMain] o.s.b.f.s.DefaultListableBeanFactory     : Creating shared instance of singleton bean 'threadPoolTaskExecutorBuilder'
2026-08-05T09:48:31.195+05:30 DEBUG 2824 --- [patient-registry] [restartedMain] o.s.b.f.s.DefaultListableBeanFactory     : Creating shared instance of singleton bean 'org.springframework.boot.autoconfigure.task.TaskExecutorConfigurations$ThreadPoolTaskExecutorBuilderConfiguration'
2026-08-05T09:48:31.196+05:30 DEBUG 2824 --- [patient-registry] [restartedMain] o.s.b.f.s.DefaultListableBeanFactory     : Creating shared instance of singleton bean 'spring.task.execution-org.springframework.boot.autoconfigure.task.TaskExecutionProperties'
2026-08-05T09:48:31.198+05:30 DEBUG 2824 --- [patient-registry] [restartedMain] o.s.b.f.s.DefaultListableBeanFactory     : Autowiring by type from bean name 'threadPoolTaskExecutorBuilder' via factory method to bean named 'spring.task.execution-org.springframework.boot.autoconfigure.task.TaskExecutionProperties'
2026-08-05T09:48:31.199+05:30 DEBUG 2824 --- [patient-registry] [restartedMain] o.s.b.f.s.DefaultListableBeanFactory     : Autowiring by type from bean name 'applicationTaskExecutor' via factory method to bean named 'threadPoolTaskExecutorBuilder'
2026-08-05T09:48:31.200+05:30 DEBUG 2824 --- [patient-registry] [restartedMain] o.s.s.concurrent.ThreadPoolTaskExecutor  : Initializing ExecutorService 'applicationTaskExecutor'
2026-08-05T09:48:31.203+05:30 DEBUG 2824 --- [patient-registry] [restartedMain] o.s.b.f.s.DefaultListableBeanFactory     : Creating shared instance of singleton bean 'inMemoryDatabaseShutdownExecutor'
2026-08-05T09:48:31.204+05:30 DEBUG 2824 --- [patient-registry] [restartedMain] o.s.b.f.s.DefaultListableBeanFactory     : Creating shared instance of singleton bean 'org.springframework.boot.devtools.autoconfigure.DevToolsDataSourceAutoConfiguration'
2026-08-05T09:48:31.205+05:30 DEBUG 2824 --- [patient-registry] [restartedMain] o.s.b.f.s.DefaultListableBeanFactory     : Creating shared instance of singleton bean 'dataSource'
2026-08-05T09:48:31.205+05:30 DEBUG 2824 --- [patient-registry] [restartedMain] o.s.b.f.s.DefaultListableBeanFactory     : Creating shared instance of singleton bean 'org.springframework.boot.jdbc.autoconfigure.DataSourceConfiguration$Hikari'
2026-08-05T09:48:31.206+05:30 DEBUG 2824 --- [patient-registry] [restartedMain] o.s.b.f.s.DefaultListableBeanFactory     : Creating shared instance of singleton bean 'spring.datasource-org.springframework.boot.jdbc.autoconfigure.DataSourceProperties'
2026-08-05T09:48:31.210+05:30 DEBUG 2824 --- [patient-registry] [restartedMain] o.s.b.f.s.DefaultListableBeanFactory     : Creating shared instance of singleton bean 'jdbcConnectionDetails'
2026-08-05T09:48:31.210+05:30 DEBUG 2824 --- [patient-registry] [restartedMain] o.s.b.f.s.DefaultListableBeanFactory     : Creating shared instance of singleton bean 'org.springframework.boot.jdbc.autoconfigure.DataSourceAutoConfiguration$PooledDataSourceConfiguration'
2026-08-05T09:48:31.211+05:30 DEBUG 2824 --- [patient-registry] [restartedMain] o.s.b.f.s.DefaultListableBeanFactory     : Autowiring by type from bean name 'jdbcConnectionDetails' via factory method to bean named 'spring.datasource-org.springframework.boot.jdbc.autoconfigure.DataSourceProperties'
2026-08-05T09:48:31.212+05:30 DEBUG 2824 --- [patient-registry] [restartedMain] o.s.b.f.s.DefaultListableBeanFactory     : Autowiring by type from bean name 'dataSource' via factory method to bean named 'spring.datasource-org.springframework.boot.jdbc.autoconfigure.DataSourceProperties'
2026-08-05T09:48:31.212+05:30 DEBUG 2824 --- [patient-registry] [restartedMain] o.s.b.f.s.DefaultListableBeanFactory     : Autowiring by type from bean name 'dataSource' via factory method to bean named 'jdbcConnectionDetails'
2026-08-05T09:48:31.212+05:30 DEBUG 2824 --- [patient-registry] [restartedMain] o.s.b.f.s.DefaultListableBeanFactory     : Autowiring by type from bean name 'dataSource' via factory method to bean named 'environment'
2026-08-05T09:48:31.213+05:30 DEBUG 2824 --- [patient-registry] [restartedMain] com.zaxxer.hikari.util.UtilityElf        : Class oracle.jdbc.driver.OracleDriver found in Thread context class loader org.springframework.boot.devtools.restart.classloader.RestartClassLoader@3397b250
2026-08-05T09:48:31.220+05:30 DEBUG 2824 --- [patient-registry] [restartedMain] o.s.b.f.s.DefaultListableBeanFactory     : Autowiring by type from bean name 'inMemoryDatabaseShutdownExecutor' via factory method to bean named 'dataSource'
2026-08-05T09:48:31.220+05:30 DEBUG 2824 --- [patient-registry] [restartedMain] o.s.b.f.s.DefaultListableBeanFactory     : Autowiring by type from bean name 'inMemoryDatabaseShutdownExecutor' via factory method to bean named 'spring.datasource-org.springframework.boot.jdbc.autoconfigure.DataSourceProperties'
2026-08-05T09:48:31.220+05:30 DEBUG 2824 --- [patient-registry] [restartedMain] o.s.b.f.s.DefaultListableBeanFactory     : Creating shared instance of singleton bean 'dataSourceScriptDatabaseInitializer'
2026-08-05T09:48:31.221+05:30 DEBUG 2824 --- [patient-registry] [restartedMain] o.s.b.f.s.DefaultListableBeanFactory     : Creating shared instance of singleton bean 'org.springframework.boot.jdbc.autoconfigure.DataSourceInitializationAutoConfiguration'
2026-08-05T09:48:31.222+05:30 DEBUG 2824 --- [patient-registry] [restartedMain] o.s.b.f.s.DefaultListableBeanFactory     : Creating shared instance of singleton bean 'spring.sql.init-org.springframework.boot.sql.autoconfigure.init.SqlInitializationProperties'
2026-08-05T09:48:31.224+05:30 DEBUG 2824 --- [patient-registry] [restartedMain] o.s.b.f.s.DefaultListableBeanFactory     : Autowiring by type from bean name 'dataSourceScriptDatabaseInitializer' via factory method to bean named 'dataSource'
2026-08-05T09:48:31.224+05:30 DEBUG 2824 --- [patient-registry] [restartedMain] o.s.b.f.s.DefaultListableBeanFactory     : Autowiring by type from bean name 'dataSourceScriptDatabaseInitializer' via factory method to bean named 'spring.sql.init-org.springframework.boot.sql.autoconfigure.init.SqlInitializationProperties'
2026-08-05T09:48:31.225+05:30 DEBUG 2824 --- [patient-registry] [restartedMain] o.s.b.f.s.DefaultListableBeanFactory     : Creating shared instance of singleton bean 'entityManagerFactory'
2026-08-05T09:48:31.226+05:30 DEBUG 2824 --- [patient-registry] [restartedMain] o.s.b.f.s.DefaultListableBeanFactory     : Creating shared instance of singleton bean 'org.springframework.boot.hibernate.autoconfigure.HibernateJpaConfiguration'
2026-08-05T09:48:31.227+05:30 DEBUG 2824 --- [patient-registry] [restartedMain] o.s.b.f.s.DefaultListableBeanFactory     : Creating shared instance of singleton bean 'spring.jpa-org.springframework.boot.jpa.autoconfigure.JpaProperties'
2026-08-05T09:48:31.230+05:30 DEBUG 2824 --- [patient-registry] [restartedMain] o.s.b.f.s.DefaultListableBeanFactory     : Creating shared instance of singleton bean 'spring.jpa.hibernate-org.springframework.boot.hibernate.autoconfigure.HibernateProperties'
2026-08-05T09:48:31.231+05:30 DEBUG 2824 --- [patient-registry] [restartedMain] o.s.b.f.s.DefaultListableBeanFactory     : Autowiring by type from bean name 'org.springframework.boot.hibernate.autoconfigure.HibernateJpaConfiguration' via constructor to bean named 'dataSource'
2026-08-05T09:48:31.232+05:30 DEBUG 2824 --- [patient-registry] [restartedMain] o.s.b.f.s.DefaultListableBeanFactory     : Autowiring by type from bean name 'org.springframework.boot.hibernate.autoconfigure.HibernateJpaConfiguration' via constructor to bean named 'spring.jpa-org.springframework.boot.jpa.autoconfigure.JpaProperties'
2026-08-05T09:48:31.232+05:30 DEBUG 2824 --- [patient-registry] [restartedMain] o.s.b.f.s.DefaultListableBeanFactory     : Autowiring by type from bean name 'org.springframework.boot.hibernate.autoconfigure.HibernateJpaConfiguration' via constructor to bean named 'org.springframework.beans.factory.support.DefaultListableBeanFactory@3fb6f55a'
2026-08-05T09:48:31.232+05:30 DEBUG 2824 --- [patient-registry] [restartedMain] o.s.b.f.s.DefaultListableBeanFactory     : Autowiring by type from bean name 'org.springframework.boot.hibernate.autoconfigure.HibernateJpaConfiguration' via constructor to bean named 'spring.jpa.hibernate-org.springframework.boot.hibernate.autoconfigure.HibernateProperties'
2026-08-05T09:48:31.234+05:30 DEBUG 2824 --- [patient-registry] [restartedMain] o.s.b.f.s.DefaultListableBeanFactory     : Creating shared instance of singleton bean 'hikariPoolDataSourceMetadataProvider'
2026-08-05T09:48:31.234+05:30 DEBUG 2824 --- [patient-registry] [restartedMain] o.s.b.f.s.DefaultListableBeanFactory     : Creating shared instance of singleton bean 'org.springframework.boot.jdbc.autoconfigure.DataSourcePoolMetadataProvidersConfiguration$HikariPoolDataSourceMetadataProviderConfiguration'
2026-08-05T09:48:31.238+05:30 DEBUG 2824 --- [patient-registry] [restartedMain] o.s.b.f.s.DefaultListableBeanFactory     : Creating shared instance of singleton bean 'entityManagerFactoryBuilder'
2026-08-05T09:48:31.239+05:30 DEBUG 2824 --- [patient-registry] [restartedMain] o.s.b.f.s.DefaultListableBeanFactory     : Creating shared instance of singleton bean 'jpaVendorAdapter'
2026-08-05T09:48:31.240+05:30 DEBUG 2824 --- [patient-registry] [restartedMain] o.s.b.f.s.DefaultListableBeanFactory     : Autowiring by type from bean name 'entityManagerFactoryBuilder' via factory method to bean named 'jpaVendorAdapter'
2026-08-05T09:48:31.242+05:30 DEBUG 2824 --- [patient-registry] [restartedMain] o.s.b.f.s.DefaultListableBeanFactory     : Creating shared instance of singleton bean 'persistenceManagedTypes'
2026-08-05T09:48:31.243+05:30 DEBUG 2824 --- [patient-registry] [restartedMain] o.s.b.f.s.DefaultListableBeanFactory     : Autowiring by type from bean name 'persistenceManagedTypes' via factory method to bean named 'org.springframework.beans.factory.support.DefaultListableBeanFactory@3fb6f55a'
2026-08-05T09:48:31.243+05:30 DEBUG 2824 --- [patient-registry] [restartedMain] o.s.b.f.s.DefaultListableBeanFactory     : Autowiring by type from bean name 'persistenceManagedTypes' via factory method to bean named 'org.springframework.boot.web.server.servlet.context.AnnotationConfigServletWebServerApplicationContext@55b80cc4'
2026-08-05T09:48:31.248+05:30 DEBUG 2824 --- [patient-registry] [restartedMain] o.s.b.f.s.DefaultListableBeanFactory     : Autowiring by type from bean name 'entityManagerFactory' via factory method to bean named 'entityManagerFactoryBuilder'
2026-08-05T09:48:31.249+05:30 DEBUG 2824 --- [patient-registry] [restartedMain] o.s.b.f.s.DefaultListableBeanFactory     : Autowiring by type from bean name 'entityManagerFactory' via factory method to bean named 'persistenceManagedTypes'
2026-08-05T09:48:31.250+05:30 DEBUG 2824 --- [patient-registry] [restartedMain] j.LocalContainerEntityManagerFactoryBean : Building JPA container EntityManagerFactory for persistence unit 'default'
2026-08-05T09:48:31.251+05:30 DEBUG 2824 --- [patient-registry] [restartedMain] org.hibernate.orm.jpa                    : HHH008541: PersistenceUnitInfo [
	name: default
	persistence provider classname: null
	classloader: org.springframework.boot.devtools.restart.classloader.RestartClassLoader@3397b250
	excludeUnlistedClasses: true
	JTA datasource: null
	Non JTA datasource: HikariDataSource (null)
	Transaction type: RESOURCE_LOCAL
	PU root URL: file:/D:/CurrentRunningProgram/PremDev/SPRINGWEB/patient-registry/patient-registry/target/classes/
	Shared Cache Mode: UNSPECIFIED
	Validation Mode: AUTO
	Jar files URLs []
	Managed classes names [
		com.premit.patient_registry.entity.Patient]
	Mapping files names []
	Properties []
2026-08-05T09:48:31.252+05:30 DEBUG 2824 --- [patient-registry] [restartedMain] org.hibernate.orm.service                : HHH010455: Adding integrator: org.hibernate.boot.beanvalidation.BeanValidationIntegrator
2026-08-05T09:48:31.252+05:30 DEBUG 2824 --- [patient-registry] [restartedMain] org.hibernate.orm.service                : HHH010455: Adding integrator: org.hibernate.cache.internal.CollectionCacheInvalidator
2026-08-05T09:48:31.254+05:30 DEBUG 2824 --- [patient-registry] [restartedMain] o.s.o.jpa.hibernate.SpringBeanContainer  : Falling back to Hibernate's default producer after bean creation failure for interface org.hibernate.engine.jdbc.connections.spi.MultiTenantConnectionProvider: org.springframework.beans.factory.BeanCreationException: Error creating bean with name 'org.hibernate.engine.jdbc.connections.spi.MultiTenantConnectionProvider': Failed to instantiate [org.hibernate.engine.jdbc.connections.spi.MultiTenantConnectionProvider]: Specified class is an interface
2026-08-05T09:48:31.254+05:30 DEBUG 2824 --- [patient-registry] [restartedMain] org.hibernate.orm.cache                  : HHH90001031: Cannot default RegionFactory since no RegionFactory strategies were registered
2026-08-05T09:48:31.254+05:30 DEBUG 2824 --- [patient-registry] [restartedMain] org.hibernate.orm.cache                  : HHH90001029: Second-level cache disabled
2026-08-05T09:48:31.292+05:30  INFO 2824 --- [patient-registry] [restartedMain] o.s.o.j.p.SpringPersistenceUnitInfo      : No LoadTimeWeaver setup: ignoring JPA class transformer
2026-08-05T09:48:31.293+05:30 DEBUG 2824 --- [patient-registry] [restartedMain] com.zaxxer.hikari.HikariConfig           : HikariPool-2 - configuration:
2026-08-05T09:48:31.293+05:30 DEBUG 2824 --- [patient-registry] [restartedMain] com.zaxxer.hikari.HikariConfig           : allowPoolSuspension.............false
2026-08-05T09:48:31.293+05:30 DEBUG 2824 --- [patient-registry] [restartedMain] com.zaxxer.hikari.HikariConfig           : autoCommit......................true
2026-08-05T09:48:31.293+05:30 DEBUG 2824 --- [patient-registry] [restartedMain] com.zaxxer.hikari.HikariConfig           : catalog.........................none
2026-08-05T09:48:31.293+05:30 DEBUG 2824 --- [patient-registry] [restartedMain] com.zaxxer.hikari.HikariConfig           : connectionInitSql...............none
2026-08-05T09:48:31.294+05:30 DEBUG 2824 --- [patient-registry] [restartedMain] com.zaxxer.hikari.HikariConfig           : connectionTestQuery.............none
2026-08-05T09:48:31.294+05:30 DEBUG 2824 --- [patient-registry] [restartedMain] com.zaxxer.hikari.HikariConfig           : connectionTimeout...............30000
2026-08-05T09:48:31.294+05:30 DEBUG 2824 --- [patient-registry] [restartedMain] com.zaxxer.hikari.HikariConfig           : credentials.....................com.zaxxer.hikari.util.Credentials@604fda94
2026-08-05T09:48:31.294+05:30 DEBUG 2824 --- [patient-registry] [restartedMain] com.zaxxer.hikari.HikariConfig           : credentialsProvider.............none
2026-08-05T09:48:31.294+05:30 DEBUG 2824 --- [patient-registry] [restartedMain] com.zaxxer.hikari.HikariConfig           : credentialsProviderClassName....none
2026-08-05T09:48:31.294+05:30 DEBUG 2824 --- [patient-registry] [restartedMain] com.zaxxer.hikari.HikariConfig           : dataSource......................none
2026-08-05T09:48:31.294+05:30 DEBUG 2824 --- [patient-registry] [restartedMain] com.zaxxer.hikari.HikariConfig           : dataSourceClassName.............none
2026-08-05T09:48:31.294+05:30 DEBUG 2824 --- [patient-registry] [restartedMain] com.zaxxer.hikari.HikariConfig           : dataSourceJNDI..................none
2026-08-05T09:48:31.294+05:30 DEBUG 2824 --- [patient-registry] [restartedMain] com.zaxxer.hikari.HikariConfig           : dataSourceProperties............{password=<masked>}
2026-08-05T09:48:31.294+05:30 DEBUG 2824 --- [patient-registry] [restartedMain] com.zaxxer.hikari.HikariConfig           : driverClassName................."oracle.jdbc.driver.OracleDriver"
2026-08-05T09:48:31.294+05:30 DEBUG 2824 --- [patient-registry] [restartedMain] com.zaxxer.hikari.HikariConfig           : exceptionOverride...............none
2026-08-05T09:48:31.294+05:30 DEBUG 2824 --- [patient-registry] [restartedMain] com.zaxxer.hikari.HikariConfig           : exceptionOverrideClassName......none
2026-08-05T09:48:31.294+05:30 DEBUG 2824 --- [patient-registry] [restartedMain] com.zaxxer.hikari.HikariConfig           : healthCheckProperties...........{}
2026-08-05T09:48:31.295+05:30 DEBUG 2824 --- [patient-registry] [restartedMain] com.zaxxer.hikari.HikariConfig           : healthCheckRegistry.............none
2026-08-05T09:48:31.295+05:30 DEBUG 2824 --- [patient-registry] [restartedMain] com.zaxxer.hikari.HikariConfig           : idleTimeout.....................600000
2026-08-05T09:48:31.295+05:30 DEBUG 2824 --- [patient-registry] [restartedMain] com.zaxxer.hikari.HikariConfig           : initializationFailTimeout.......1
2026-08-05T09:48:31.295+05:30 DEBUG 2824 --- [patient-registry] [restartedMain] com.zaxxer.hikari.HikariConfig           : isolateInternalQueries..........false
2026-08-05T09:48:31.295+05:30 DEBUG 2824 --- [patient-registry] [restartedMain] com.zaxxer.hikari.HikariConfig           : jdbcUrl.........................jdbc:oracle:thin:@localhost:1521:orcl
2026-08-05T09:48:31.295+05:30 DEBUG 2824 --- [patient-registry] [restartedMain] com.zaxxer.hikari.HikariConfig           : keepaliveTime...................120000
2026-08-05T09:48:31.295+05:30 DEBUG 2824 --- [patient-registry] [restartedMain] com.zaxxer.hikari.HikariConfig           : leakDetectionThreshold..........0
2026-08-05T09:48:31.295+05:30 DEBUG 2824 --- [patient-registry] [restartedMain] com.zaxxer.hikari.HikariConfig           : maxLifetime.....................1800000
2026-08-05T09:48:31.295+05:30 DEBUG 2824 --- [patient-registry] [restartedMain] com.zaxxer.hikari.HikariConfig           : maximumPoolSize.................10
2026-08-05T09:48:31.295+05:30 DEBUG 2824 --- [patient-registry] [restartedMain] com.zaxxer.hikari.HikariConfig           : metricRegistry..................none
2026-08-05T09:48:31.295+05:30 DEBUG 2824 --- [patient-registry] [restartedMain] com.zaxxer.hikari.HikariConfig           : metricsTrackerFactory...........none
2026-08-05T09:48:31.295+05:30 DEBUG 2824 --- [patient-registry] [restartedMain] com.zaxxer.hikari.HikariConfig           : minimumIdle.....................10
2026-08-05T09:48:31.296+05:30 DEBUG 2824 --- [patient-registry] [restartedMain] com.zaxxer.hikari.HikariConfig           : password........................<masked>
2026-08-05T09:48:31.296+05:30 DEBUG 2824 --- [patient-registry] [restartedMain] com.zaxxer.hikari.HikariConfig           : poolName........................"HikariPool-2"
2026-08-05T09:48:31.296+05:30 DEBUG 2824 --- [patient-registry] [restartedMain] com.zaxxer.hikari.HikariConfig           : readOnly........................false
2026-08-05T09:48:31.296+05:30 DEBUG 2824 --- [patient-registry] [restartedMain] com.zaxxer.hikari.HikariConfig           : registerMbeans..................false
2026-08-05T09:48:31.296+05:30 DEBUG 2824 --- [patient-registry] [restartedMain] com.zaxxer.hikari.HikariConfig           : scheduledExecutor...............none
2026-08-05T09:48:31.296+05:30 DEBUG 2824 --- [patient-registry] [restartedMain] com.zaxxer.hikari.HikariConfig           : schema..........................none
2026-08-05T09:48:31.296+05:30 DEBUG 2824 --- [patient-registry] [restartedMain] com.zaxxer.hikari.HikariConfig           : threadFactory...................internal
2026-08-05T09:48:31.296+05:30 DEBUG 2824 --- [patient-registry] [restartedMain] com.zaxxer.hikari.HikariConfig           : transactionIsolation............default
2026-08-05T09:48:31.296+05:30 DEBUG 2824 --- [patient-registry] [restartedMain] com.zaxxer.hikari.HikariConfig           : username........................"c##premsai"
2026-08-05T09:48:31.296+05:30 DEBUG 2824 --- [patient-registry] [restartedMain] com.zaxxer.hikari.HikariConfig           : validationTimeout...............5000
2026-08-05T09:48:31.296+05:30  INFO 2824 --- [patient-registry] [restartedMain] com.zaxxer.hikari.HikariDataSource       : HikariPool-2 - Starting...
2026-08-05T09:48:31.296+05:30  WARN 2824 --- [patient-registry] [restartedMain] c.zaxxer.hikari.util.DriverDataSource    : Registered driver with driverClassName=oracle.jdbc.driver.OracleDriver was not found, trying direct instantiation.
2026-08-05T09:48:31.296+05:30 DEBUG 2824 --- [patient-registry] [restartedMain] c.zaxxer.hikari.util.DriverDataSource    : Driver class oracle.jdbc.driver.OracleDriver found in Thread context class loader org.springframework.boot.devtools.restart.classloader.RestartClassLoader@3397b250
2026-08-05T09:48:31.297+05:30 DEBUG 2824 --- [patient-registry] [restartedMain] com.zaxxer.hikari.pool.PoolBase          : HikariPool-2 - Attempting to create/setup new connection (25833f90-4108-4b95-a3c9-9656309a6c26)
2026-08-05T09:48:31.347+05:30 DEBUG 2824 --- [patient-registry] [restartedMain] com.zaxxer.hikari.pool.PoolBase          : HikariPool-2 - Established new connection (25833f90-4108-4b95-a3c9-9656309a6c26)
2026-08-05T09:48:31.348+05:30  INFO 2824 --- [patient-registry] [restartedMain] com.zaxxer.hikari.pool.HikariPool        : HikariPool-2 - Added connection oracle.jdbc.driver.T4CConnection@62fedbd8
2026-08-05T09:48:31.348+05:30  INFO 2824 --- [patient-registry] [restartedMain] com.zaxxer.hikari.HikariDataSource       : HikariPool-2 - Start completed.
2026-08-05T09:48:31.348+05:30 DEBUG 2824 --- [patient-registry] [restartedMain] org.hibernate.orm.jdbc                   : HHH100017: Database:
	name: Oracle
	version: Oracle Database 19c Enterprise Edition Release 19.0.0.0.0 - Production
Version 19.3.0.0.0
	major: 19
	minor: 3
2026-08-05T09:48:31.349+05:30 DEBUG 2824 --- [patient-registry] [restartedMain] org.hibernate.orm.jdbc                   : HHH100018: Driver:
	name: Oracle JDBC driver
	version: 23.9.0.25.07
	major: 23
	minor: 9
	JDBC version: 4.3
2026-08-05T09:48:31.352+05:30 DEBUG 2824 --- [patient-registry] [restartedMain] org.hibernate.orm.dialect                : HHH035001: Using dialect: org.hibernate.dialect.OracleDialect, version: 19.3
2026-08-05T09:48:31.355+05:30  WARN 2824 --- [patient-registry] [restartedMain] org.hibernate.orm.jdbc                   : HHH100123: Low default JDBC fetch size: 10 (consider setting 'hibernate.jdbc.fetch_size')
2026-08-05T09:48:31.355+05:30  INFO 2824 --- [patient-registry] [restartedMain] org.hibernate.orm.connections.pooling    : HHH10001005: Database info:
	Database JDBC URL [jdbc:oracle:thin:@localhost:1521:orcl]
	Database driver: Oracle JDBC driver
	Database dialect: OracleDialect
	Database version: 19.3
	Default catalog/schema: undefined/C##PREMSAI
	Autocommit mode: undefined/unknown
	Isolation level: READ_COMMITTED [default READ_COMMITTED]
	JDBC fetch size: 10
	Pool: DataSourceConnectionProvider
	Minimum pool size: undefined/unknown
	Maximum pool size: undefined/unknown
2026-08-05T09:48:31.366+05:30 DEBUG 2824 --- [patient-registry] [restartedMain] o.s.o.jpa.hibernate.SpringBeanContainer  : Falling back to Hibernate's default producer after bean creation failure for interface org.hibernate.context.spi.CurrentTenantIdentifierResolver: org.springframework.beans.factory.NoSuchBeanDefinitionException: No qualifying bean of type 'org.hibernate.context.spi.CurrentTenantIdentifierResolver<?>' available
2026-08-05T09:48:31.367+05:30 DEBUG 2824 --- [patient-registry] [restartedMain] o.s.o.jpa.hibernate.SpringBeanContainer  : Falling back to Hibernate's default producer after bean creation failure for interface org.hibernate.context.spi.TenantSchemaMapper: org.springframework.beans.factory.NoSuchBeanDefinitionException: No qualifying bean of type 'org.hibernate.context.spi.TenantSchemaMapper<?>' available
2026-08-05T09:48:31.381+05:30 DEBUG 2824 --- [patient-registry] [restartedMain] org.hibernate.orm.factory                : HHH90020001: Instantiating factory [2f72ba1c-9f68-4751-a3de-872937ccf9ad] with settings: {java.specification.version=17, sun.cpu.isalist=amd64, hibernate.resource.beans.container=org.springframework.orm.jpa.hibernate.SpringBeanContainer@3673b45, hibernate.connection.handling_mode=DELAYED_ACQUISITION_AND_HOLD, sun.jnu.encoding=Cp1252, hibernate.implicit_naming_strategy=org.springframework.boot.hibernate.SpringImplicitNamingStrategy, java.class.path=D:\CurrentRunningProgram\PremDev\SPRINGWEB\patient-registry\patient-registry\target\classes;C:\Users\mutha\.m2\repository\org\springframework\boot\spring-boot-starter-data-jpa\4.0.7\spring-boot-starter-data-jpa-4.0.7.jar;C:\Users\mutha\.m2\repository\org\springframework\boot\spring-boot-starter\4.0.7\spring-boot-starter-4.0.7.jar;C:\Users\mutha\.m2\repository\org\springframework\boot\spring-boot-starter-logging\4.0.7\spring-boot-starter-logging-4.0.7.jar;C:\Users\mutha\.m2\repository\ch\qos\logback\logback-classic\1.5.34\logback-classic-1.5.34.jar;C:\Users\mutha\.m2\repository\ch\qos\logback\logback-core\1.5.34\logback-core-1.5.34.jar;C:\Users\mutha\.m2\repository\org\apache\logging\log4j\log4j-to-slf4j\2.25.4\log4j-to-slf4j-2.25.4.jar;C:\Users\mutha\.m2\repository\org\apache\logging\log4j\log4j-api\2.25.4\log4j-api-2.25.4.jar;C:\Users\mutha\.m2\repository\org\slf4j\jul-to-slf4j\2.0.18\jul-to-slf4j-2.0.18.jar;C:\Users\mutha\.m2\repository\jakarta\annotation\jakarta.annotation-api\3.0.0\jakarta.annotation-api-3.0.0.jar;C:\Users\mutha\.m2\repository\org\yaml\snakeyaml\2.5\snakeyaml-2.5.jar;C:\Users\mutha\.m2\repository\org\springframework\boot\spring-boot-starter-jdbc\4.0.7\spring-boot-starter-jdbc-4.0.7.jar;C:\Users\mutha\.m2\repository\com\zaxxer\HikariCP\7.0.2\HikariCP-7.0.2.jar;C:\Users\mutha\.m2\repository\org\slf4j\slf4j-api\2.0.18\slf4j-api-2.0.18.jar;C:\Users\mutha\.m2\repository\org\springframework\boot\spring-boot-data-jpa\4.0.7\spring-boot-data-jpa-4.0.7.jar;C:\Users\mutha\.m2\repository\org\springframework\boot\spring-boot-data-commons\4.0.7\spring-boot-data-commons-4.0.7.jar;C:\Users\mutha\.m2\repository\org\springframework\boot\spring-boot-persistence\4.0.7\spring-boot-persistence-4.0.7.jar;C:\Users\mutha\.m2\repository\org\springframework\data\spring-data-commons\4.0.6\spring-data-commons-4.0.6.jar;C:\Users\mutha\.m2\repository\org\springframework\boot\spring-boot-hibernate\4.0.7\spring-boot-hibernate-4.0.7.jar;C:\Users\mutha\.m2\repository\org\springframework\boot\spring-boot-jpa\4.0.7\spring-boot-jpa-4.0.7.jar;C:\Users\mutha\.m2\repository\jakarta\persistence\jakarta.persistence-api\3.2.0\jakarta.persistence-api-3.2.0.jar;C:\Users\mutha\.m2\repository\org\hibernate\orm\hibernate-core\7.2.19.Final\hibernate-core-7.2.19.Final.jar;C:\Users\mutha\.m2\repository\jakarta\transaction\jakarta.transaction-api\2.0.1\jakarta.transaction-api-2.0.1.jar;C:\Users\mutha\.m2\repository\org\jboss\logging\jboss-logging\3.6.3.Final\jboss-logging-3.6.3.Final.jar;C:\Users\mutha\.m2\repository\org\hibernate\models\hibernate-models\1.0.1\hibernate-models-1.0.1.jar;C:\Users\mutha\.m2\repository\com\fasterxml\classmate\1.7.3\classmate-1.7.3.jar;C:\Users\mutha\.m2\repository\org\glassfish\jaxb\jaxb-runtime\4.0.9\jaxb-runtime-4.0.9.jar;C:\Users\mutha\.m2\repository\org\glassfish\jaxb\jaxb-core\4.0.9\jaxb-core-4.0.9.jar;C:\Users\mutha\.m2\repository\org\eclipse\angus\angus-activation\2.0.3\angus-activation-2.0.3.jar;C:\Users\mutha\.m2\repository\org\glassfish\jaxb\txw2\4.0.9\txw2-4.0.9.jar;C:\Users\mutha\.m2\repository\com\sun\istack\istack-commons-runtime\4.1.2\istack-commons-runtime-4.1.2.jar;C:\Users\mutha\.m2\repository\jakarta\inject\jakarta.inject-api\2.0.1\jakarta.inject-api-2.0.1.jar;C:\Users\mutha\.m2\repository\org\springframework\spring-orm\7.0.8\spring-orm-7.0.8.jar;C:\Users\mutha\.m2\repository\org\springframework\data\spring-data-jpa\4.0.6\spring-data-jpa-4.0.6.jar;C:\Users\mutha\.m2\repository\org\springframework\spring-aop\7.0.8\spring-aop-7.0.8.jar;C:\Users\mutha\.m2\repository\org\springframework\spring-tx\7.0.8\spring-tx-7.0.8.jar;C:\Users\mutha\.m2\repository\org\springframework\spring-beans\7.0.8\spring-beans-7.0.8.jar;C:\Users\mutha\.m2\repository\org\antlr\antlr4-runtime\4.13.2\antlr4-runtime-4.13.2.jar;C:\Users\mutha\.m2\repository\org\springframework\spring-aspects\7.0.8\spring-aspects-7.0.8.jar;C:\Users\mutha\.m2\repository\org\aspectj\aspectjweaver\1.9.25.1\aspectjweaver-1.9.25.1.jar;C:\Users\mutha\.m2\repository\org\springframework\boot\spring-boot-jdbc\4.0.7\spring-boot-jdbc-4.0.7.jar;C:\Users\mutha\.m2\repository\org\springframework\boot\spring-boot-sql\4.0.7\spring-boot-sql-4.0.7.jar;C:\Users\mutha\.m2\repository\org\springframework\boot\spring-boot-transaction\4.0.7\spring-boot-transaction-4.0.7.jar;C:\Users\mutha\.m2\repository\org\springframework\spring-jdbc\7.0.8\spring-jdbc-7.0.8.jar;C:\Users\mutha\.m2\repository\org\springframework\boot\spring-boot-starter-webmvc\4.0.7\spring-boot-starter-webmvc-4.0.7.jar;C:\Users\mutha\.m2\repository\org\springframework\boot\spring-boot-starter-jackson\4.0.7\spring-boot-starter-jackson-4.0.7.jar;C:\Users\mutha\.m2\repository\org\springframework\boot\spring-boot-jackson\4.0.7\spring-boot-jackson-4.0.7.jar;C:\Users\mutha\.m2\repository\tools\jackson\core\jackson-databind\3.1.4\jackson-databind-3.1.4.jar;C:\Users\mutha\.m2\repository\com\fasterxml\jackson\core\jackson-annotations\2.21\jackson-annotations-2.21.jar;C:\Users\mutha\.m2\repository\tools\jackson\core\jackson-core\3.1.4\jackson-core-3.1.4.jar;C:\Users\mutha\.m2\repository\org\springframework\boot\spring-boot-starter-tomcat\4.0.7\spring-boot-starter-tomcat-4.0.7.jar;C:\Users\mutha\.m2\repository\org\springframework\boot\spring-boot-starter-tomcat-runtime\4.0.7\spring-boot-starter-tomcat-runtime-4.0.7.jar;C:\Users\mutha\.m2\repository\org\apache\tomcat\embed\tomcat-embed-core\11.0.22\tomcat-embed-core-11.0.22.jar;C:\Users\mutha\.m2\repository\org\apache\tomcat\embed\tomcat-embed-el\11.0.22\tomcat-embed-el-11.0.22.jar;C:\Users\mutha\.m2\repository\org\apache\tomcat\embed\tomcat-embed-websocket\11.0.22\tomcat-embed-websocket-11.0.22.jar;C:\Users\mutha\.m2\repository\org\springframework\boot\spring-boot-tomcat\4.0.7\spring-boot-tomcat-4.0.7.jar;C:\Users\mutha\.m2\repository\org\springframework\boot\spring-boot-http-converter\4.0.7\spring-boot-http-converter-4.0.7.jar;C:\Users\mutha\.m2\repository\org\springframework\spring-web\7.0.8\spring-web-7.0.8.jar;C:\Users\mutha\.m2\repository\io\micrometer\micrometer-observation\1.16.6\micrometer-observation-1.16.6.jar;C:\Users\mutha\.m2\repository\io\micrometer\micrometer-commons\1.16.6\micrometer-commons-1.16.6.jar;C:\Users\mutha\.m2\repository\org\springframework\boot\spring-boot-webmvc\4.0.7\spring-boot-webmvc-4.0.7.jar;C:\Users\mutha\.m2\repository\org\springframework\boot\spring-boot-servlet\4.0.7\spring-boot-servlet-4.0.7.jar;C:\Users\mutha\.m2\repository\org\springframework\spring-webmvc\7.0.8\spring-webmvc-7.0.8.jar;C:\Users\mutha\.m2\repository\org\springframework\spring-expression\7.0.8\spring-expression-7.0.8.jar;C:\Users\mutha\.m2\repository\org\springdoc\springdoc-openapi-starter-webmvc-ui\3.0.2\springdoc-openapi-starter-webmvc-ui-3.0.2.jar;C:\Users\mutha\.m2\repository\org\springdoc\springdoc-openapi-starter-webmvc-api\3.0.2\springdoc-openapi-starter-webmvc-api-3.0.2.jar;C:\Users\mutha\.m2\repository\org\springdoc\springdoc-openapi-starter-common\3.0.2\springdoc-openapi-starter-common-3.0.2.jar;C:\Users\mutha\.m2\repository\org\springframework\boot\spring-boot-validation\4.0.7\spring-boot-validation-4.0.7.jar;C:\Users\mutha\.m2\repository\org\hibernate\validator\hibernate-validator\9.0.1.Final\hibernate-validator-9.0.1.Final.jar;C:\Users\mutha\.m2\repository\io\swagger\core\v3\swagger-core-jakarta\2.2.43\swagger-core-jakarta-2.2.43.jar;C:\Users\mutha\.m2\repository\org\apache\commons\commons-lang3\3.19.0\commons-lang3-3.19.0.jar;C:\Users\mutha\.m2\repository\io\swagger\core\v3\swagger-annotations-jakarta\2.2.43\swagger-annotations-jakarta-2.2.43.jar;C:\Users\mutha\.m2\repository\io\swagger\core\v3\swagger-models-jakarta\2.2.43\swagger-models-jakarta-2.2.43.jar;C:\Users\mutha\.m2\repository\jakarta\validation\jakarta.validation-api\3.1.1\jakarta.validation-api-3.1.1.jar;C:\Users\mutha\.m2\repository\com\fasterxml\jackson\core\jackson-databind\2.21.4\jackson-databind-2.21.4.jar;C:\Users\mutha\.m2\repository\com\fasterxml\jackson\core\jackson-core\2.21.4\jackson-core-2.21.4.jar;C:\Users\mutha\.m2\repository\com\fasterxml\jackson\dataformat\jackson-dataformat-yaml\2.21.4\jackson-dataformat-yaml-2.21.4.jar;C:\Users\mutha\.m2\repository\com\fasterxml\jackson\datatype\jackson-datatype-jsr310\2.21.4\jackson-datatype-jsr310-2.21.4.jar;C:\Users\mutha\.m2\repository\org\springframework\boot\spring-boot-web-server\4.0.7\spring-boot-web-server-4.0.7.jar;C:\Users\mutha\.m2\repository\org\webjars\swagger-ui\5.32.0\swagger-ui-5.32.0.jar;C:\Users\mutha\.m2\repository\org\webjars\webjars-locator-lite\1.1.3\webjars-locator-lite-1.1.3.jar;C:\Users\mutha\.m2\repository\org\jspecify\jspecify\1.0.0\jspecify-1.0.0.jar;C:\Users\mutha\.m2\repository\org\springframework\boot\spring-boot-devtools\4.0.7\spring-boot-devtools-4.0.7.jar;C:\Users\mutha\.m2\repository\org\springframework\boot\spring-boot\4.0.7\spring-boot-4.0.7.jar;C:\Users\mutha\.m2\repository\org\springframework\spring-core\7.0.8\spring-core-7.0.8.jar;C:\Users\mutha\.m2\repository\commons-logging\commons-logging\1.3.6\commons-logging-1.3.6.jar;C:\Users\mutha\.m2\repository\org\springframework\spring-context\7.0.8\spring-context-7.0.8.jar;C:\Users\mutha\.m2\repository\org\springframework\boot\spring-boot-autoconfigure\4.0.7\spring-boot-autoconfigure-4.0.7.jar;C:\Users\mutha\.m2\repository\com\oracle\database\jdbc\ojdbc11\23.9.0.25.07\ojdbc11-23.9.0.25.07.jar;C:\Users\mutha\.m2\repository\org\projectlombok\lombok\1.18.46\lombok-1.18.46.jar;C:\Users\mutha\.m2\repository\jakarta\xml\bind\jakarta.xml.bind-api\4.0.5\jakarta.xml.bind-api-4.0.5.jar;C:\Users\mutha\.m2\repository\jakarta\activation\jakarta.activation-api\2.1.4\jakarta.activation-api-2.1.4.jar;C:\Users\mutha\.m2\repository\net\bytebuddy\byte-buddy\1.17.8\byte-buddy-1.17.8.jar;C:\Users\mutha\.m2\repository\org\mapstruct\mapstruct\1.6.3\mapstruct-1.6.3.jar, java.vm.vendor=Oracle Corporation, sun.arch.data.model=64, user.variant=, java.vendor.url=https://java.oracle.com/, catalina.useNaming=false, user.timezone=Asia/Calcutta, jakarta.persistence.sharedCache.mode=UNSPECIFIED, org.jboss.logging.provider=slf4j, java.vm.specification.version=17, os.name=Windows 11, APPLICATION_NAME=patient-registry, jakarta.persistence.nonJtaDataSource=HikariDataSource (HikariPool-2), sun.java.launcher=SUN_STANDARD, user.country=IN, sun.boot.library.path=C:\Program Files\Java\jdk-17\bin, sun.java.command=com.premit.patient_registry.PatientRegistryApplication, javax.persistence.nonJtaDataSource=HikariDataSource (HikariPool-2), hibernate.transaction.jta.platform=org.hibernate.engine.transaction.jta.platform.internal.NoJtaPlatform@6502bf00, jdk.debug=release, sun.cpu.endian=little, hibernate.cdi.extensions=true, user.home=C:\Users\mutha, user.language=en, java.specification.vendor=Oracle Corporation, java.version.date=2023-07-18, java.home=C:\Program Files\Java\jdk-17, file.separator=\, java.vm.compressedOopsMode=Zero based, line.separator=
, hibernate.persistenceUnitName=default, java.vm.specification.vendor=Oracle Corporation, java.specification.name=Java Platform API Specification, FILE_LOG_CHARSET=UTF-8, hibernate.transaction.coordinator_class=class org.hibernate.resource.transaction.backend.jdbc.internal.JdbcResourceLocalTransactionCoordinatorBuilderImpl, java.awt.headless=true, jakarta.persistence.validation.mode=AUTO, user.script=, sun.management.compiler=HotSpot 64-Bit Tiered Compilers, java.runtime.version=17.0.8+9-LTS-211, user.name=mutha, path.separator=;, os.version=10.0, java.runtime.name=Java(TM) SE Runtime Environment, file.encoding=UTF-8, java.vm.name=Java HotSpot(TM) 64-Bit Server VM, hibernate.show_sql=true, java.vendor.url.bug=https://bugreport.java.com/bugreport/, java.io.tmpdir=C:\Users\mutha\AppData\Local\Temp\, catalina.home=C:\Users\mutha\AppData\Local\Temp\tomcat.9999.7466646131201132617, java.version=17.0.8, hibernate.physical_naming_strategy=org.hibernate.boot.model.naming.PhysicalNamingStrategySnakeCaseImpl, user.dir=D:\CurrentRunningProgram\PremDev\SPRINGWEB\patient-registry, os.arch=amd64, java.vm.specification.name=Java Virtual Machine Specification, PID=2824, sun.os.patch.level=, CONSOLE_LOG_CHARSET=UTF-8, catalina.base=C:\Users\mutha\AppData\Local\Temp\tomcat.9999.7466646131201132617, hibernate.boot.CfgXmlAccessService.key=org.hibernate.boot.registry.StandardServiceRegistryBuilder$1@4044f409, native.encoding=Cp1252, java.library.path=C:\Program Files\Java\jdk-17\bin;C:\WINDOWS\Sun\Java\bin;C:\WINDOWS\system32;C:\WINDOWS;C:\Program Files\Java\jdk-17\bin;C:\Program Files\Git\cmd;C:\Users\mutha\AppData\Local\Microsoft\WindowsApps;;C:\Users\mutha\AppData\Local\JetBrains\PyCharm Community Edition 2021.3.3\test pro\PyCharm Community Edition 2021.3.3\bin;;C:\Program Files\JetBrains\IntelliJ IDEA Community Edition 2025.2.5\bin;., java.vendor=Oracle Corporation, java.vm.info=mixed mode, sharing, java.vm.version=17.0.8+9-LTS-211, sun.io.unicode.encoding=UnicodeLittle, hibernate.archive.scanner=org.hibernate.boot.archive.scan.internal.DisabledScanner, hibernate.connection.datasource=HikariDataSource (HikariPool-2), java.class.version=61.0, LOGGED_APPLICATION_NAME=[patient-registry] }
2026-08-05T09:48:31.383+05:30 DEBUG 2824 --- [patient-registry] [restartedMain] o.h.v.i.xml.config.ValidationXmlParser   : Trying to load META-INF/validation.xml for XML based Validator configuration.
2026-08-05T09:48:31.383+05:30 DEBUG 2824 --- [patient-registry] [restartedMain] o.h.v.i.xml.config.ResourceLoaderHelper  : Trying to load META-INF/validation.xml via TCCL
2026-08-05T09:48:31.383+05:30 DEBUG 2824 --- [patient-registry] [restartedMain] o.h.v.i.xml.config.ResourceLoaderHelper  : Trying to load META-INF/validation.xml via Hibernate Validator's class loader
2026-08-05T09:48:31.383+05:30 DEBUG 2824 --- [patient-registry] [restartedMain] o.h.v.i.xml.config.ValidationXmlParser   : No META-INF/validation.xml found. Using annotation based configuration only.
2026-08-05T09:48:31.383+05:30 DEBUG 2824 --- [patient-registry] [restartedMain] o.h.v.i.e.resolver.TraversableResolvers  : Found jakarta.persistence.Persistence on classpath containing 'getPersistenceUtil'. Assuming Jakarta Persistence environment. Trying to instantiate Jakarta Persistence aware TraversableResolver
2026-08-05T09:48:31.384+05:30 DEBUG 2824 --- [patient-registry] [restartedMain] o.h.v.i.e.resolver.TraversableResolvers  : Instantiated Jakarta Persistence aware TraversableResolver of type org.hibernate.validator.internal.engine.resolver.JPATraversableResolver.
2026-08-05T09:48:31.384+05:30 DEBUG 2824 --- [patient-registry] [restartedMain] .h.v.m.ResourceBundleMessageInterpolator : Loaded expression factory via original TCCL
2026-08-05T09:48:31.385+05:30 DEBUG 2824 --- [patient-registry] [restartedMain] .i.e.ValidatorFactoryConfigurationHelper : HV000252: Using org.hibernate.validator.internal.engine.DefaultPropertyNodeNameProvider as property node name provider.
2026-08-05T09:48:31.386+05:30 DEBUG 2824 --- [patient-registry] [restartedMain] .i.e.ValidatorFactoryConfigurationHelper : HV000234: Using org.hibernate.validator.messageinterpolation.ResourceBundleMessageInterpolator as ValidatorFactory-scoped message interpolator.
2026-08-05T09:48:31.386+05:30 DEBUG 2824 --- [patient-registry] [restartedMain] .i.e.ValidatorFactoryConfigurationHelper : HV000234: Using org.hibernate.validator.internal.engine.resolver.JPATraversableResolver as ValidatorFactory-scoped traversable resolver.
2026-08-05T09:48:31.386+05:30 DEBUG 2824 --- [patient-registry] [restartedMain] .i.e.ValidatorFactoryConfigurationHelper : HV000234: Using org.hibernate.validator.internal.util.ExecutableParameterNameProvider as ValidatorFactory-scoped parameter name provider.
2026-08-05T09:48:31.386+05:30 DEBUG 2824 --- [patient-registry] [restartedMain] .i.e.ValidatorFactoryConfigurationHelper : HV000234: Using org.hibernate.validator.internal.engine.DefaultClockProvider as ValidatorFactory-scoped clock provider.
2026-08-05T09:48:31.386+05:30 DEBUG 2824 --- [patient-registry] [restartedMain] .i.e.ValidatorFactoryConfigurationHelper : HV000234: Using org.hibernate.validator.internal.engine.scripting.DefaultScriptEvaluatorFactory as ValidatorFactory-scoped script evaluator factory.
2026-08-05T09:48:31.392+05:30 DEBUG 2824 --- [patient-registry] [restartedMain] .h.t.s.s.SchemaManagementToolCoordinator : No schema actions specified for contributor 'orm'
2026-08-05T09:48:31.398+05:30 DEBUG 2824 --- [patient-registry] [restartedMain] org.hibernate.HQL_FUNCTIONS              : Available HQL Functions:
	abs(NUMERIC arg)
	Double acos(NUMERIC arg)
	add_months(DATE datetime, INTEGER months)
	Boolean any(BOOLEAN arg)
	array( ... )
	array_agg(arg)
	array_append( ... )
	array_concat( ... )
	Boolean array_contains(ARRAY haystackArray, OBJECT needleElementOrArray)
	Boolean array_contains_nullable(ARRAY haystackArray, OBJECT needleElementOrArray)
	array_fill(OBJECT element, INTEGER elementCount)
	array_fill_list(OBJECT element, INTEGER elementCount)
	array_get( ... )
	Boolean array_includes(ARRAY haystackArray, OBJECT needleArray)
	Boolean array_includes_nullable(ARRAY haystackArray, OBJECT needleArray)
	Boolean array_intersects(ARRAY array0, OBJECT array1)
	Boolean array_intersects_nullable(ARRAY array0, OBJECT array1)
	Integer array_length(ARRAY array)
	array_list( ... )
	Boolean array_overlaps(ARRAY array0, OBJECT array1)
	Boolean array_overlaps_nullable(ARRAY array0, OBJECT array1)
	Integer array_position(ARRAY array, OBJECT element[, INTEGER startPosition])
	int[] array_positions(ARRAY array, OBJECT element)
	List array_positions_list(ARRAY array, OBJECT element)
	array_prepend( ... )
	array_remove( ... )
	array_remove_index( ... )
	array_replace( ... )
	array_set( ... )
	array_slice( ... )
	String array_to_string( ... )
	array_trim( ... )
	Integer ascii(STRING arg)
	Double asin(NUMERIC arg)
	Double atan(NUMERIC arg)
	Double atan2(NUMERIC arg0, NUMERIC arg1)
	avg(arg)
	Integer bit_length(STRING_OR_CLOB arg)
	bitand(arg0, arg1)
	bitor(arg0, arg1)
	bitxor(arg0, arg1)
	cast(arg as Type)
	ceil(NUMERIC arg)
	ceiling(NUMERIC arg)
	Character char(INTEGER arg)
	Integer character_length(STRING_OR_CLOB arg)
	Character chr(INTEGER arg)
	coalesce(arg0[, arg1[, ...]])
	String collate(STRING string as COLLATION collation)
	String concat(STRING string0[, STRING string1[, ...]])
	Double corr(NUMERIC arg0, NUMERIC arg1)
	Double cos(NUMERIC arg)
	Double cosh(NUMERIC arg)
	Long count([distinct ]{arg|*})
	Double covar_pop(NUMERIC arg0, NUMERIC arg1)
	Double covar_samp(NUMERIC arg0, NUMERIC arg1)
	Double cume_dist([arg0[, ...]])
	Date current date
	Time current time
	Timestamp current timestamp
	Date current_date
	Instant current_instant
	Time current_time
	Timestamp current_timestamp
	dateadd(TEMPORAL_UNIT field, INTEGER magnitude, TEMPORAL datetime)
	Long|Double datediff(TEMPORAL_UNIT field, TEMPORAL start, TEMPORAL end)
	Double degrees(NUMERIC arg)
	Long dense_rank([arg0[, ...]])
	Boolean every(BOOLEAN arg)
	Double exp(NUMERIC arg)
	extract(TEMPORAL_UNIT field from TEMPORAL arg)
	first_valueANY value
	floor(NUMERIC arg)
	String format(TEMPORAL datetime as STRING pattern)
	greatest(COMPARABLE arg0, COMPARABLE arg1[, arg2[, ...]])
	String hex(arg)
	ifnull(arg0, arg1)
	String initcap(arg)
	Instant instant
	Integer instr(STRING string, STRING pattern[, INTEGER start[, INTEGER occurrence]])
	String json_array([arg0[, ...]])
	String json_array_append(IMPLICIT_JSON arg0, STRING arg1, ANY arg2)
	String json_array_insert(IMPLICIT_JSON arg0, STRING arg1, ANY arg2)
	String json_arrayagg(arg0[, arg1])
	Boolean json_exists(IMPLICIT_JSON arg0, STRING arg1)
	String json_insert(IMPLICIT_JSON arg0, STRING arg1, ANY arg2)
	String json_mergepatch(IMPLICIT_JSON arg0, IMPLICIT_JSON arg1[, arg2[, ...]])
	String json_object( ... )
	String json_objectagg(arg0, arg1[, arg2, arg3])
	String json_query( ... )
	String json_remove(IMPLICIT_JSON arg0, STRING arg1)
	String json_replace(IMPLICIT_JSON arg0, STRING arg1, ANY arg2)
	String json_set(IMPLICIT_JSON arg0, STRING arg1, ANY arg2)
	json_value( ... )
	lagANY value[, INTEGER offset[, ANY default]]
	Date last_day(DATE arg)
	last_valueANY value
	leadANY value[, INTEGER offset[, ANY default]]
	least(COMPARABLE arg0, COMPARABLE arg1[, arg2[, ...]])
	String left(STRING string, INTEGER length)
	length
	String listagg(STRING arg0, STRING arg1)
	Double ln(NUMERIC arg)
	LocalDate local date
	LocalDateTime local datetime
	LocalTime local time
	LocalDate local_date
	LocalDateTime local_datetime
	LocalTime local_time
	Integer locate(pattern, string[, start])
	Double log(NUMERIC arg0[, NUMERIC arg1])
	Double log10(NUMERIC arg)
	String lower(STRING string)
	String lpad(STRING string, INTEGER length[, STRING padding])
	String ltrim(STRING string[, STRING characters])
	max(COMPARABLE arg)
	byte[] md5(arg)
	Double median(NUMERIC arg)
	min(COMPARABLE arg)
	Integer mod(INTEGER arg0, INTEGER arg1)
	mode()
	Integer months_between(DATE end, DATE start)
	nth_valueANY value, INTEGER nth
	nullif(arg0, arg1)
	Integer octet_length(STRING_OR_CLOB arg)
	OffsetDateTime offset datetime
	OffsetDateTime offset_datetime
	Integer ordinal(ENUM arg)
	String overlay(STRING string placing STRING replacement from INTEGER start[ for INTEGER length])
	String pad(STRING string with INTEGER length {leading|trailing}[ STRING character])
	Double percent_rank([arg0[, ...]])
	percentile_cont(NUMERIC arg)
	percentile_disc(NUMERIC arg)
	Double pi
	Integer position(STRING pattern in STRING string)
	Double power(NUMERIC arg0, NUMERIC arg1)
	Double radians(NUMERIC arg)
	Long rank([arg0[, ...]])
	(STRING string, STRING pattern[, STRING flags])
	Double regr_avgx(NUMERIC arg0, NUMERIC arg1)
	Double regr_avgy(NUMERIC arg0, NUMERIC arg1)
	Double regr_count(NUMERIC arg0, NUMERIC arg1)
	Double regr_intercept(NUMERIC arg0, NUMERIC arg1)
	Double regr_r2(NUMERIC arg0, NUMERIC arg1)
	Double regr_slope(NUMERIC arg0, NUMERIC arg1)
	Double regr_sxx(NUMERIC arg0, NUMERIC arg1)
	Double regr_sxy(NUMERIC arg0, NUMERIC arg1)
	Double regr_syy(NUMERIC arg0, NUMERIC arg1)
	String repeat(STRING string, INTEGER times)
	String replace(STRING string, STRING pattern, STRING replacement)
	String right(STRING string, INTEGER length)
	round(NUMERIC number[, INTEGER places])
	Long row_number()
	Long rowid
	Long rownum
	String rpad(STRING string, INTEGER length[, STRING padding])
	String rtrim(STRING string[, STRING characters])
	byte[] sha(arg)
	Integer sign(NUMERIC arg)
	Double sin(NUMERIC arg)
	Double sinh(NUMERIC arg)
	String soundex(arg)
	sql
	Double sqrt(NUMERIC arg)
	Double stddev(NUMERIC arg)
	Double stddev_pop(NUMERIC arg)
	Double stddev_samp(NUMERIC arg)
	String str(arg)
	String string(ENUM arg)
	String substr(STRING string, INTEGER start[, INTEGER length])
	String substring(STRING string{ from|,} INTEGER start[{ for|,} INTEGER length])
	sum(arg)
	Timestamp sysdate
	Timestamp systimestamp
	Double tan(NUMERIC arg)
	Double tanh(NUMERIC arg)
	timestampadd(TEMPORAL_UNIT field, INTEGER magnitude, TEMPORAL datetime)
	Long|Double timestampdiff(TEMPORAL_UNIT field, TEMPORAL start, TEMPORAL end)
	String to_char(ANY arg0[, STRING arg1, STRING arg2])
	Date to_date(STRING arg0[, STRING arg1, STRING arg2])
	Double to_number(STRING arg0[, STRING arg1, STRING arg2])
	Timestamp to_timestamp(STRING arg0[, STRING arg1, STRING arg2])
	String translate(STRING arg0, STRING arg1, STRING arg2)
	String trim([[{leading|trailing|both} ][STRING arg0 ]from] STRING arg1)
	trunc( ... )
	truncate( ... )
	String upper(STRING string)
	Double var_pop(NUMERIC arg)
	Double var_samp(NUMERIC arg)
	Double variance(NUMERIC arg)
	String xmlagg( ... )
	String xmlcomment(STRING arg)
	String xmlconcat( ... )
	String xmlelement( ... )
	Boolean xmlexists( ... )
	String xmlforest( ... )
	String xmlpi( ... )
	String xmlquery( ... )

2026-08-05T09:48:31.426+05:30 DEBUG 2824 --- [patient-registry] [restartedMain] org.hibernate.orm.core                   : HHH000513: Unable to create the ReflectionOptimizer for [com.premit.patient_registry.entity.Patient]: private accessor [address]
2026-08-05T09:48:31.432+05:30  INFO 2824 --- [patient-registry] [restartedMain] org.hibernate.orm.core                   : HHH000489: No JTA platform available (set 'hibernate.transaction.jta.platform' to enable JTA platform integration)
2026-08-05T09:48:31.433+05:30 DEBUG 2824 --- [patient-registry] [restartedMain] org.hibernate.orm.service                : HHH010454: EventListenerRegistry access via ServiceRegistry is deprecated - use 'sessionFactory.getEventEngine().getListenerRegistry()' instead
2026-08-05T09:48:31.433+05:30 DEBUG 2824 --- [patient-registry] [restartedMain] .h.t.s.s.SchemaManagementToolCoordinator : No schema actions specified for contributor 'orm'
2026-08-05T09:48:31.433+05:30 DEBUG 2824 --- [patient-registry] [restartedMain] .h.t.s.s.SchemaManagementToolCoordinator : No schema management actions found
2026-08-05T09:48:31.433+05:30 DEBUG 2824 --- [patient-registry] [restartedMain] org.hibernate.orm.factoryRegistry        : HHH020384: Registering SessionFactory [2f72ba1c-9f68-4751-a3de-872937ccf9ad] (default)
2026-08-05T09:48:31.433+05:30  INFO 2824 --- [patient-registry] [restartedMain] j.LocalContainerEntityManagerFactoryBean : Initialized JPA EntityManagerFactory for persistence unit 'default'
2026-08-05T09:48:31.449+05:30 DEBUG 2824 --- [patient-registry] [HikariPool-2:housekeeper] com.zaxxer.hikari.pool.HikariPool        : HikariPool-2 - Pool stats (total=1/10, idle=1/10, active=0, waiting=0)
2026-08-05T09:48:31.450+05:30 DEBUG 2824 --- [patient-registry] [HikariPool-2:connection-adder] com.zaxxer.hikari.pool.PoolBase          : HikariPool-2 - Attempting to create/setup new connection (b57ae539-2a48-454f-ac39-37672261e059)
2026-08-05T09:48:31.463+05:30 DEBUG 2824 --- [patient-registry] [restartedMain] o.s.b.f.s.DefaultListableBeanFactory     : Creating shared instance of singleton bean 'patientRegistryApplication'
2026-08-05T09:48:31.463+05:30 DEBUG 2824 --- [patient-registry] [restartedMain] o.s.b.f.s.DefaultListableBeanFactory     : Creating shared instance of singleton bean 'patientController'
2026-08-05T09:48:31.467+05:30 DEBUG 2824 --- [patient-registry] [restartedMain] o.s.b.f.s.DefaultListableBeanFactory     : Creating shared instance of singleton bean 'patientServiceImpl'
2026-08-05T09:48:31.468+05:30 DEBUG 2824 --- [patient-registry] [restartedMain] o.s.b.f.s.DefaultListableBeanFactory     : Creating shared instance of singleton bean 'patientMapperImpl'
2026-08-05T09:48:31.470+05:30 DEBUG 2824 --- [patient-registry] [restartedMain] o.s.b.f.s.DefaultListableBeanFactory     : Creating shared instance of singleton bean 'patientRepository'
2026-08-05T09:48:31.474+05:30 DEBUG 2824 --- [patient-registry] [restartedMain] o.s.b.f.s.DefaultListableBeanFactory     : Creating shared instance of singleton bean 'jpa.named-queries#0'
2026-08-05T09:48:31.478+05:30 DEBUG 2824 --- [patient-registry] [restartedMain] o.s.b.f.s.DefaultListableBeanFactory     : Creating shared instance of singleton bean 'jpa.PatientRepository.fragments#0'
2026-08-05T09:48:31.479+05:30 DEBUG 2824 --- [patient-registry] [restartedMain] o.s.b.f.s.DefaultListableBeanFactory     : Creating shared instance of singleton bean 'jpaSharedEM_entityManagerFactory'
2026-08-05T09:48:31.493+05:30 DEBUG 2824 --- [patient-registry] [restartedMain] o.s.b.f.s.DefaultListableBeanFactory     : Creating shared instance of singleton bean 'jpaMappingContext'
2026-08-05T09:48:31.493+05:30 DEBUG 2824 --- [patient-registry] [restartedMain] .c.JpaMetamodelMappingContextFactoryBean : Initializing JpaMetamodelMappingContext…
2026-08-05T09:48:31.494+05:30 DEBUG 2824 --- [patient-registry] [restartedMain] .c.JpaMetamodelMappingContextFactoryBean : Finished initializing JpaMetamodelMappingContext
2026-08-05T09:48:31.499+05:30 DEBUG 2824 --- [patient-registry] [restartedMain] o.s.beans.CachedIntrospectionResults     : Not strongly caching class [com.premit.patient_registry.entity.Patient] because it is not cache-safe
2026-08-05T09:48:31.506+05:30 DEBUG 2824 --- [patient-registry] [restartedMain] o.s.d.r.c.s.RepositoryFactorySupport     : Initializing repository instance for com.premit.patient_registry.repository.PatientRepository…
2026-08-05T09:48:31.508+05:30 DEBUG 2824 --- [patient-registry] [HikariPool-2:connection-adder] com.zaxxer.hikari.pool.PoolBase          : HikariPool-2 - Established new connection (b57ae539-2a48-454f-ac39-37672261e059)
2026-08-05T09:48:31.508+05:30 DEBUG 2824 --- [patient-registry] [HikariPool-2:connection-adder] com.zaxxer.hikari.pool.HikariPool        : HikariPool-2 - Added connection oracle.jdbc.driver.T4CConnection@1f7d5d53
2026-08-05T09:48:31.513+05:30 DEBUG 2824 --- [patient-registry] [restartedMain] o.s.d.r.c.s.RepositoryFactorySupport     : Finished creation of repository instance for com.premit.patient_registry.repository.PatientRepository.
2026-08-05T09:48:31.515+05:30 DEBUG 2824 --- [patient-registry] [restartedMain] o.s.b.f.s.DefaultListableBeanFactory     : Creating shared instance of singleton bean 'globalExceptionHandler'
2026-08-05T09:48:31.516+05:30 DEBUG 2824 --- [patient-registry] [restartedMain] o.s.b.f.s.DefaultListableBeanFactory     : Creating shared instance of singleton bean 'org.springframework.boot.autoconfigure.context.PropertyPlaceholderAutoConfiguration'
2026-08-05T09:48:31.517+05:30 DEBUG 2824 --- [patient-registry] [restartedMain] o.s.b.f.s.DefaultListableBeanFactory     : Creating shared instance of singleton bean 'org.springframework.boot.webmvc.autoconfigure.DispatcherServletAutoConfiguration'
2026-08-05T09:48:31.518+05:30 DEBUG 2824 --- [patient-registry] [restartedMain] o.s.b.f.s.DefaultListableBeanFactory     : Creating shared instance of singleton bean 'org.springframework.boot.autoconfigure.task.TaskExecutorConfigurations$SimpleAsyncTaskExecutorBuilderConfiguration'
2026-08-05T09:48:31.519+05:30 DEBUG 2824 --- [patient-registry] [restartedMain] o.s.b.f.s.DefaultListableBeanFactory     : Autowiring by type from bean name 'org.springframework.boot.autoconfigure.task.TaskExecutorConfigurations$SimpleAsyncTaskExecutorBuilderConfiguration' via constructor to bean named 'spring.task.execution-org.springframework.boot.autoconfigure.task.TaskExecutionProperties'
2026-08-05T09:48:31.519+05:30 DEBUG 2824 --- [patient-registry] [restartedMain] o.s.b.f.s.DefaultListableBeanFactory     : Creating shared instance of singleton bean 'simpleAsyncTaskExecutorBuilder'
2026-08-05T09:48:31.520+05:30 DEBUG 2824 --- [patient-registry] [restartedMain] o.s.b.f.s.DefaultListableBeanFactory     : Creating shared instance of singleton bean 'org.springframework.boot.autoconfigure.task.TaskExecutorConfigurations$AsyncConfigurerConfiguration'
2026-08-05T09:48:31.520+05:30 DEBUG 2824 --- [patient-registry] [restartedMain] o.s.b.f.s.DefaultListableBeanFactory     : Creating shared instance of singleton bean 'applicationTaskExecutorAsyncConfigurer'
2026-08-05T09:48:31.520+05:30 DEBUG 2824 --- [patient-registry] [restartedMain] o.s.b.f.s.DefaultListableBeanFactory     : Autowiring by type from bean name 'applicationTaskExecutorAsyncConfigurer' via factory method to bean named 'org.springframework.beans.factory.support.DefaultListableBeanFactory@3fb6f55a'
2026-08-05T09:48:31.521+05:30 DEBUG 2824 --- [patient-registry] [restartedMain] o.s.b.f.s.DefaultListableBeanFactory     : Creating shared instance of singleton bean 'org.springframework.boot.autoconfigure.task.TaskExecutorConfigurations$BootstrapExecutorConfiguration'
2026-08-05T09:48:31.521+05:30 DEBUG 2824 --- [patient-registry] [restartedMain] o.s.b.f.s.DefaultListableBeanFactory     : Creating shared instance of singleton bean 'org.springframework.boot.autoconfigure.task.TaskExecutionAutoConfiguration'
2026-08-05T09:48:31.521+05:30 DEBUG 2824 --- [patient-registry] [restartedMain] o.s.b.f.s.DefaultListableBeanFactory     : Creating shared instance of singleton bean 'org.springframework.boot.validation.autoconfigure.ValidationAutoConfiguration'
2026-08-05T09:48:31.521+05:30 DEBUG 2824 --- [patient-registry] [restartedMain] o.s.b.f.s.DefaultListableBeanFactory     : Creating shared instance of singleton bean 'defaultValidator'
2026-08-05T09:48:31.522+05:30 DEBUG 2824 --- [patient-registry] [restartedMain] o.s.b.f.s.DefaultListableBeanFactory     : Autowiring by type from bean name 'defaultValidator' via factory method to bean named 'org.springframework.boot.web.server.servlet.context.AnnotationConfigServletWebServerApplicationContext@55b80cc4'
2026-08-05T09:48:31.522+05:30 DEBUG 2824 --- [patient-registry] [restartedMain] .h.v.m.ResourceBundleMessageInterpolator : Loaded expression factory via original TCCL
2026-08-05T09:48:31.522+05:30 DEBUG 2824 --- [patient-registry] [restartedMain] o.h.v.i.e.AbstractConfigurationImpl      : Setting custom MessageInterpolator of type org.springframework.validation.beanvalidation.LocaleContextMessageInterpolator
2026-08-05T09:48:31.522+05:30 DEBUG 2824 --- [patient-registry] [restartedMain] o.h.v.i.e.AbstractConfigurationImpl      : Setting custom ConstraintValidatorFactory of type org.springframework.validation.beanvalidation.SpringConstraintValidatorFactory
2026-08-05T09:48:31.523+05:30 DEBUG 2824 --- [patient-registry] [restartedMain] o.h.v.i.xml.config.ValidationXmlParser   : Trying to load META-INF/validation.xml for XML based Validator configuration.
2026-08-05T09:48:31.523+05:30 DEBUG 2824 --- [patient-registry] [restartedMain] o.h.v.i.xml.config.ResourceLoaderHelper  : Trying to load META-INF/validation.xml via user class loader
2026-08-05T09:48:31.523+05:30 DEBUG 2824 --- [patient-registry] [restartedMain] o.h.v.i.xml.config.ResourceLoaderHelper  : Trying to load META-INF/validation.xml via TCCL
2026-08-05T09:48:31.523+05:30 DEBUG 2824 --- [patient-registry] [restartedMain] o.h.v.i.xml.config.ResourceLoaderHelper  : Trying to load META-INF/validation.xml via Hibernate Validator's class loader
2026-08-05T09:48:31.523+05:30 DEBUG 2824 --- [patient-registry] [restartedMain] o.h.v.i.xml.config.ValidationXmlParser   : No META-INF/validation.xml found. Using annotation based configuration only.
2026-08-05T09:48:31.523+05:30 DEBUG 2824 --- [patient-registry] [restartedMain] o.h.v.i.e.resolver.TraversableResolvers  : Found jakarta.persistence.Persistence on classpath containing 'getPersistenceUtil'. Assuming Jakarta Persistence environment. Trying to instantiate Jakarta Persistence aware TraversableResolver
2026-08-05T09:48:31.523+05:30 DEBUG 2824 --- [patient-registry] [restartedMain] o.h.v.i.e.resolver.TraversableResolvers  : Instantiated Jakarta Persistence aware TraversableResolver of type org.hibernate.validator.internal.engine.resolver.JPATraversableResolver.
2026-08-05T09:48:31.524+05:30 DEBUG 2824 --- [patient-registry] [restartedMain] .i.e.ValidatorFactoryConfigurationHelper : HV000252: Using org.hibernate.validator.internal.engine.DefaultPropertyNodeNameProvider as property node name provider.
2026-08-05T09:48:31.525+05:30 DEBUG 2824 --- [patient-registry] [restartedMain] .i.e.ValidatorFactoryConfigurationHelper : HV000234: Using org.springframework.validation.beanvalidation.LocaleContextMessageInterpolator as ValidatorFactory-scoped message interpolator.
2026-08-05T09:48:31.525+05:30 DEBUG 2824 --- [patient-registry] [restartedMain] .i.e.ValidatorFactoryConfigurationHelper : HV000234: Using org.hibernate.validator.internal.engine.resolver.JPATraversableResolver as ValidatorFactory-scoped traversable resolver.
2026-08-05T09:48:31.525+05:30 DEBUG 2824 --- [patient-registry] [restartedMain] .i.e.ValidatorFactoryConfigurationHelper : HV000234: Using org.hibernate.validator.internal.util.ExecutableParameterNameProvider as ValidatorFactory-scoped parameter name provider.
2026-08-05T09:48:31.525+05:30 DEBUG 2824 --- [patient-registry] [restartedMain] .i.e.ValidatorFactoryConfigurationHelper : HV000234: Using org.hibernate.validator.internal.engine.DefaultClockProvider as ValidatorFactory-scoped clock provider.
2026-08-05T09:48:31.525+05:30 DEBUG 2824 --- [patient-registry] [restartedMain] .i.e.ValidatorFactoryConfigurationHelper : HV000234: Using org.hibernate.validator.internal.engine.scripting.DefaultScriptEvaluatorFactory as ValidatorFactory-scoped script evaluator factory.
2026-08-05T09:48:31.526+05:30 DEBUG 2824 --- [patient-registry] [restartedMain] o.s.b.f.s.DefaultListableBeanFactory     : Creating shared instance of singleton bean 'org.springframework.boot.webmvc.autoconfigure.error.ErrorMvcAutoConfiguration$WhitelabelErrorViewConfiguration'
2026-08-05T09:48:31.526+05:30 DEBUG 2824 --- [patient-registry] [restartedMain] o.s.b.f.s.DefaultListableBeanFactory     : Creating shared instance of singleton bean 'error'
2026-08-05T09:48:31.527+05:30 DEBUG 2824 --- [patient-registry] [restartedMain] o.s.b.f.s.DefaultListableBeanFactory     : Creating shared instance of singleton bean 'beanNameViewResolver'
2026-08-05T09:48:31.527+05:30 DEBUG 2824 --- [patient-registry] [restartedMain] o.s.b.f.s.DefaultListableBeanFactory     : Creating shared instance of singleton bean 'org.springframework.boot.webmvc.autoconfigure.error.ErrorMvcAutoConfiguration$DefaultErrorViewResolverConfiguration'
2026-08-05T09:48:31.527+05:30 DEBUG 2824 --- [patient-registry] [restartedMain] o.s.b.f.s.DefaultListableBeanFactory     : Autowiring by type from bean name 'org.springframework.boot.webmvc.autoconfigure.error.ErrorMvcAutoConfiguration$DefaultErrorViewResolverConfiguration' via constructor to bean named 'org.springframework.boot.web.server.servlet.context.AnnotationConfigServletWebServerApplicationContext@55b80cc4'
2026-08-05T09:48:31.528+05:30 DEBUG 2824 --- [patient-registry] [restartedMain] o.s.b.f.s.DefaultListableBeanFactory     : Autowiring by type from bean name 'org.springframework.boot.webmvc.autoconfigure.error.ErrorMvcAutoConfiguration$DefaultErrorViewResolverConfiguration' via constructor to bean named 'spring.web-org.springframework.boot.autoconfigure.web.WebProperties'
2026-08-05T09:48:31.528+05:30 DEBUG 2824 --- [patient-registry] [restartedMain] o.s.b.f.s.DefaultListableBeanFactory     : Creating shared instance of singleton bean 'conventionErrorViewResolver'
2026-08-05T09:48:31.528+05:30 DEBUG 2824 --- [patient-registry] [restartedMain] o.s.b.f.s.DefaultListableBeanFactory     : Creating shared instance of singleton bean 'errorAttributes'
2026-08-05T09:48:31.529+05:30 DEBUG 2824 --- [patient-registry] [restartedMain] o.s.b.f.s.DefaultListableBeanFactory     : Creating shared instance of singleton bean 'basicErrorController'
2026-08-05T09:48:31.529+05:30 DEBUG 2824 --- [patient-registry] [restartedMain] o.s.b.f.s.DefaultListableBeanFactory     : Autowiring by type from bean name 'basicErrorController' via factory method to bean named 'errorAttributes'
2026-08-05T09:48:31.530+05:30 DEBUG 2824 --- [patient-registry] [restartedMain] o.s.b.f.s.DefaultListableBeanFactory     : Creating shared instance of singleton bean 'org.springframework.boot.webmvc.autoconfigure.WebMvcAutoConfiguration$EnableWebMvcConfiguration'
2026-08-05T09:48:31.532+05:30 DEBUG 2824 --- [patient-registry] [restartedMain] o.s.b.f.s.DefaultListableBeanFactory     : Autowiring by type from bean name 'org.springframework.boot.webmvc.autoconfigure.WebMvcAutoConfiguration$EnableWebMvcConfiguration' via constructor to bean named 'spring.mvc-org.springframework.boot.webmvc.autoconfigure.WebMvcProperties'
2026-08-05T09:48:31.532+05:30 DEBUG 2824 --- [patient-registry] [restartedMain] o.s.b.f.s.DefaultListableBeanFactory     : Autowiring by type from bean name 'org.springframework.boot.webmvc.autoconfigure.WebMvcAutoConfiguration$EnableWebMvcConfiguration' via constructor to bean named 'spring.web-org.springframework.boot.autoconfigure.web.WebProperties'
2026-08-05T09:48:31.532+05:30 DEBUG 2824 --- [patient-registry] [restartedMain] o.s.b.f.s.DefaultListableBeanFactory     : Autowiring by type from bean name 'org.springframework.boot.webmvc.autoconfigure.WebMvcAutoConfiguration$EnableWebMvcConfiguration' via constructor to bean named 'org.springframework.beans.factory.support.DefaultListableBeanFactory@3fb6f55a'
2026-08-05T09:48:31.535+05:30 DEBUG 2824 --- [patient-registry] [restartedMain] o.s.b.f.s.DefaultListableBeanFactory     : Creating shared instance of singleton bean 'org.springframework.boot.webmvc.autoconfigure.WebMvcAutoConfiguration$WebMvcAutoConfigurationAdapter'
2026-08-05T09:48:31.538+05:30 DEBUG 2824 --- [patient-registry] [restartedMain] o.s.b.f.s.DefaultListableBeanFactory     : Autowiring by type from bean name 'org.springframework.boot.webmvc.autoconfigure.WebMvcAutoConfiguration$WebMvcAutoConfigurationAdapter' via constructor to bean named 'spring.web-org.springframework.boot.autoconfigure.web.WebProperties'
2026-08-05T09:48:31.538+05:30 DEBUG 2824 --- [patient-registry] [HikariPool-2:connection-adder] com.zaxxer.hikari.pool.HikariPool        : HikariPool-2 - After adding stats (total=2/10, idle=2/10, active=0, waiting=0)
2026-08-05T09:48:31.538+05:30 DEBUG 2824 --- [patient-registry] [restartedMain] o.s.b.f.s.DefaultListableBeanFactory     : Autowiring by type from bean name 'org.springframework.boot.webmvc.autoconfigure.WebMvcAutoConfiguration$WebMvcAutoConfigurationAdapter' via constructor to bean named 'spring.mvc-org.springframework.boot.webmvc.autoconfigure.WebMvcProperties'
2026-08-05T09:48:31.539+05:30 DEBUG 2824 --- [patient-registry] [HikariPool-2:connection-adder] com.zaxxer.hikari.pool.PoolBase          : HikariPool-2 - Attempting to create/setup new connection (3ca8de9b-df49-4170-b482-9d298c7b42c7)
2026-08-05T09:48:31.539+05:30 DEBUG 2824 --- [patient-registry] [restartedMain] o.s.b.f.s.DefaultListableBeanFactory     : Autowiring by type from bean name 'org.springframework.boot.webmvc.autoconfigure.WebMvcAutoConfiguration$WebMvcAutoConfigurationAdapter' via constructor to bean named 'org.springframework.beans.factory.support.DefaultListableBeanFactory@3fb6f55a'
2026-08-05T09:48:31.540+05:30 DEBUG 2824 --- [patient-registry] [restartedMain] o.s.b.f.s.DefaultListableBeanFactory     : Creating shared instance of singleton bean 'resourceHandlerRegistrationCustomizer'
2026-08-05T09:48:31.540+05:30 DEBUG 2824 --- [patient-registry] [restartedMain] o.s.b.f.s.DefaultListableBeanFactory     : Creating shared instance of singleton bean 'org.springframework.boot.webmvc.autoconfigure.WebMvcAutoConfiguration$ResourceChainCustomizerConfiguration'
2026-08-05T09:48:31.541+05:30 DEBUG 2824 --- [patient-registry] [restartedMain] o.s.b.f.s.DefaultListableBeanFactory     : Autowiring by type from bean name 'resourceHandlerRegistrationCustomizer' via factory method to bean named 'spring.web-org.springframework.boot.autoconfigure.web.WebProperties'
2026-08-05T09:48:31.542+05:30 DEBUG 2824 --- [patient-registry] [restartedMain] o.s.b.f.s.DefaultListableBeanFactory     : Creating shared instance of singleton bean 'swaggerWebMvcConfigurer'
2026-08-05T09:48:31.543+05:30 DEBUG 2824 --- [patient-registry] [restartedMain] o.s.b.f.s.DefaultListableBeanFactory     : Creating shared instance of singleton bean 'org.springdoc.webmvc.ui.SwaggerConfig'
2026-08-05T09:48:31.544+05:30 DEBUG 2824 --- [patient-registry] [restartedMain] o.s.b.f.s.DefaultListableBeanFactory     : Creating shared instance of singleton bean 'org.springdoc.core.properties.SwaggerUiConfigProperties'
2026-08-05T09:48:31.549+05:30 DEBUG 2824 --- [patient-registry] [restartedMain] o.s.b.f.s.DefaultListableBeanFactory     : Creating shared instance of singleton bean 'indexPageTransformer'
2026-08-05T09:48:31.550+05:30 DEBUG 2824 --- [patient-registry] [restartedMain] o.s.b.f.s.DefaultListableBeanFactory     : Creating shared instance of singleton bean 'org.springdoc.core.properties.SwaggerUiOAuthProperties'
2026-08-05T09:48:31.552+05:30 DEBUG 2824 --- [patient-registry] [restartedMain] o.s.b.f.s.DefaultListableBeanFactory     : Creating shared instance of singleton bean 'swaggerWelcome'
2026-08-05T09:48:31.553+05:30 DEBUG 2824 --- [patient-registry] [restartedMain] o.s.b.f.s.DefaultListableBeanFactory     : Creating shared instance of singleton bean 'org.springdoc.core.properties.SpringDocConfigProperties'
2026-08-05T09:48:31.558+05:30 DEBUG 2824 --- [patient-registry] [restartedMain] o.s.b.f.s.DefaultListableBeanFactory     : Autowiring by type from bean name 'swaggerWelcome' via factory method to bean named 'org.springdoc.core.properties.SwaggerUiConfigProperties'
2026-08-05T09:48:31.558+05:30 DEBUG 2824 --- [patient-registry] [restartedMain] o.s.b.f.s.DefaultListableBeanFactory     : Autowiring by type from bean name 'swaggerWelcome' via factory method to bean named 'org.springdoc.core.properties.SpringDocConfigProperties'
2026-08-05T09:48:31.562+05:30 DEBUG 2824 --- [patient-registry] [restartedMain] o.s.b.f.s.DefaultListableBeanFactory     : Creating shared instance of singleton bean 'springdocObjectMapperProvider'
2026-08-05T09:48:31.562+05:30 DEBUG 2824 --- [patient-registry] [restartedMain] o.s.b.f.s.DefaultListableBeanFactory     : Creating shared instance of singleton bean 'org.springdoc.core.configuration.SpringDocConfiguration'
2026-08-05T09:48:31.563+05:30 DEBUG 2824 --- [patient-registry] [restartedMain] o.s.b.f.s.DefaultListableBeanFactory     : Autowiring by type from bean name 'springdocObjectMapperProvider' via factory method to bean named 'org.springdoc.core.properties.SpringDocConfigProperties'
2026-08-05T09:48:31.564+05:30 DEBUG 2824 --- [patient-registry] [restartedMain] o.s.b.f.s.DefaultListableBeanFactory     : Autowiring by type from bean name 'indexPageTransformer' via factory method to bean named 'org.springdoc.core.properties.SwaggerUiConfigProperties'
2026-08-05T09:48:31.564+05:30 DEBUG 2824 --- [patient-registry] [restartedMain] o.s.b.f.s.DefaultListableBeanFactory     : Autowiring by type from bean name 'indexPageTransformer' via factory method to bean named 'org.springdoc.core.properties.SwaggerUiOAuthProperties'
2026-08-05T09:48:31.564+05:30 DEBUG 2824 --- [patient-registry] [restartedMain] o.s.b.f.s.DefaultListableBeanFactory     : Autowiring by type from bean name 'indexPageTransformer' via factory method to bean named 'swaggerWelcome'
2026-08-05T09:48:31.564+05:30 DEBUG 2824 --- [patient-registry] [restartedMain] o.s.b.f.s.DefaultListableBeanFactory     : Autowiring by type from bean name 'indexPageTransformer' via factory method to bean named 'springdocObjectMapperProvider'
2026-08-05T09:48:31.564+05:30 DEBUG 2824 --- [patient-registry] [restartedMain] o.s.b.f.s.DefaultListableBeanFactory     : Creating shared instance of singleton bean 'swaggerResourceResolver'
2026-08-05T09:48:31.565+05:30 DEBUG 2824 --- [patient-registry] [restartedMain] o.s.b.f.s.DefaultListableBeanFactory     : Autowiring by type from bean name 'swaggerResourceResolver' via factory method to bean named 'org.springdoc.core.properties.SwaggerUiConfigProperties'
2026-08-05T09:48:31.566+05:30 DEBUG 2824 --- [patient-registry] [restartedMain] o.s.b.f.s.DefaultListableBeanFactory     : Autowiring by type from bean name 'swaggerWebMvcConfigurer' via factory method to bean named 'org.springdoc.core.properties.SwaggerUiConfigProperties'
2026-08-05T09:48:31.566+05:30 DEBUG 2824 --- [patient-registry] [restartedMain] o.s.b.f.s.DefaultListableBeanFactory     : Autowiring by type from bean name 'swaggerWebMvcConfigurer' via factory method to bean named 'spring.web-org.springframework.boot.autoconfigure.web.WebProperties'
2026-08-05T09:48:31.566+05:30 DEBUG 2824 --- [patient-registry] [restartedMain] o.s.b.f.s.DefaultListableBeanFactory     : Autowiring by type from bean name 'swaggerWebMvcConfigurer' via factory method to bean named 'spring.mvc-org.springframework.boot.webmvc.autoconfigure.WebMvcProperties'
2026-08-05T09:48:31.566+05:30 DEBUG 2824 --- [patient-registry] [restartedMain] o.s.b.f.s.DefaultListableBeanFactory     : Autowiring by type from bean name 'swaggerWebMvcConfigurer' via factory method to bean named 'indexPageTransformer'
2026-08-05T09:48:31.566+05:30 DEBUG 2824 --- [patient-registry] [restartedMain] o.s.b.f.s.DefaultListableBeanFactory     : Autowiring by type from bean name 'swaggerWebMvcConfigurer' via factory method to bean named 'swaggerResourceResolver'
2026-08-05T09:48:31.566+05:30 DEBUG 2824 --- [patient-registry] [restartedMain] o.s.b.f.s.DefaultListableBeanFactory     : Autowiring by type from bean name 'swaggerWebMvcConfigurer' via factory method to bean named 'swaggerWelcome'
2026-08-05T09:48:31.567+05:30 DEBUG 2824 --- [patient-registry] [restartedMain] o.s.b.f.s.DefaultListableBeanFactory     : Creating shared instance of singleton bean 'org.springframework.data.web.config.SpringDataWebConfiguration'
2026-08-05T09:48:31.568+05:30 DEBUG 2824 --- [patient-registry] [restartedMain] o.s.b.f.s.DefaultListableBeanFactory     : Autowiring by type from bean name 'org.springframework.data.web.config.SpringDataWebConfiguration' via constructor to bean named 'org.springframework.boot.web.server.servlet.context.AnnotationConfigServletWebServerApplicationContext@55b80cc4'
2026-08-05T09:48:31.569+05:30 DEBUG 2824 --- [patient-registry] [restartedMain] o.s.b.f.s.DefaultListableBeanFactory     : Creating shared instance of singleton bean 'openEntityManagerInViewInterceptorConfigurer'
2026-08-05T09:48:31.569+05:30 DEBUG 2824 --- [patient-registry] [restartedMain] o.s.b.f.s.DefaultListableBeanFactory     : Creating shared instance of singleton bean 'org.springframework.boot.jpa.autoconfigure.JpaBaseConfiguration$JpaWebConfiguration'
2026-08-05T09:48:31.570+05:30 DEBUG 2824 --- [patient-registry] [restartedMain] o.s.b.f.s.DefaultListableBeanFactory     : Autowiring by type from bean name 'org.springframework.boot.jpa.autoconfigure.JpaBaseConfiguration$JpaWebConfiguration' via constructor to bean named 'spring.jpa-org.springframework.boot.jpa.autoconfigure.JpaProperties'
2026-08-05T09:48:31.570+05:30 DEBUG 2824 --- [patient-registry] [restartedMain] o.s.b.f.s.DefaultListableBeanFactory     : Creating shared instance of singleton bean 'openEntityManagerInViewInterceptor'
2026-08-05T09:48:31.570+05:30  WARN 2824 --- [patient-registry] [restartedMain] JpaBaseConfiguration$JpaWebConfiguration : spring.jpa.open-in-view is enabled by default. Therefore, database queries may be performed during view rendering. Explicitly configure spring.jpa.open-in-view to disable this warning
2026-08-05T09:48:31.571+05:30 DEBUG 2824 --- [patient-registry] [restartedMain] o.s.b.f.s.DefaultListableBeanFactory     : Autowiring by type from bean name 'openEntityManagerInViewInterceptorConfigurer' via factory method to bean named 'openEntityManagerInViewInterceptor'
2026-08-05T09:48:31.572+05:30 DEBUG 2824 --- [patient-registry] [restartedMain] o.s.b.f.s.DefaultListableBeanFactory     : Creating shared instance of singleton bean 'welcomePageHandlerMapping'
2026-08-05T09:48:31.573+05:30 DEBUG 2824 --- [patient-registry] [restartedMain] o.s.b.f.s.DefaultListableBeanFactory     : Creating shared instance of singleton bean 'mvcConversionService'
2026-08-05T09:48:31.575+05:30 DEBUG 2824 --- [patient-registry] [restartedMain] o.s.b.f.s.DefaultListableBeanFactory     : Creating shared instance of singleton bean 'mvcResourceUrlProvider'
2026-08-05T09:48:31.575+05:30 DEBUG 2824 --- [patient-registry] [restartedMain] o.s.b.f.s.DefaultListableBeanFactory     : Autowiring by type from bean name 'welcomePageHandlerMapping' via factory method to bean named 'org.springframework.boot.web.server.servlet.context.AnnotationConfigServletWebServerApplicationContext@55b80cc4'
2026-08-05T09:48:31.575+05:30 DEBUG 2824 --- [patient-registry] [restartedMain] o.s.b.f.s.DefaultListableBeanFactory     : Autowiring by type from bean name 'welcomePageHandlerMapping' via factory method to bean named 'mvcConversionService'
2026-08-05T09:48:31.575+05:30 DEBUG 2824 --- [patient-registry] [restartedMain] o.s.b.f.s.DefaultListableBeanFactory     : Autowiring by type from bean name 'welcomePageHandlerMapping' via factory method to bean named 'mvcResourceUrlProvider'
2026-08-05T09:48:31.577+05:30 DEBUG 2824 --- [patient-registry] [restartedMain] org.apache.catalina.webresources.Cache   : Increased cache size by [521] for item [org.apache.catalina.webresources.CachedResource@48b21152] at [/index.html] making total cache size [1052]
2026-08-05T09:48:31.579+05:30 DEBUG 2824 --- [patient-registry] [restartedMain] o.s.b.f.s.DefaultListableBeanFactory     : Creating shared instance of singleton bean 'welcomePageNotAcceptableHandlerMapping'
2026-08-05T09:48:31.579+05:30 DEBUG 2824 --- [patient-registry] [restartedMain] o.s.b.f.s.DefaultListableBeanFactory     : Autowiring by type from bean name 'welcomePageNotAcceptableHandlerMapping' via factory method to bean named 'org.springframework.boot.web.server.servlet.context.AnnotationConfigServletWebServerApplicationContext@55b80cc4'
2026-08-05T09:48:31.579+05:30 DEBUG 2824 --- [patient-registry] [restartedMain] o.s.b.f.s.DefaultListableBeanFactory     : Autowiring by type from bean name 'welcomePageNotAcceptableHandlerMapping' via factory method to bean named 'mvcConversionService'
2026-08-05T09:48:31.580+05:30 DEBUG 2824 --- [patient-registry] [restartedMain] o.s.b.f.s.DefaultListableBeanFactory     : Autowiring by type from bean name 'welcomePageNotAcceptableHandlerMapping' via factory method to bean named 'mvcResourceUrlProvider'
2026-08-05T09:48:31.583+05:30 DEBUG 2824 --- [patient-registry] [restartedMain] o.s.b.f.s.DefaultListableBeanFactory     : Creating shared instance of singleton bean 'localeResolver'
2026-08-05T09:48:31.584+05:30 DEBUG 2824 --- [patient-registry] [restartedMain] o.s.b.f.s.DefaultListableBeanFactory     : Creating shared instance of singleton bean 'flashMapManager'
2026-08-05T09:48:31.584+05:30 DEBUG 2824 --- [patient-registry] [restartedMain] o.s.b.f.s.DefaultListableBeanFactory     : Creating shared instance of singleton bean 'viewNameTranslator'
2026-08-05T09:48:31.585+05:30 DEBUG 2824 --- [patient-registry] [restartedMain] o.s.b.f.s.DefaultListableBeanFactory     : Creating shared instance of singleton bean 'mvcValidator'
2026-08-05T09:48:31.586+05:30 DEBUG 2824 --- [patient-registry] [restartedMain] o.s.b.f.s.DefaultListableBeanFactory     : Creating shared instance of singleton bean 'requestMappingHandlerMapping'
2026-08-05T09:48:31.586+05:30 DEBUG 2824 --- [patient-registry] [restartedMain] o.s.b.f.s.DefaultListableBeanFactory     : Creating shared instance of singleton bean 'mvcContentNegotiationManager'
2026-08-05T09:48:31.587+05:30 DEBUG 2824 --- [patient-registry] [restartedMain] o.s.b.f.s.DefaultListableBeanFactory     : Creating shared instance of singleton bean 'stringHttpMessageConvertersCustomizer'
2026-08-05T09:48:31.587+05:30 DEBUG 2824 --- [patient-registry] [restartedMain] o.s.b.f.s.DefaultListableBeanFactory     : Creating shared instance of singleton bean 'org.springframework.boot.http.converter.autoconfigure.HttpMessageConvertersAutoConfiguration$StringHttpMessageConverterConfiguration'
2026-08-05T09:48:31.587+05:30 DEBUG 2824 --- [patient-registry] [HikariPool-2:connection-adder] com.zaxxer.hikari.pool.PoolBase          : HikariPool-2 - Established new connection (3ca8de9b-df49-4170-b482-9d298c7b42c7)
2026-08-05T09:48:31.587+05:30 DEBUG 2824 --- [patient-registry] [HikariPool-2:connection-adder] com.zaxxer.hikari.pool.HikariPool        : HikariPool-2 - Added connection oracle.jdbc.driver.T4CConnection@263ae0e4
2026-08-05T09:48:31.588+05:30 DEBUG 2824 --- [patient-registry] [restartedMain] o.s.b.f.s.DefaultListableBeanFactory     : Creating shared instance of singleton bean 'spring.http.converters-org.springframework.boot.http.converter.autoconfigure.HttpMessageConvertersProperties'
2026-08-05T09:48:31.588+05:30 DEBUG 2824 --- [patient-registry] [restartedMain] o.s.b.f.s.DefaultListableBeanFactory     : Autowiring by type from bean name 'stringHttpMessageConvertersCustomizer' via factory method to bean named 'spring.http.converters-org.springframework.boot.http.converter.autoconfigure.HttpMessageConvertersProperties'
2026-08-05T09:48:31.589+05:30 DEBUG 2824 --- [patient-registry] [restartedMain] o.s.b.f.s.DefaultListableBeanFactory     : Creating shared instance of singleton bean 'jacksonJsonHttpMessageConvertersCustomizer'
2026-08-05T09:48:31.589+05:30 DEBUG 2824 --- [patient-registry] [restartedMain] o.s.b.f.s.DefaultListableBeanFactory     : Creating shared instance of singleton bean 'org.springframework.boot.http.converter.autoconfigure.JacksonHttpMessageConvertersConfiguration$JacksonJsonHttpMessageConverterConfiguration'
2026-08-05T09:48:31.589+05:30 DEBUG 2824 --- [patient-registry] [restartedMain] o.s.b.f.s.DefaultListableBeanFactory     : Creating shared instance of singleton bean 'jacksonJsonMapper'
2026-08-05T09:48:31.589+05:30 DEBUG 2824 --- [patient-registry] [restartedMain] o.s.b.f.s.DefaultListableBeanFactory     : Creating shared instance of singleton bean 'org.springframework.boot.jackson.autoconfigure.JacksonAutoConfiguration'
2026-08-05T09:48:31.591+05:30 DEBUG 2824 --- [patient-registry] [restartedMain] o.s.b.f.s.DefaultListableBeanFactory     : Creating shared instance of singleton bean 'problemDetailJsonMapperBuilderCustomizer'
2026-08-05T09:48:31.591+05:30 DEBUG 2824 --- [patient-registry] [restartedMain] o.s.b.f.s.DefaultListableBeanFactory     : Creating shared instance of singleton bean 'org.springframework.boot.jackson.autoconfigure.JacksonAutoConfiguration$JsonProblemDetailsConfiguration'
2026-08-05T09:48:31.591+05:30 DEBUG 2824 --- [patient-registry] [restartedMain] o.s.b.f.s.DefaultListableBeanFactory     : Creating shared instance of singleton bean 'standardJsonMapperBuilderCustomizer'
2026-08-05T09:48:31.592+05:30 DEBUG 2824 --- [patient-registry] [restartedMain] o.s.b.f.s.DefaultListableBeanFactory     : Creating shared instance of singleton bean 'org.springframework.boot.jackson.autoconfigure.JacksonAutoConfiguration$JacksonJsonMapperBuilderCustomizerConfiguration'
2026-08-05T09:48:31.592+05:30 DEBUG 2824 --- [patient-registry] [restartedMain] o.s.b.f.s.DefaultListableBeanFactory     : Creating shared instance of singleton bean 'spring.jackson-org.springframework.boot.jackson.autoconfigure.JacksonProperties'
2026-08-05T09:48:31.594+05:30 DEBUG 2824 --- [patient-registry] [restartedMain] o.s.b.f.s.DefaultListableBeanFactory     : Autowiring by type from bean name 'standardJsonMapperBuilderCustomizer' via factory method to bean named 'spring.jackson-org.springframework.boot.jackson.autoconfigure.JacksonProperties'
2026-08-05T09:48:31.594+05:30 DEBUG 2824 --- [patient-registry] [restartedMain] o.s.b.f.s.DefaultListableBeanFactory     : Creating shared instance of singleton bean 'jackson3GeoModule'
2026-08-05T09:48:31.594+05:30 DEBUG 2824 --- [patient-registry] [restartedMain] o.s.b.f.s.DefaultListableBeanFactory     : Creating shared instance of singleton bean 'org.springframework.data.web.config.SpringDataJackson3Configuration'
2026-08-05T09:48:31.595+05:30 DEBUG 2824 --- [patient-registry] [restartedMain] o.s.b.f.s.DefaultListableBeanFactory     : Creating shared instance of singleton bean 'springDataWebSettings'
2026-08-05T09:48:31.595+05:30 DEBUG 2824 --- [patient-registry] [restartedMain] o.s.b.f.s.DefaultListableBeanFactory     : Creating shared instance of singleton bean 'org.springframework.boot.data.autoconfigure.web.DataWebAutoConfiguration'
2026-08-05T09:48:31.595+05:30 DEBUG 2824 --- [patient-registry] [restartedMain] o.s.b.f.s.DefaultListableBeanFactory     : Creating shared instance of singleton bean 'spring.data.web-org.springframework.boot.data.autoconfigure.web.DataWebProperties'
2026-08-05T09:48:31.596+05:30 DEBUG 2824 --- [patient-registry] [restartedMain] o.s.b.f.s.DefaultListableBeanFactory     : Autowiring by type from bean name 'org.springframework.boot.data.autoconfigure.web.DataWebAutoConfiguration' via constructor to bean named 'spring.data.web-org.springframework.boot.data.autoconfigure.web.DataWebProperties'
2026-08-05T09:48:31.597+05:30 DEBUG 2824 --- [patient-registry] [restartedMain] o.s.b.f.s.DefaultListableBeanFactory     : Creating shared instance of singleton bean 'jackson3pageModule'
2026-08-05T09:48:31.598+05:30 DEBUG 2824 --- [patient-registry] [restartedMain] o.s.b.f.s.DefaultListableBeanFactory     : Creating shared instance of singleton bean 'jacksonMixinModule'
2026-08-05T09:48:31.598+05:30 DEBUG 2824 --- [patient-registry] [restartedMain] o.s.b.f.s.DefaultListableBeanFactory     : Creating shared instance of singleton bean 'org.springframework.boot.jackson.autoconfigure.JacksonAutoConfiguration$JacksonMixinConfiguration'
2026-08-05T09:48:31.598+05:30 DEBUG 2824 --- [patient-registry] [restartedMain] o.s.b.f.s.DefaultListableBeanFactory     : Creating shared instance of singleton bean 'jacksonMixinModuleEntries'
2026-08-05T09:48:31.599+05:30 DEBUG 2824 --- [patient-registry] [restartedMain] o.s.b.f.s.DefaultListableBeanFactory     : Autowiring by type from bean name 'jacksonMixinModuleEntries' via factory method to bean named 'org.springframework.boot.web.server.servlet.context.AnnotationConfigServletWebServerApplicationContext@55b80cc4'
2026-08-05T09:48:31.602+05:30 DEBUG 2824 --- [patient-registry] [restartedMain] o.s.b.f.s.DefaultListableBeanFactory     : Autowiring by type from bean name 'jacksonMixinModule' via factory method to bean named 'org.springframework.boot.web.server.servlet.context.AnnotationConfigServletWebServerApplicationContext@55b80cc4'
2026-08-05T09:48:31.602+05:30 DEBUG 2824 --- [patient-registry] [restartedMain] o.s.b.f.s.DefaultListableBeanFactory     : Autowiring by type from bean name 'jacksonMixinModule' via factory method to bean named 'jacksonMixinModuleEntries'
2026-08-05T09:48:31.602+05:30 DEBUG 2824 --- [patient-registry] [restartedMain] o.s.b.f.s.DefaultListableBeanFactory     : Creating shared instance of singleton bean 'jsonComponentModule'
2026-08-05T09:48:31.605+05:30 DEBUG 2824 --- [patient-registry] [restartedMain] o.s.b.f.s.DefaultListableBeanFactory     : Autowiring by type from bean name 'jsonMapperBuilder' via factory method to bean named 'problemDetailJsonMapperBuilderCustomizer'
2026-08-05T09:48:31.605+05:30 DEBUG 2824 --- [patient-registry] [restartedMain] o.s.b.f.s.DefaultListableBeanFactory     : Autowiring by type from bean name 'jsonMapperBuilder' via factory method to bean named 'standardJsonMapperBuilderCustomizer'
2026-08-05T09:48:31.606+05:30 DEBUG 2824 --- [patient-registry] [restartedMain] o.s.b.f.s.DefaultListableBeanFactory     : Autowiring by type from bean name 'jacksonJsonMapper' via factory method to bean named 'jsonMapperBuilder'
2026-08-05T09:48:31.608+05:30 DEBUG 2824 --- [patient-registry] [restartedMain] o.s.b.f.s.DefaultListableBeanFactory     : Autowiring by type from bean name 'jacksonJsonHttpMessageConvertersCustomizer' via factory method to bean named 'jacksonJsonMapper'
2026-08-05T09:48:31.609+05:30 DEBUG 2824 --- [patient-registry] [restartedMain] o.s.b.f.s.DefaultListableBeanFactory     : Creating shared instance of singleton bean 'serverConvertersCustomizer'
2026-08-05T09:48:31.609+05:30 DEBUG 2824 --- [patient-registry] [restartedMain] o.s.b.f.s.DefaultListableBeanFactory     : Creating shared instance of singleton bean 'org.springframework.boot.http.converter.autoconfigure.HttpMessageConvertersAutoConfiguration'
2026-08-05T09:48:31.613+05:30 DEBUG 2824 --- [patient-registry] [restartedMain] o.s.b.f.s.DefaultListableBeanFactory     : Creating shared instance of singleton bean 'mvcApiVersionStrategy'
2026-08-05T09:48:31.615+05:30 DEBUG 2824 --- [patient-registry] [restartedMain] o.s.b.f.s.DefaultListableBeanFactory     : Autowiring by type from bean name 'requestMappingHandlerMapping' via factory method to bean named 'mvcContentNegotiationManager'
2026-08-05T09:48:31.615+05:30 DEBUG 2824 --- [patient-registry] [restartedMain] o.s.b.f.s.DefaultListableBeanFactory     : Autowiring by type from bean name 'requestMappingHandlerMapping' via factory method to bean named 'mvcApiVersionStrategy'
2026-08-05T09:48:31.616+05:30 DEBUG 2824 --- [patient-registry] [restartedMain] o.s.b.f.s.DefaultListableBeanFactory     : Autowiring by type from bean name 'requestMappingHandlerMapping' via factory method to bean named 'mvcConversionService'
2026-08-05T09:48:31.616+05:30 DEBUG 2824 --- [patient-registry] [restartedMain] o.s.b.f.s.DefaultListableBeanFactory     : Autowiring by type from bean name 'requestMappingHandlerMapping' via factory method to bean named 'mvcResourceUrlProvider'
2026-08-05T09:48:31.617+05:30 DEBUG 2824 --- [patient-registry] [restartedMain] _.s.web.servlet.HandlerMapping.Mappings  : 
	c.p.p.c.PatientController:
	{POST [/register]}: registerPatientDetails(PatientDTO)
2026-08-05T09:48:31.618+05:30 DEBUG 2824 --- [patient-registry] [HikariPool-2:connection-adder] com.zaxxer.hikari.pool.HikariPool        : HikariPool-2 - After adding stats (total=3/10, idle=3/10, active=0, waiting=0)
2026-08-05T09:48:31.618+05:30 DEBUG 2824 --- [patient-registry] [HikariPool-2:connection-adder] com.zaxxer.hikari.pool.PoolBase          : HikariPool-2 - Attempting to create/setup new connection (162be6bc-a345-4f73-87be-eaed51a221b8)
2026-08-05T09:48:31.620+05:30 DEBUG 2824 --- [patient-registry] [restartedMain] _.s.web.servlet.HandlerMapping.Mappings  : 
	o.s.b.w.a.e.BasicErrorController:
	{ [/error]}: error(HttpServletRequest)
	{ [/error], produces [text/html]}: errorHtml(HttpServletRequest,HttpServletResponse)
2026-08-05T09:48:31.627+05:30 DEBUG 2824 --- [patient-registry] [restartedMain] _.s.web.servlet.HandlerMapping.Mappings  : 
	o.s.w.a.OpenApiWebMvcResource:
	{GET [/v3/api-docs.yaml], produces [application/vnd.oai.openapi]}: openapiYaml(HttpServletRequest,String,Locale)
	{GET [/v3/api-docs], produces [application/json]}: openapiJson(HttpServletRequest,String,Locale)
2026-08-05T09:48:31.631+05:30 DEBUG 2824 --- [patient-registry] [restartedMain] _.s.web.servlet.HandlerMapping.Mappings  : 
	o.s.w.u.SwaggerWelcomeWebMvc:
	{GET [/swagger-ui.html]}: redirectToUi(HttpServletRequest)
2026-08-05T09:48:31.632+05:30 DEBUG 2824 --- [patient-registry] [restartedMain] _.s.web.servlet.HandlerMapping.Mappings  : 
	o.s.w.u.SwaggerConfigResource:
	{GET [/v3/api-docs/swagger-config], produces [application/json]}: openapiJson(HttpServletRequest)
2026-08-05T09:48:31.635+05:30 DEBUG 2824 --- [patient-registry] [restartedMain] s.w.s.m.m.a.RequestMappingHandlerMapping : 7 mappings in 'requestMappingHandlerMapping'
2026-08-05T09:48:31.637+05:30 DEBUG 2824 --- [patient-registry] [restartedMain] o.s.b.f.s.DefaultListableBeanFactory     : Creating shared instance of singleton bean 'mvcPatternParser'
2026-08-05T09:48:31.637+05:30 DEBUG 2824 --- [patient-registry] [restartedMain] o.s.b.f.s.DefaultListableBeanFactory     : Creating shared instance of singleton bean 'mvcUrlPathHelper'
2026-08-05T09:48:31.638+05:30 DEBUG 2824 --- [patient-registry] [restartedMain] o.s.b.f.s.DefaultListableBeanFactory     : Creating shared instance of singleton bean 'mvcPathMatcher'
2026-08-05T09:48:31.639+05:30 DEBUG 2824 --- [patient-registry] [restartedMain] o.s.b.f.s.DefaultListableBeanFactory     : Creating shared instance of singleton bean 'viewControllerHandlerMapping'
2026-08-05T09:48:31.643+05:30 DEBUG 2824 --- [patient-registry] [restartedMain] o.s.b.f.s.DefaultListableBeanFactory     : Autowiring by type from bean name 'viewControllerHandlerMapping' via factory method to bean named 'mvcConversionService'
2026-08-05T09:48:31.643+05:30 DEBUG 2824 --- [patient-registry] [restartedMain] o.s.b.f.s.DefaultListableBeanFactory     : Autowiring by type from bean name 'viewControllerHandlerMapping' via factory method to bean named 'mvcResourceUrlProvider'
2026-08-05T09:48:31.644+05:30 DEBUG 2824 --- [patient-registry] [restartedMain] o.s.b.f.s.DefaultListableBeanFactory     : Creating shared instance of singleton bean 'beanNameHandlerMapping'
2026-08-05T09:48:31.645+05:30 DEBUG 2824 --- [patient-registry] [restartedMain] o.s.b.f.s.DefaultListableBeanFactory     : Autowiring by type from bean name 'beanNameHandlerMapping' via factory method to bean named 'mvcConversionService'
2026-08-05T09:48:31.646+05:30 DEBUG 2824 --- [patient-registry] [restartedMain] o.s.b.f.s.DefaultListableBeanFactory     : Autowiring by type from bean name 'beanNameHandlerMapping' via factory method to bean named 'mvcResourceUrlProvider'
2026-08-05T09:48:31.647+05:30 DEBUG 2824 --- [patient-registry] [restartedMain] _.s.web.servlet.HandlerMapping.Mappings  : 'beanNameHandlerMapping' {}
2026-08-05T09:48:31.649+05:30 DEBUG 2824 --- [patient-registry] [restartedMain] o.s.b.f.s.DefaultListableBeanFactory     : Creating shared instance of singleton bean 'routerFunctionMapping'
2026-08-05T09:48:31.651+05:30 DEBUG 2824 --- [patient-registry] [restartedMain] o.s.b.f.s.DefaultListableBeanFactory     : Autowiring by type from bean name 'routerFunctionMapping' via factory method to bean named 'mvcConversionService'
2026-08-05T09:48:31.651+05:30 DEBUG 2824 --- [patient-registry] [restartedMain] o.s.b.f.s.DefaultListableBeanFactory     : Autowiring by type from bean name 'routerFunctionMapping' via factory method to bean named 'mvcResourceUrlProvider'
2026-08-05T09:48:31.651+05:30 DEBUG 2824 --- [patient-registry] [restartedMain] o.s.b.f.s.DefaultListableBeanFactory     : Autowiring by type from bean name 'routerFunctionMapping' via factory method to bean named 'mvcApiVersionStrategy'
2026-08-05T09:48:31.653+05:30 DEBUG 2824 --- [patient-registry] [restartedMain] o.s.b.f.s.DefaultListableBeanFactory     : Creating shared instance of singleton bean 'resourceHandlerMapping'
2026-08-05T09:48:31.655+05:30 DEBUG 2824 --- [patient-registry] [restartedMain] o.s.b.f.s.DefaultListableBeanFactory     : Autowiring by type from bean name 'resourceHandlerMapping' via factory method to bean named 'mvcContentNegotiationManager'
2026-08-05T09:48:31.655+05:30 DEBUG 2824 --- [patient-registry] [restartedMain] o.s.b.f.s.DefaultListableBeanFactory     : Autowiring by type from bean name 'resourceHandlerMapping' via factory method to bean named 'mvcConversionService'
2026-08-05T09:48:31.655+05:30 DEBUG 2824 --- [patient-registry] [restartedMain] o.s.b.f.s.DefaultListableBeanFactory     : Autowiring by type from bean name 'resourceHandlerMapping' via factory method to bean named 'mvcResourceUrlProvider'
2026-08-05T09:48:31.659+05:30 DEBUG 2824 --- [patient-registry] [restartedMain] _.s.web.servlet.HandlerMapping.Mappings  : 'resourceHandlerMapping' {/webjars/**=ResourceHttpRequestHandler [classpath [META-INF/resources/webjars/]], /**=ResourceHttpRequestHandler [classpath [META-INF/resources/], classpath [resources/], classpath [static/], classpath [public/], ServletContext [/]], /swagger-ui/**=ResourceHttpRequestHandler [classpath [META-INF/resources/webjars/swagger-ui/5.32.0/]], /swagger-ui/*swagger-initializer.js=ResourceHttpRequestHandler [classpath [META-INF/resources/webjars/swagger-ui/5.32.0/]], /webjars/*swagger-ui/**=ResourceHttpRequestHandler [classpath [META-INF/resources/webjars/]], /webjars/*swagger-ui/*swagger-initializer.js=ResourceHttpRequestHandler [classpath [META-INF/resources/webjars/]], /webjars/*swagger-ui/5.32.0/*swagger-initializer.js=ResourceHttpRequestHandler [classpath [META-INF/resources/webjars/]]}
2026-08-05T09:48:31.661+05:30 DEBUG 2824 --- [patient-registry] [restartedMain] o.s.b.f.s.DefaultListableBeanFactory     : Creating shared instance of singleton bean 'defaultServletHandlerMapping'
2026-08-05T09:48:31.661+05:30 DEBUG 2824 --- [patient-registry] [restartedMain] o.s.b.f.s.DefaultListableBeanFactory     : Creating shared instance of singleton bean 'requestMappingHandlerAdapter'
2026-08-05T09:48:31.663+05:30 DEBUG 2824 --- [patient-registry] [restartedMain] o.s.b.f.s.DefaultListableBeanFactory     : Autowiring by type from bean name 'requestMappingHandlerAdapter' via factory method to bean named 'mvcContentNegotiationManager'
2026-08-05T09:48:31.663+05:30 DEBUG 2824 --- [patient-registry] [restartedMain] o.s.b.f.s.DefaultListableBeanFactory     : Autowiring by type from bean name 'requestMappingHandlerAdapter' via factory method to bean named 'mvcConversionService'
2026-08-05T09:48:31.663+05:30 DEBUG 2824 --- [patient-registry] [restartedMain] o.s.b.f.s.DefaultListableBeanFactory     : Autowiring by type from bean name 'requestMappingHandlerAdapter' via factory method to bean named 'mvcValidator'
2026-08-05T09:48:31.663+05:30 DEBUG 2824 --- [patient-registry] [restartedMain] o.s.b.f.s.DefaultListableBeanFactory     : Creating shared instance of singleton bean 'sortResolver'
2026-08-05T09:48:31.664+05:30 DEBUG 2824 --- [patient-registry] [restartedMain] o.s.b.f.s.DefaultListableBeanFactory     : Creating shared instance of singleton bean 'sortCustomizer'
2026-08-05T09:48:31.665+05:30 DEBUG 2824 --- [patient-registry] [restartedMain] o.s.b.f.s.DefaultListableBeanFactory     : Creating shared instance of singleton bean 'pageableResolver'
2026-08-05T09:48:31.668+05:30 DEBUG 2824 --- [patient-registry] [restartedMain] o.s.b.f.s.DefaultListableBeanFactory     : Creating shared instance of singleton bean 'pageableCustomizer'
2026-08-05T09:48:31.673+05:30 DEBUG 2824 --- [patient-registry] [restartedMain] o.s.b.f.s.DefaultListableBeanFactory     : Creating shared instance of singleton bean 'org.springdoc.core.configuration.SpringDocConfiguration$OpenApiResourceAdvice'
2026-08-05T09:48:31.674+05:30 DEBUG 2824 --- [patient-registry] [restartedMain] o.s.b.f.s.DefaultListableBeanFactory     : Autowiring by type from bean name 'org.springdoc.core.configuration.SpringDocConfiguration$OpenApiResourceAdvice' via constructor to bean named 'org.springdoc.core.configuration.SpringDocConfiguration'
2026-08-05T09:48:31.675+05:30 DEBUG 2824 --- [patient-registry] [restartedMain] s.w.s.m.m.a.RequestMappingHandlerAdapter : ControllerAdvice beans: 0 @ModelAttribute, 0 @InitBinder, 2 RequestBodyAdvice, 1 ResponseBodyAdvice
2026-08-05T09:48:31.675+05:30 DEBUG 2824 --- [patient-registry] [HikariPool-2:connection-adder] com.zaxxer.hikari.pool.PoolBase          : HikariPool-2 - Established new connection (162be6bc-a345-4f73-87be-eaed51a221b8)
2026-08-05T09:48:31.676+05:30 DEBUG 2824 --- [patient-registry] [HikariPool-2:connection-adder] com.zaxxer.hikari.pool.HikariPool        : HikariPool-2 - Added connection oracle.jdbc.driver.T4CConnection@6376151c
2026-08-05T09:48:31.676+05:30 DEBUG 2824 --- [patient-registry] [restartedMain] o.s.b.f.s.DefaultListableBeanFactory     : Creating shared instance of singleton bean 'mvcViewResolver'
2026-08-05T09:48:31.676+05:30 DEBUG 2824 --- [patient-registry] [restartedMain] o.s.b.f.s.DefaultListableBeanFactory     : Autowiring by type from bean name 'mvcViewResolver' via factory method to bean named 'mvcContentNegotiationManager'
2026-08-05T09:48:31.677+05:30 DEBUG 2824 --- [patient-registry] [restartedMain] o.s.b.f.s.DefaultListableBeanFactory     : Creating shared instance of singleton bean 'defaultViewResolver'
2026-08-05T09:48:31.679+05:30 DEBUG 2824 --- [patient-registry] [restartedMain] o.s.b.f.s.DefaultListableBeanFactory     : Creating shared instance of singleton bean 'viewResolver'
2026-08-05T09:48:31.679+05:30 DEBUG 2824 --- [patient-registry] [restartedMain] o.s.b.f.s.DefaultListableBeanFactory     : Autowiring by type from bean name 'viewResolver' via factory method to bean named 'org.springframework.beans.factory.support.DefaultListableBeanFactory@3fb6f55a'
2026-08-05T09:48:31.680+05:30 DEBUG 2824 --- [patient-registry] [restartedMain] o.s.b.f.s.DefaultListableBeanFactory     : Creating shared instance of singleton bean 'viewResolver'
2026-08-05T09:48:31.682+05:30 DEBUG 2824 --- [patient-registry] [restartedMain] o.s.b.f.s.DefaultListableBeanFactory     : Creating shared instance of singleton bean 'handlerFunctionAdapter'
2026-08-05T09:48:31.683+05:30 DEBUG 2824 --- [patient-registry] [restartedMain] o.s.b.f.s.DefaultListableBeanFactory     : Creating shared instance of singleton bean 'mvcUriComponentsContributor'
2026-08-05T09:48:31.683+05:30 DEBUG 2824 --- [patient-registry] [restartedMain] o.s.b.f.s.DefaultListableBeanFactory     : Autowiring by type from bean name 'mvcUriComponentsContributor' via factory method to bean named 'mvcConversionService'
2026-08-05T09:48:31.683+05:30 DEBUG 2824 --- [patient-registry] [restartedMain] o.s.b.f.s.DefaultListableBeanFactory     : Autowiring by type from bean name 'mvcUriComponentsContributor' via factory method to bean named 'requestMappingHandlerAdapter'
2026-08-05T09:48:31.684+05:30 DEBUG 2824 --- [patient-registry] [restartedMain] o.s.b.f.s.DefaultListableBeanFactory     : Creating shared instance of singleton bean 'httpRequestHandlerAdapter'
2026-08-05T09:48:31.684+05:30 DEBUG 2824 --- [patient-registry] [restartedMain] o.s.b.f.s.DefaultListableBeanFactory     : Creating shared instance of singleton bean 'simpleControllerHandlerAdapter'
2026-08-05T09:48:31.684+05:30 DEBUG 2824 --- [patient-registry] [restartedMain] o.s.b.f.s.DefaultListableBeanFactory     : Creating shared instance of singleton bean 'handlerExceptionResolver'
2026-08-05T09:48:31.685+05:30 DEBUG 2824 --- [patient-registry] [restartedMain] o.s.b.f.s.DefaultListableBeanFactory     : Autowiring by type from bean name 'handlerExceptionResolver' via factory method to bean named 'mvcContentNegotiationManager'
2026-08-05T09:48:31.688+05:30 DEBUG 2824 --- [patient-registry] [restartedMain] .m.m.a.ExceptionHandlerExceptionResolver : ControllerAdvice beans: 2 @ExceptionHandler, 1 ResponseBodyAdvice
2026-08-05T09:48:31.688+05:30 DEBUG 2824 --- [patient-registry] [restartedMain] o.s.b.f.s.DefaultListableBeanFactory     : Creating shared instance of singleton bean 'org.springdoc.core.configuration.SpringDocConfiguration$QuerydslProvider'
2026-08-05T09:48:31.689+05:30 DEBUG 2824 --- [patient-registry] [restartedMain] o.s.b.f.s.DefaultListableBeanFactory     : Creating shared instance of singleton bean 'queryDslQuerydslPredicateOperationCustomizer'
2026-08-05T09:48:31.689+05:30 DEBUG 2824 --- [patient-registry] [restartedMain] o.s.b.f.s.DefaultListableBeanFactory     : Autowiring by type from bean name 'queryDslQuerydslPredicateOperationCustomizer' via factory method to bean named 'org.springdoc.core.properties.SpringDocConfigProperties'
2026-08-05T09:48:31.690+05:30 DEBUG 2824 --- [patient-registry] [restartedMain] o.s.b.f.s.DefaultListableBeanFactory     : Creating shared instance of singleton bean 'org.springdoc.core.configuration.SpringDocConfiguration$SpringDocSpringDataWebPropertiesProvider'
2026-08-05T09:48:31.690+05:30 DEBUG 2824 --- [patient-registry] [restartedMain] o.s.b.f.s.DefaultListableBeanFactory     : Creating shared instance of singleton bean 'springDataWebPropertiesProvider'
2026-08-05T09:48:31.691+05:30 DEBUG 2824 --- [patient-registry] [restartedMain] o.s.b.f.s.DefaultListableBeanFactory     : Autowiring by type from bean name 'springDataWebPropertiesProvider' via factory method to bean named 'spring.data.web-org.springframework.boot.data.autoconfigure.web.DataWebProperties'
2026-08-05T09:48:31.691+05:30 DEBUG 2824 --- [patient-registry] [restartedMain] o.s.b.f.s.DefaultListableBeanFactory     : Creating shared instance of singleton bean 'org.springdoc.core.configuration.SpringDocConfiguration$WebConversionServiceConfiguration'
2026-08-05T09:48:31.691+05:30 DEBUG 2824 --- [patient-registry] [restartedMain] o.s.b.f.s.DefaultListableBeanFactory     : Creating shared instance of singleton bean 'webConversionServiceProvider'
2026-08-05T09:48:31.691+05:30 DEBUG 2824 --- [patient-registry] [restartedMain] o.s.b.f.s.DefaultListableBeanFactory     : Creating shared instance of singleton bean 'initExtraSchemas'
2026-08-05T09:48:31.692+05:30 DEBUG 2824 --- [patient-registry] [restartedMain] o.s.b.f.s.DefaultListableBeanFactory     : Creating shared instance of singleton bean 'localSpringDocParameterNameDiscoverer'
2026-08-05T09:48:31.692+05:30 DEBUG 2824 --- [patient-registry] [restartedMain] o.s.b.f.s.DefaultListableBeanFactory     : Creating shared instance of singleton bean 'additionalModelsConverter'
2026-08-05T09:48:31.692+05:30 DEBUG 2824 --- [patient-registry] [restartedMain] o.s.b.f.s.DefaultListableBeanFactory     : Autowiring by type from bean name 'additionalModelsConverter' via factory method to bean named 'springdocObjectMapperProvider'
2026-08-05T09:48:31.693+05:30 DEBUG 2824 --- [patient-registry] [restartedMain] o.s.b.f.s.DefaultListableBeanFactory     : Creating shared instance of singleton bean 'fileSupportConverter'
2026-08-05T09:48:31.693+05:30 DEBUG 2824 --- [patient-registry] [restartedMain] o.s.b.f.s.DefaultListableBeanFactory     : Autowiring by type from bean name 'fileSupportConverter' via factory method to bean named 'springdocObjectMapperProvider'
2026-08-05T09:48:31.693+05:30 DEBUG 2824 --- [patient-registry] [restartedMain] o.s.b.f.s.DefaultListableBeanFactory     : Creating shared instance of singleton bean 'responseSupportConverter'
2026-08-05T09:48:31.693+05:30 DEBUG 2824 --- [patient-registry] [restartedMain] o.s.b.f.s.DefaultListableBeanFactory     : Autowiring by type from bean name 'responseSupportConverter' via factory method to bean named 'springdocObjectMapperProvider'
2026-08-05T09:48:31.694+05:30 DEBUG 2824 --- [patient-registry] [restartedMain] o.s.b.f.s.DefaultListableBeanFactory     : Creating shared instance of singleton bean 'schemaPropertyDeprecatingConverter'
2026-08-05T09:48:31.694+05:30 DEBUG 2824 --- [patient-registry] [restartedMain] o.s.b.f.s.DefaultListableBeanFactory     : Creating shared instance of singleton bean 'polymorphicModelConverter'
2026-08-05T09:48:31.694+05:30 DEBUG 2824 --- [patient-registry] [restartedMain] o.s.b.f.s.DefaultListableBeanFactory     : Autowiring by type from bean name 'polymorphicModelConverter' via factory method to bean named 'springdocObjectMapperProvider'
2026-08-05T09:48:31.694+05:30 DEBUG 2824 --- [patient-registry] [restartedMain] o.s.b.f.s.DefaultListableBeanFactory     : Creating shared instance of singleton bean 'openAPIBuilder'
2026-08-05T09:48:31.695+05:30 DEBUG 2824 --- [patient-registry] [restartedMain] o.s.b.f.s.DefaultListableBeanFactory     : Creating shared instance of singleton bean 'securityParser'
2026-08-05T09:48:31.695+05:30 DEBUG 2824 --- [patient-registry] [restartedMain] o.s.b.f.s.DefaultListableBeanFactory     : Creating shared instance of singleton bean 'propertyResolverUtils'
2026-08-05T09:48:31.696+05:30 DEBUG 2824 --- [patient-registry] [restartedMain] o.s.b.f.s.DefaultListableBeanFactory     : Autowiring by type from bean name 'propertyResolverUtils' via factory method to bean named 'org.springframework.beans.factory.support.DefaultListableBeanFactory@3fb6f55a'
2026-08-05T09:48:31.696+05:30 DEBUG 2824 --- [patient-registry] [restartedMain] o.s.b.f.s.DefaultListableBeanFactory     : Autowiring by type from bean name 'propertyResolverUtils' via factory method to bean named 'messageSource'
2026-08-05T09:48:31.696+05:30 DEBUG 2824 --- [patient-registry] [restartedMain] o.s.b.f.s.DefaultListableBeanFactory     : Autowiring by type from bean name 'propertyResolverUtils' via factory method to bean named 'org.springdoc.core.properties.SpringDocConfigProperties'
2026-08-05T09:48:31.696+05:30 DEBUG 2824 --- [patient-registry] [restartedMain] o.s.b.f.s.DefaultListableBeanFactory     : Autowiring by type from bean name 'securityParser' via factory method to bean named 'propertyResolverUtils'
2026-08-05T09:48:31.697+05:30 DEBUG 2824 --- [patient-registry] [restartedMain] o.s.b.f.s.DefaultListableBeanFactory     : Autowiring by type from bean name 'openAPIBuilder' via factory method to bean named 'securityParser'
2026-08-05T09:48:31.698+05:30 DEBUG 2824 --- [patient-registry] [restartedMain] o.s.b.f.s.DefaultListableBeanFactory     : Autowiring by type from bean name 'openAPIBuilder' via factory method to bean named 'org.springdoc.core.properties.SpringDocConfigProperties'
2026-08-05T09:48:31.698+05:30 DEBUG 2824 --- [patient-registry] [restartedMain] o.s.b.f.s.DefaultListableBeanFactory     : Autowiring by type from bean name 'openAPIBuilder' via factory method to bean named 'propertyResolverUtils'
2026-08-05T09:48:31.698+05:30 DEBUG 2824 --- [patient-registry] [restartedMain] o.s.b.f.s.DefaultListableBeanFactory     : Creating shared instance of singleton bean 'modelConverterRegistrar'
2026-08-05T09:48:31.699+05:30 DEBUG 2824 --- [patient-registry] [restartedMain] o.s.b.f.s.DefaultListableBeanFactory     : Creating shared instance of singleton bean 'pageableOpenAPIConverter'
2026-08-05T09:48:31.699+05:30 DEBUG 2824 --- [patient-registry] [restartedMain] o.s.b.f.s.DefaultListableBeanFactory     : Creating shared instance of singleton bean 'org.springdoc.core.configuration.SpringDocPageableConfiguration'
2026-08-05T09:48:31.699+05:30 DEBUG 2824 --- [patient-registry] [restartedMain] o.s.b.f.s.DefaultListableBeanFactory     : Autowiring by type from bean name 'pageableOpenAPIConverter' via factory method to bean named 'springdocObjectMapperProvider'
2026-08-05T09:48:31.700+05:30 DEBUG 2824 --- [patient-registry] [restartedMain] o.s.b.f.s.DefaultListableBeanFactory     : Creating shared instance of singleton bean 'pageOpenAPIConverter'
2026-08-05T09:48:31.700+05:30 DEBUG 2824 --- [patient-registry] [restartedMain] o.s.b.f.s.DefaultListableBeanFactory     : Autowiring by type from bean name 'pageOpenAPIConverter' via factory method to bean named 'springDataWebSettings'
2026-08-05T09:48:31.700+05:30 DEBUG 2824 --- [patient-registry] [restartedMain] o.s.b.f.s.DefaultListableBeanFactory     : Autowiring by type from bean name 'pageOpenAPIConverter' via factory method to bean named 'springdocObjectMapperProvider'
2026-08-05T09:48:31.701+05:30 DEBUG 2824 --- [patient-registry] [restartedMain] o.s.b.f.s.DefaultListableBeanFactory     : Creating shared instance of singleton bean 'sortOpenAPIConverter'
2026-08-05T09:48:31.701+05:30 DEBUG 2824 --- [patient-registry] [restartedMain] o.s.b.f.s.DefaultListableBeanFactory     : Creating shared instance of singleton bean 'org.springdoc.core.configuration.SpringDocSortConfiguration'
2026-08-05T09:48:31.702+05:30 DEBUG 2824 --- [patient-registry] [restartedMain] o.s.b.f.s.DefaultListableBeanFactory     : Autowiring by type from bean name 'sortOpenAPIConverter' via factory method to bean named 'springdocObjectMapperProvider'
2026-08-05T09:48:31.702+05:30 DEBUG 2824 --- [patient-registry] [restartedMain] o.s.b.f.s.DefaultListableBeanFactory     : Autowiring by type from bean name 'modelConverterRegistrar' via factory method to bean named 'additionalModelsConverter'
2026-08-05T09:48:31.702+05:30 DEBUG 2824 --- [patient-registry] [restartedMain] o.s.b.f.s.DefaultListableBeanFactory     : Autowiring by type from bean name 'modelConverterRegistrar' via factory method to bean named 'fileSupportConverter'
2026-08-05T09:48:31.702+05:30 DEBUG 2824 --- [patient-registry] [restartedMain] o.s.b.f.s.DefaultListableBeanFactory     : Autowiring by type from bean name 'modelConverterRegistrar' via factory method to bean named 'responseSupportConverter'
2026-08-05T09:48:31.702+05:30 DEBUG 2824 --- [patient-registry] [restartedMain] o.s.b.f.s.DefaultListableBeanFactory     : Autowiring by type from bean name 'modelConverterRegistrar' via factory method to bean named 'schemaPropertyDeprecatingConverter'
2026-08-05T09:48:31.702+05:30 DEBUG 2824 --- [patient-registry] [restartedMain] o.s.b.f.s.DefaultListableBeanFactory     : Autowiring by type from bean name 'modelConverterRegistrar' via factory method to bean named 'polymorphicModelConverter'
2026-08-05T09:48:31.702+05:30 DEBUG 2824 --- [patient-registry] [restartedMain] o.s.b.f.s.DefaultListableBeanFactory     : Autowiring by type from bean name 'modelConverterRegistrar' via factory method to bean named 'pageableOpenAPIConverter'
2026-08-05T09:48:31.702+05:30 DEBUG 2824 --- [patient-registry] [restartedMain] o.s.b.f.s.DefaultListableBeanFactory     : Autowiring by type from bean name 'modelConverterRegistrar' via factory method to bean named 'pageOpenAPIConverter'
2026-08-05T09:48:31.702+05:30 DEBUG 2824 --- [patient-registry] [restartedMain] o.s.b.f.s.DefaultListableBeanFactory     : Autowiring by type from bean name 'modelConverterRegistrar' via factory method to bean named 'sortOpenAPIConverter'
2026-08-05T09:48:31.702+05:30 DEBUG 2824 --- [patient-registry] [restartedMain] o.s.b.f.s.DefaultListableBeanFactory     : Autowiring by type from bean name 'modelConverterRegistrar' via factory method to bean named 'org.springdoc.core.properties.SpringDocConfigProperties'
2026-08-05T09:48:31.703+05:30 DEBUG 2824 --- [patient-registry] [restartedMain] o.s.b.f.s.DefaultListableBeanFactory     : Creating shared instance of singleton bean 'operationBuilder'
2026-08-05T09:48:31.703+05:30 DEBUG 2824 --- [patient-registry] [restartedMain] o.s.b.f.s.DefaultListableBeanFactory     : Creating shared instance of singleton bean 'parameterBuilder'
2026-08-05T09:48:31.704+05:30 DEBUG 2824 --- [patient-registry] [restartedMain] o.s.b.f.s.DefaultListableBeanFactory     : Autowiring by type from bean name 'parameterBuilder' via factory method to bean named 'propertyResolverUtils'
2026-08-05T09:48:31.704+05:30 DEBUG 2824 --- [patient-registry] [restartedMain] o.s.b.f.s.DefaultListableBeanFactory     : Autowiring by type from bean name 'parameterBuilder' via factory method to bean named 'webConversionServiceProvider'
2026-08-05T09:48:31.704+05:30 DEBUG 2824 --- [patient-registry] [restartedMain] o.s.b.f.s.DefaultListableBeanFactory     : Autowiring by type from bean name 'parameterBuilder' via factory method to bean named 'springdocObjectMapperProvider'
2026-08-05T09:48:31.705+05:30 DEBUG 2824 --- [patient-registry] [restartedMain] o.s.b.f.s.DefaultListableBeanFactory     : Creating shared instance of singleton bean 'requestBodyBuilder'
2026-08-05T09:48:31.706+05:30 DEBUG 2824 --- [patient-registry] [restartedMain] o.s.b.f.s.DefaultListableBeanFactory     : Autowiring by type from bean name 'requestBodyBuilder' via factory method to bean named 'parameterBuilder'
2026-08-05T09:48:31.706+05:30 DEBUG 2824 --- [patient-registry] [restartedMain] o.s.b.f.s.DefaultListableBeanFactory     : Autowiring by type from bean name 'requestBodyBuilder' via factory method to bean named 'propertyResolverUtils'
2026-08-05T09:48:31.707+05:30 DEBUG 2824 --- [patient-registry] [restartedMain] o.s.b.f.s.DefaultListableBeanFactory     : Autowiring by type from bean name 'operationBuilder' via factory method to bean named 'parameterBuilder'
2026-08-05T09:48:31.707+05:30 DEBUG 2824 --- [patient-registry] [HikariPool-2:connection-adder] com.zaxxer.hikari.pool.HikariPool        : HikariPool-2 - After adding stats (total=4/10, idle=4/10, active=0, waiting=0)
2026-08-05T09:48:31.707+05:30 DEBUG 2824 --- [patient-registry] [restartedMain] o.s.b.f.s.DefaultListableBeanFactory     : Autowiring by type from bean name 'operationBuilder' via factory method to bean named 'requestBodyBuilder'
2026-08-05T09:48:31.707+05:30 DEBUG 2824 --- [patient-registry] [restartedMain] o.s.b.f.s.DefaultListableBeanFactory     : Autowiring by type from bean name 'operationBuilder' via factory method to bean named 'securityParser'
2026-08-05T09:48:31.707+05:30 DEBUG 2824 --- [patient-registry] [restartedMain] o.s.b.f.s.DefaultListableBeanFactory     : Autowiring by type from bean name 'operationBuilder' via factory method to bean named 'propertyResolverUtils'
2026-08-05T09:48:31.707+05:30 DEBUG 2824 --- [patient-registry] [HikariPool-2:connection-adder] com.zaxxer.hikari.pool.PoolBase          : HikariPool-2 - Attempting to create/setup new connection (e31f9d97-3a9f-4d42-af07-5595b9106e59)
2026-08-05T09:48:31.707+05:30 DEBUG 2824 --- [patient-registry] [restartedMain] o.s.b.f.s.DefaultListableBeanFactory     : Creating shared instance of singleton bean 'springDocProviders'
2026-08-05T09:48:31.708+05:30 DEBUG 2824 --- [patient-registry] [restartedMain] o.s.b.f.s.DefaultListableBeanFactory     : Creating shared instance of singleton bean 'routerFunctionProvider'
2026-08-05T09:48:31.709+05:30 DEBUG 2824 --- [patient-registry] [restartedMain] o.s.b.f.s.DefaultListableBeanFactory     : Creating shared instance of singleton bean 'org.springdoc.webmvc.core.configuration.SpringDocWebMvcConfiguration$SpringDocWebMvcRouterConfiguration'
2026-08-05T09:48:31.709+05:30 DEBUG 2824 --- [patient-registry] [restartedMain] o.s.b.f.s.DefaultListableBeanFactory     : Creating shared instance of singleton bean 'springWebProvider'
2026-08-05T09:48:31.709+05:30 DEBUG 2824 --- [patient-registry] [restartedMain] o.s.b.f.s.DefaultListableBeanFactory     : Creating shared instance of singleton bean 'org.springdoc.webmvc.core.configuration.SpringDocWebMvcConfiguration'
2026-08-05T09:48:31.710+05:30 DEBUG 2824 --- [patient-registry] [restartedMain] o.s.b.f.s.DefaultListableBeanFactory     : Autowiring by type from bean name 'springWebProvider' via factory method to bean named 'mvcApiVersionStrategy'
2026-08-05T09:48:31.711+05:30 DEBUG 2824 --- [patient-registry] [restartedMain] o.s.b.f.s.DefaultListableBeanFactory     : Autowiring by type from bean name 'springDocProviders' via factory method to bean named 'routerFunctionProvider'
2026-08-05T09:48:31.711+05:30 DEBUG 2824 --- [patient-registry] [restartedMain] o.s.b.f.s.DefaultListableBeanFactory     : Autowiring by type from bean name 'springDocProviders' via factory method to bean named 'springWebProvider'
2026-08-05T09:48:31.711+05:30 DEBUG 2824 --- [patient-registry] [restartedMain] o.s.b.f.s.DefaultListableBeanFactory     : Autowiring by type from bean name 'springDocProviders' via factory method to bean named 'springdocObjectMapperProvider'
2026-08-05T09:48:31.712+05:30 DEBUG 2824 --- [patient-registry] [restartedMain] o.s.b.f.s.DefaultListableBeanFactory     : Creating shared instance of singleton bean 'springDocCustomizers'
2026-08-05T09:48:31.713+05:30 DEBUG 2824 --- [patient-registry] [restartedMain] o.s.b.f.s.DefaultListableBeanFactory     : Creating shared instance of singleton bean 'globalOpenApiCustomizer'
2026-08-05T09:48:31.719+05:30 DEBUG 2824 --- [patient-registry] [restartedMain] o.s.b.f.s.DefaultListableBeanFactory     : Creating shared instance of singleton bean 'parameterObjectNamingStrategyCustomizer'
2026-08-05T09:48:31.720+05:30 DEBUG 2824 --- [patient-registry] [restartedMain] o.s.b.f.s.DefaultListableBeanFactory     : Creating shared instance of singleton bean 'dataRestDelegatingMethodParameterCustomizer'
2026-08-05T09:48:31.721+05:30 DEBUG 2824 --- [patient-registry] [restartedMain] o.s.b.f.s.DefaultListableBeanFactory     : Autowiring by type from bean name 'dataRestDelegatingMethodParameterCustomizer' via factory method to bean named 'springDataWebPropertiesProvider'
2026-08-05T09:48:31.722+05:30 DEBUG 2824 --- [patient-registry] [restartedMain] o.s.b.f.s.DefaultListableBeanFactory     : Autowiring by type from bean name 'springDocCustomizers' via factory method to bean named 'globalOpenApiCustomizer'
2026-08-05T09:48:31.723+05:30 DEBUG 2824 --- [patient-registry] [restartedMain] o.s.b.f.s.DefaultListableBeanFactory     : Autowiring by type from bean name 'springDocCustomizers' via factory method to bean named 'parameterObjectNamingStrategyCustomizer'
2026-08-05T09:48:31.723+05:30 DEBUG 2824 --- [patient-registry] [restartedMain] o.s.b.f.s.DefaultListableBeanFactory     : Autowiring by type from bean name 'springDocCustomizers' via factory method to bean named 'dataRestDelegatingMethodParameterCustomizer'
2026-08-05T09:48:31.724+05:30 DEBUG 2824 --- [patient-registry] [restartedMain] o.s.b.f.s.DefaultListableBeanFactory     : Creating shared instance of singleton bean 'schemaUtils'
2026-08-05T09:48:31.724+05:30 DEBUG 2824 --- [patient-registry] [restartedMain] o.s.b.f.s.DefaultListableBeanFactory     : Creating shared instance of singleton bean 'methodParameterPojoExtractor'
2026-08-05T09:48:31.725+05:30 DEBUG 2824 --- [patient-registry] [restartedMain] o.s.b.f.s.DefaultListableBeanFactory     : Autowiring by type from bean name 'methodParameterPojoExtractor' via factory method to bean named 'schemaUtils'
2026-08-05T09:48:31.725+05:30 DEBUG 2824 --- [patient-registry] [restartedMain] o.s.b.f.s.DefaultListableBeanFactory     : Creating shared instance of singleton bean 'springDocAppInitializer'
2026-08-05T09:48:31.725+05:30 DEBUG 2824 --- [patient-registry] [restartedMain] o.s.b.f.s.DefaultListableBeanFactory     : Autowiring by type from bean name 'springDocAppInitializer' via factory method to bean named 'org.springdoc.core.properties.SpringDocConfigProperties'
2026-08-05T09:48:31.726+05:30 DEBUG 2824 --- [patient-registry] [restartedMain] o.s.b.f.s.DefaultListableBeanFactory     : Creating shared instance of singleton bean 'org.springdoc.core.configuration.SpringDocWebServerConfiguration$EmbeddedWebServerConfiguration'
2026-08-05T09:48:31.727+05:30 DEBUG 2824 --- [patient-registry] [restartedMain] o.s.b.f.s.DefaultListableBeanFactory     : Creating shared instance of singleton bean 'webServerPortProvider'
2026-08-05T09:48:31.728+05:30 DEBUG 2824 --- [patient-registry] [restartedMain] o.s.b.f.s.DefaultListableBeanFactory     : Creating shared instance of singleton bean 'org.springdoc.webmvc.core.configuration.SpringDocWebMvcConfiguration$SpringDocWebMvcActuatorConfiguration'
2026-08-05T09:48:31.728+05:30 DEBUG 2824 --- [patient-registry] [restartedMain] o.s.b.f.s.DefaultListableBeanFactory     : Creating shared instance of singleton bean 'openApiResource'
2026-08-05T09:48:31.729+05:30 DEBUG 2824 --- [patient-registry] [restartedMain] o.s.b.f.s.DefaultListableBeanFactory     : Creating shared instance of singleton bean 'requestBuilder'
2026-08-05T09:48:31.729+05:30 DEBUG 2824 --- [patient-registry] [restartedMain] o.s.b.f.s.DefaultListableBeanFactory     : Autowiring by type from bean name 'requestBuilder' via factory method to bean named 'parameterBuilder'
2026-08-05T09:48:31.730+05:30 DEBUG 2824 --- [patient-registry] [restartedMain] o.s.b.f.s.DefaultListableBeanFactory     : Autowiring by type from bean name 'requestBuilder' via factory method to bean named 'requestBodyBuilder'
2026-08-05T09:48:31.730+05:30 DEBUG 2824 --- [patient-registry] [restartedMain] o.s.b.f.s.DefaultListableBeanFactory     : Autowiring by type from bean name 'requestBuilder' via factory method to bean named 'springDocCustomizers'
2026-08-05T09:48:31.730+05:30 DEBUG 2824 --- [patient-registry] [restartedMain] o.s.b.f.s.DefaultListableBeanFactory     : Autowiring by type from bean name 'requestBuilder' via factory method to bean named 'localSpringDocParameterNameDiscoverer'
2026-08-05T09:48:31.730+05:30 DEBUG 2824 --- [patient-registry] [restartedMain] o.s.b.f.s.DefaultListableBeanFactory     : Autowiring by type from bean name 'requestBuilder' via factory method to bean named 'methodParameterPojoExtractor'
2026-08-05T09:48:31.730+05:30 DEBUG 2824 --- [patient-registry] [restartedMain] o.s.b.f.s.DefaultListableBeanFactory     : Creating shared instance of singleton bean 'responseBuilder'
2026-08-05T09:48:31.731+05:30 DEBUG 2824 --- [patient-registry] [restartedMain] o.s.b.f.s.DefaultListableBeanFactory     : Autowiring by type from bean name 'responseBuilder' via factory method to bean named 'operationBuilder'
2026-08-05T09:48:31.731+05:30 DEBUG 2824 --- [patient-registry] [restartedMain] o.s.b.f.s.DefaultListableBeanFactory     : Autowiring by type from bean name 'responseBuilder' via factory method to bean named 'org.springdoc.core.properties.SpringDocConfigProperties'
2026-08-05T09:48:31.731+05:30 DEBUG 2824 --- [patient-registry] [restartedMain] o.s.b.f.s.DefaultListableBeanFactory     : Autowiring by type from bean name 'responseBuilder' via factory method to bean named 'propertyResolverUtils'
2026-08-05T09:48:31.736+05:30 DEBUG 2824 --- [patient-registry] [restartedMain] o.s.b.f.s.DefaultListableBeanFactory     : Autowiring by type from bean name 'openApiResource' via factory method to bean named 'requestBuilder'
2026-08-05T09:48:31.736+05:30 DEBUG 2824 --- [patient-registry] [restartedMain] o.s.b.f.s.DefaultListableBeanFactory     : Autowiring by type from bean name 'openApiResource' via factory method to bean named 'responseBuilder'
2026-08-05T09:48:31.737+05:30 DEBUG 2824 --- [patient-registry] [restartedMain] o.s.b.f.s.DefaultListableBeanFactory     : Autowiring by type from bean name 'openApiResource' via factory method to bean named 'operationBuilder'
2026-08-05T09:48:31.737+05:30 DEBUG 2824 --- [patient-registry] [restartedMain] o.s.b.f.s.DefaultListableBeanFactory     : Autowiring by type from bean name 'openApiResource' via factory method to bean named 'org.springdoc.core.properties.SpringDocConfigProperties'
2026-08-05T09:48:31.737+05:30 DEBUG 2824 --- [patient-registry] [restartedMain] o.s.b.f.s.DefaultListableBeanFactory     : Autowiring by type from bean name 'openApiResource' via factory method to bean named 'springDocProviders'
2026-08-05T09:48:31.737+05:30 DEBUG 2824 --- [patient-registry] [restartedMain] o.s.b.f.s.DefaultListableBeanFactory     : Autowiring by type from bean name 'openApiResource' via factory method to bean named 'springDocCustomizers'
2026-08-05T09:48:31.739+05:30 DEBUG 2824 --- [patient-registry] [restartedMain] o.s.b.f.s.DefaultListableBeanFactory     : Creating shared instance of singleton bean 'springDocApiVersionCustomizer'
2026-08-05T09:48:31.740+05:30 DEBUG 2824 --- [patient-registry] [restartedMain] o.s.b.f.s.DefaultListableBeanFactory     : Autowiring by type from bean name 'springDocApiVersionCustomizer' via factory method to bean named 'mvcApiVersionStrategy'
2026-08-05T09:48:31.741+05:30 DEBUG 2824 --- [patient-registry] [restartedMain] o.s.b.f.s.DefaultListableBeanFactory     : Autowiring by type from bean name 'springDocApiVersionCustomizer' via factory method to bean named 'org.springdoc.core.properties.SpringDocConfigProperties'
2026-08-05T09:48:31.741+05:30 DEBUG 2824 --- [patient-registry] [restartedMain] o.s.b.f.s.DefaultListableBeanFactory     : Autowiring by type from bean name 'springDocApiVersionCustomizer' via factory method to bean named 'org.springdoc.core.properties.SwaggerUiConfigProperties'
2026-08-05T09:48:31.741+05:30 DEBUG 2824 --- [patient-registry] [restartedMain] o.s.b.f.s.DefaultListableBeanFactory     : Autowiring by type from bean name 'springDocApiVersionCustomizer' via factory method to bean named 'requestMappingHandlerMapping'
2026-08-05T09:48:31.741+05:30 DEBUG 2824 --- [patient-registry] [restartedMain] o.s.b.f.s.DefaultListableBeanFactory     : Creating shared instance of singleton bean 'swaggerConfigResource'
2026-08-05T09:48:31.742+05:30 DEBUG 2824 --- [patient-registry] [restartedMain] o.s.b.f.s.DefaultListableBeanFactory     : Autowiring by type from bean name 'swaggerConfigResource' via factory method to bean named 'swaggerWelcome'
2026-08-05T09:48:31.742+05:30 DEBUG 2824 --- [patient-registry] [restartedMain] o.s.b.f.s.DefaultListableBeanFactory     : Creating shared instance of singleton bean 'springDocSwaggerInitializer'
2026-08-05T09:48:31.742+05:30 DEBUG 2824 --- [patient-registry] [restartedMain] o.s.b.f.s.DefaultListableBeanFactory     : Autowiring by type from bean name 'springDocSwaggerInitializer' via factory method to bean named 'org.springdoc.core.properties.SwaggerUiConfigProperties'
2026-08-05T09:48:31.742+05:30 DEBUG 2824 --- [patient-registry] [restartedMain] o.s.b.f.s.DefaultListableBeanFactory     : Creating shared instance of singleton bean 'org.springframework.boot.autoconfigure.aop.AopAutoConfiguration$AspectJAutoProxyingConfiguration$CglibAutoProxyConfiguration'
2026-08-05T09:48:31.743+05:30 DEBUG 2824 --- [patient-registry] [restartedMain] o.s.b.f.s.DefaultListableBeanFactory     : Creating shared instance of singleton bean 'org.springframework.boot.autoconfigure.aop.AopAutoConfiguration$AspectJAutoProxyingConfiguration'
2026-08-05T09:48:31.743+05:30 DEBUG 2824 --- [patient-registry] [restartedMain] o.s.b.f.s.DefaultListableBeanFactory     : Creating shared instance of singleton bean 'org.springframework.boot.autoconfigure.aop.AopAutoConfiguration'
2026-08-05T09:48:31.743+05:30 DEBUG 2824 --- [patient-registry] [restartedMain] o.s.b.f.s.DefaultListableBeanFactory     : Creating shared instance of singleton bean 'org.springframework.boot.autoconfigure.availability.ApplicationAvailabilityAutoConfiguration'
2026-08-05T09:48:31.743+05:30 DEBUG 2824 --- [patient-registry] [restartedMain] o.s.b.f.s.DefaultListableBeanFactory     : Creating shared instance of singleton bean 'applicationAvailability'
2026-08-05T09:48:31.744+05:30 DEBUG 2824 --- [patient-registry] [restartedMain] o.s.b.f.s.DefaultListableBeanFactory     : Creating shared instance of singleton bean 'org.springframework.boot.autoconfigure.context.ConfigurationPropertiesAutoConfiguration'
2026-08-05T09:48:31.744+05:30 DEBUG 2824 --- [patient-registry] [restartedMain] o.s.b.f.s.DefaultListableBeanFactory     : Creating shared instance of singleton bean 'org.springframework.boot.autoconfigure.context.LifecycleAutoConfiguration'
2026-08-05T09:48:31.744+05:30 DEBUG 2824 --- [patient-registry] [restartedMain] o.s.b.f.s.DefaultListableBeanFactory     : Creating shared instance of singleton bean 'lifecycleProcessor'
2026-08-05T09:48:31.745+05:30 DEBUG 2824 --- [patient-registry] [restartedMain] o.s.b.f.s.DefaultListableBeanFactory     : Creating shared instance of singleton bean 'spring.lifecycle-org.springframework.boot.autoconfigure.context.LifecycleProperties'
2026-08-05T09:48:31.745+05:30 DEBUG 2824 --- [patient-registry] [restartedMain] o.s.b.f.s.DefaultListableBeanFactory     : Autowiring by type from bean name 'lifecycleProcessor' via factory method to bean named 'spring.lifecycle-org.springframework.boot.autoconfigure.context.LifecycleProperties'
2026-08-05T09:48:31.746+05:30 DEBUG 2824 --- [patient-registry] [restartedMain] o.s.b.f.s.DefaultListableBeanFactory     : Creating shared instance of singleton bean 'org.springframework.boot.autoconfigure.info.ProjectInfoAutoConfiguration'
2026-08-05T09:48:31.746+05:30 DEBUG 2824 --- [patient-registry] [restartedMain] o.s.b.f.s.DefaultListableBeanFactory     : Creating shared instance of singleton bean 'spring.info-org.springframework.boot.autoconfigure.info.ProjectInfoProperties'
2026-08-05T09:48:31.747+05:30 DEBUG 2824 --- [patient-registry] [restartedMain] o.s.b.f.s.DefaultListableBeanFactory     : Autowiring by type from bean name 'org.springframework.boot.autoconfigure.info.ProjectInfoAutoConfiguration' via constructor to bean named 'spring.info-org.springframework.boot.autoconfigure.info.ProjectInfoProperties'
2026-08-05T09:48:31.747+05:30 DEBUG 2824 --- [patient-registry] [restartedMain] o.s.b.f.s.DefaultListableBeanFactory     : Creating shared instance of singleton bean 'org.springframework.boot.autoconfigure.task.TaskSchedulingConfigurations$ThreadPoolTaskSchedulerBuilderConfiguration'
2026-08-05T09:48:31.747+05:30 DEBUG 2824 --- [patient-registry] [restartedMain] o.s.b.f.s.DefaultListableBeanFactory     : Creating shared instance of singleton bean 'threadPoolTaskSchedulerBuilder'
2026-08-05T09:48:31.748+05:30 DEBUG 2824 --- [patient-registry] [restartedMain] o.s.b.f.s.DefaultListableBeanFactory     : Creating shared instance of singleton bean 'spring.task.scheduling-org.springframework.boot.autoconfigure.task.TaskSchedulingProperties'
2026-08-05T09:48:31.748+05:30 DEBUG 2824 --- [patient-registry] [restartedMain] o.s.b.f.s.DefaultListableBeanFactory     : Autowiring by type from bean name 'threadPoolTaskSchedulerBuilder' via factory method to bean named 'spring.task.scheduling-org.springframework.boot.autoconfigure.task.TaskSchedulingProperties'
2026-08-05T09:48:31.749+05:30 DEBUG 2824 --- [patient-registry] [restartedMain] o.s.b.f.s.DefaultListableBeanFactory     : Creating shared instance of singleton bean 'org.springframework.boot.autoconfigure.task.TaskSchedulingConfigurations$SimpleAsyncTaskSchedulerBuilderConfiguration'
2026-08-05T09:48:31.750+05:30 DEBUG 2824 --- [patient-registry] [restartedMain] o.s.b.f.s.DefaultListableBeanFactory     : Autowiring by type from bean name 'org.springframework.boot.autoconfigure.task.TaskSchedulingConfigurations$SimpleAsyncTaskSchedulerBuilderConfiguration' via constructor to bean named 'spring.task.scheduling-org.springframework.boot.autoconfigure.task.TaskSchedulingProperties'
2026-08-05T09:48:31.751+05:30 DEBUG 2824 --- [patient-registry] [restartedMain] o.s.b.f.s.DefaultListableBeanFactory     : Creating shared instance of singleton bean 'simpleAsyncTaskSchedulerBuilder'
2026-08-05T09:48:31.752+05:30 DEBUG 2824 --- [patient-registry] [restartedMain] o.s.b.f.s.DefaultListableBeanFactory     : Creating shared instance of singleton bean 'org.springframework.boot.autoconfigure.task.TaskSchedulingAutoConfiguration'
2026-08-05T09:48:31.752+05:30 DEBUG 2824 --- [patient-registry] [restartedMain] o.s.b.f.s.DefaultListableBeanFactory     : Creating shared instance of singleton bean 'org.springframework.data.web.config.ProjectingArgumentResolverRegistrar'
2026-08-05T09:48:31.752+05:30 DEBUG 2824 --- [patient-registry] [restartedMain] o.s.b.f.s.DefaultListableBeanFactory     : Creating shared instance of singleton bean 'offsetResolver'
2026-08-05T09:48:31.753+05:30 DEBUG 2824 --- [patient-registry] [restartedMain] o.s.b.f.s.DefaultListableBeanFactory     : Creating shared instance of singleton bean 'org.springframework.data.web.config.SpringDataJacksonConfiguration'
2026-08-05T09:48:31.753+05:30 DEBUG 2824 --- [patient-registry] [restartedMain] o.s.b.f.s.DefaultListableBeanFactory     : Creating shared instance of singleton bean 'jacksonGeoModule'
2026-08-05T09:48:31.754+05:30 DEBUG 2824 --- [patient-registry] [restartedMain] o.s.b.f.s.DefaultListableBeanFactory     : Creating shared instance of singleton bean 'pageModule'
2026-08-05T09:48:31.754+05:30 DEBUG 2824 --- [patient-registry] [restartedMain] o.s.b.f.s.DefaultListableBeanFactory     : Creating shared instance of singleton bean 'org.springframework.boot.transaction.jta.autoconfigure.JtaAutoConfiguration'
2026-08-05T09:48:31.754+05:30 DEBUG 2824 --- [patient-registry] [restartedMain] o.s.b.f.s.DefaultListableBeanFactory     : Creating shared instance of singleton bean 'org.springframework.boot.jdbc.autoconfigure.DataSourcePoolMetadataProvidersConfiguration'
2026-08-05T09:48:31.754+05:30 DEBUG 2824 --- [patient-registry] [restartedMain] o.s.b.f.s.DefaultListableBeanFactory     : Creating shared instance of singleton bean 'org.springframework.boot.jdbc.autoconfigure.DataSourceAutoConfiguration'
2026-08-05T09:48:31.755+05:30 DEBUG 2824 --- [patient-registry] [restartedMain] o.s.b.f.s.DefaultListableBeanFactory     : Creating shared instance of singleton bean 'org.springframework.boot.transaction.autoconfigure.TransactionManagerCustomizationAutoConfiguration'
2026-08-05T09:48:31.755+05:30 DEBUG 2824 --- [patient-registry] [restartedMain] o.s.b.f.s.DefaultListableBeanFactory     : Creating shared instance of singleton bean 'platformTransactionManagerCustomizers'
2026-08-05T09:48:31.756+05:30 DEBUG 2824 --- [patient-registry] [restartedMain] o.s.b.f.s.DefaultListableBeanFactory     : Creating shared instance of singleton bean 'transactionExecutionListeners'
2026-08-05T09:48:31.757+05:30 DEBUG 2824 --- [patient-registry] [restartedMain] o.s.b.f.s.DefaultListableBeanFactory     : Creating shared instance of singleton bean 'spring.transaction-org.springframework.boot.transaction.autoconfigure.TransactionProperties'
2026-08-05T09:48:31.757+05:30 DEBUG 2824 --- [patient-registry] [HikariPool-2:connection-adder] com.zaxxer.hikari.pool.PoolBase          : HikariPool-2 - Established new connection (e31f9d97-3a9f-4d42-af07-5595b9106e59)
2026-08-05T09:48:31.757+05:30 DEBUG 2824 --- [patient-registry] [HikariPool-2:connection-adder] com.zaxxer.hikari.pool.HikariPool        : HikariPool-2 - Added connection oracle.jdbc.driver.T4CConnection@5695d711
2026-08-05T09:48:31.758+05:30 DEBUG 2824 --- [patient-registry] [restartedMain] o.s.b.f.s.DefaultListableBeanFactory     : Creating shared instance of singleton bean 'org.springframework.boot.jpa.autoconfigure.JpaBaseConfiguration$PersistenceManagedTypesConfiguration'
2026-08-05T09:48:31.758+05:30 DEBUG 2824 --- [patient-registry] [restartedMain] o.s.b.f.s.DefaultListableBeanFactory     : Creating shared instance of singleton bean 'transactionManager'
2026-08-05T09:48:31.759+05:30 DEBUG 2824 --- [patient-registry] [restartedMain] o.s.b.f.s.DefaultListableBeanFactory     : Creating shared instance of singleton bean 'org.springframework.boot.hibernate.autoconfigure.HibernateJpaAutoConfiguration'
2026-08-05T09:48:31.759+05:30 DEBUG 2824 --- [patient-registry] [restartedMain] o.s.b.f.s.DefaultListableBeanFactory     : Creating shared instance of singleton bean 'org.springframework.boot.data.jpa.autoconfigure.DataJpaRepositoriesAutoConfiguration'
2026-08-05T09:48:31.759+05:30 DEBUG 2824 --- [patient-registry] [restartedMain] o.s.b.f.s.DefaultListableBeanFactory     : Creating shared instance of singleton bean 'eagerJpaMetamodelCacheCleanup'
2026-08-05T09:48:31.760+05:30 DEBUG 2824 --- [patient-registry] [restartedMain] o.s.b.f.s.DefaultListableBeanFactory     : Creating shared instance of singleton bean 'org.springframework.data.jpa.util.JpaMetamodelCacheCleanup'
2026-08-05T09:48:31.760+05:30 DEBUG 2824 --- [patient-registry] [restartedMain] o.s.b.f.s.DefaultListableBeanFactory     : Creating shared instance of singleton bean 'org.springframework.data.jpa.repository.support.JpaEvaluationContextExtension'
2026-08-05T09:48:31.760+05:30 DEBUG 2824 --- [patient-registry] [restartedMain] o.s.b.f.s.DefaultListableBeanFactory     : Creating shared instance of singleton bean 'data-jpa.repository-aot-processor#0'
2026-08-05T09:48:31.762+05:30 DEBUG 2824 --- [patient-registry] [restartedMain] o.s.b.f.s.DefaultListableBeanFactory     : Creating shared instance of singleton bean 'org.springframework.boot.devtools.autoconfigure.DevToolsDataSourceAutoConfiguration$DatabaseShutdownExecutorEntityManagerFactoryDependsOnConfiguration'
2026-08-05T09:48:31.762+05:30 DEBUG 2824 --- [patient-registry] [restartedMain] o.s.b.f.s.DefaultListableBeanFactory     : Creating shared instance of singleton bean 'org.springframework.boot.devtools.autoconfigure.LocalDevToolsAutoConfiguration$RestartConfiguration'
2026-08-05T09:48:31.763+05:30 DEBUG 2824 --- [patient-registry] [restartedMain] o.s.b.f.s.DefaultListableBeanFactory     : Creating shared instance of singleton bean 'spring.devtools-org.springframework.boot.devtools.autoconfigure.DevToolsProperties'
2026-08-05T09:48:31.765+05:30 DEBUG 2824 --- [patient-registry] [restartedMain] o.s.b.f.s.DefaultListableBeanFactory     : Autowiring by type from bean name 'org.springframework.boot.devtools.autoconfigure.LocalDevToolsAutoConfiguration$RestartConfiguration' via constructor to bean named 'spring.devtools-org.springframework.boot.devtools.autoconfigure.DevToolsProperties'
2026-08-05T09:48:31.765+05:30 DEBUG 2824 --- [patient-registry] [restartedMain] o.s.b.f.s.DefaultListableBeanFactory     : Creating shared instance of singleton bean 'restartingClassPathChangedEventListener'
2026-08-05T09:48:31.765+05:30 DEBUG 2824 --- [patient-registry] [restartedMain] o.s.b.f.s.DefaultListableBeanFactory     : Creating shared instance of singleton bean 'fileSystemWatcherFactory'
2026-08-05T09:48:31.765+05:30 DEBUG 2824 --- [patient-registry] [restartedMain] o.s.b.f.s.DefaultListableBeanFactory     : Autowiring by type from bean name 'restartingClassPathChangedEventListener' via factory method to bean named 'fileSystemWatcherFactory'
2026-08-05T09:48:31.766+05:30 DEBUG 2824 --- [patient-registry] [restartedMain] o.s.b.f.s.DefaultListableBeanFactory     : Creating shared instance of singleton bean 'classPathFileSystemWatcher'
2026-08-05T09:48:31.766+05:30 DEBUG 2824 --- [patient-registry] [restartedMain] o.s.b.f.s.DefaultListableBeanFactory     : Creating shared instance of singleton bean 'classPathRestartStrategy'
2026-08-05T09:48:31.766+05:30 DEBUG 2824 --- [patient-registry] [restartedMain] o.s.b.f.s.DefaultListableBeanFactory     : Autowiring by type from bean name 'classPathFileSystemWatcher' via factory method to bean named 'fileSystemWatcherFactory'
2026-08-05T09:48:31.767+05:30 DEBUG 2824 --- [patient-registry] [restartedMain] o.s.b.f.s.DefaultListableBeanFactory     : Autowiring by type from bean name 'classPathFileSystemWatcher' via factory method to bean named 'classPathRestartStrategy'
2026-08-05T09:48:31.767+05:30 DEBUG 2824 --- [patient-registry] [restartedMain] o.s.b.f.s.DefaultListableBeanFactory     : Creating shared instance of singleton bean 'conditionEvaluationDeltaLoggingListener'
2026-08-05T09:48:31.768+05:30 DEBUG 2824 --- [patient-registry] [restartedMain] o.s.b.f.s.DefaultListableBeanFactory     : Creating shared instance of singleton bean 'org.springframework.boot.devtools.autoconfigure.LocalDevToolsAutoConfiguration'
2026-08-05T09:48:31.768+05:30 DEBUG 2824 --- [patient-registry] [restartedMain] o.s.b.f.s.DefaultListableBeanFactory     : Creating shared instance of singleton bean 'org.springframework.boot.http.converter.autoconfigure.JacksonHttpMessageConvertersConfiguration'
2026-08-05T09:48:31.768+05:30 DEBUG 2824 --- [patient-registry] [restartedMain] o.s.b.f.s.DefaultListableBeanFactory     : Creating shared instance of singleton bean 'org.springframework.boot.http.converter.autoconfigure.Jackson2HttpMessageConvertersConfiguration'
2026-08-05T09:48:31.769+05:30 DEBUG 2824 --- [patient-registry] [restartedMain] o.s.b.f.s.DefaultListableBeanFactory     : Creating shared instance of singleton bean 'clientConvertersCustomizer'
2026-08-05T09:48:31.769+05:30 DEBUG 2824 --- [patient-registry] [restartedMain] o.s.b.f.s.DefaultListableBeanFactory     : Creating shared instance of singleton bean 'org.springframework.boot.jdbc.autoconfigure.JdbcTemplateConfiguration'
2026-08-05T09:48:31.769+05:30 DEBUG 2824 --- [patient-registry] [restartedMain] o.s.b.f.s.DefaultListableBeanFactory     : Creating shared instance of singleton bean 'jdbcTemplate'
2026-08-05T09:48:31.770+05:30 DEBUG 2824 --- [patient-registry] [restartedMain] o.s.b.f.s.DefaultListableBeanFactory     : Creating shared instance of singleton bean 'spring.jdbc-org.springframework.boot.jdbc.autoconfigure.JdbcProperties'
2026-08-05T09:48:31.771+05:30 DEBUG 2824 --- [patient-registry] [restartedMain] o.s.b.f.s.DefaultListableBeanFactory     : Autowiring by type from bean name 'jdbcTemplate' via factory method to bean named 'dataSource'
2026-08-05T09:48:31.771+05:30 DEBUG 2824 --- [patient-registry] [restartedMain] o.s.b.f.s.DefaultListableBeanFactory     : Autowiring by type from bean name 'jdbcTemplate' via factory method to bean named 'spring.jdbc-org.springframework.boot.jdbc.autoconfigure.JdbcProperties'
2026-08-05T09:48:31.772+05:30 DEBUG 2824 --- [patient-registry] [restartedMain] o.s.b.f.s.DefaultListableBeanFactory     : Creating shared instance of singleton bean 'org.springframework.boot.jdbc.autoconfigure.NamedParameterJdbcTemplateConfiguration'
2026-08-05T09:48:31.773+05:30 DEBUG 2824 --- [patient-registry] [restartedMain] o.s.b.f.s.DefaultListableBeanFactory     : Creating shared instance of singleton bean 'namedParameterJdbcTemplate'
2026-08-05T09:48:31.773+05:30 DEBUG 2824 --- [patient-registry] [restartedMain] o.s.b.f.s.DefaultListableBeanFactory     : Autowiring by type from bean name 'namedParameterJdbcTemplate' via factory method to bean named 'jdbcTemplate'
2026-08-05T09:48:31.773+05:30 DEBUG 2824 --- [patient-registry] [restartedMain] o.s.b.f.s.DefaultListableBeanFactory     : Creating shared instance of singleton bean 'org.springframework.boot.jdbc.autoconfigure.JdbcTemplateAutoConfiguration'
2026-08-05T09:48:31.773+05:30 DEBUG 2824 --- [patient-registry] [restartedMain] o.s.b.f.s.DefaultListableBeanFactory     : Creating shared instance of singleton bean 'org.springframework.boot.jdbc.autoconfigure.JdbcClientAutoConfiguration'
2026-08-05T09:48:31.774+05:30 DEBUG 2824 --- [patient-registry] [restartedMain] o.s.b.f.s.DefaultListableBeanFactory     : Creating shared instance of singleton bean 'jdbcClient'
2026-08-05T09:48:31.774+05:30 DEBUG 2824 --- [patient-registry] [restartedMain] o.s.b.f.s.DefaultListableBeanFactory     : Autowiring by type from bean name 'jdbcClient' via factory method to bean named 'namedParameterJdbcTemplate'
2026-08-05T09:48:31.774+05:30 DEBUG 2824 --- [patient-registry] [restartedMain] o.s.b.f.s.DefaultListableBeanFactory     : Creating shared instance of singleton bean 'org.springframework.boot.persistence.autoconfigure.PersistenceExceptionTranslationAutoConfiguration'
2026-08-05T09:48:31.774+05:30 DEBUG 2824 --- [patient-registry] [restartedMain] o.s.b.f.s.DefaultListableBeanFactory     : Creating shared instance of singleton bean 'multipartResolver'
2026-08-05T09:48:31.774+05:30 DEBUG 2824 --- [patient-registry] [restartedMain] o.s.b.f.s.DefaultListableBeanFactory     : Creating shared instance of singleton bean 'org.springframework.boot.jdbc.autoconfigure.DataSourceTransactionManagerAutoConfiguration$JdbcTransactionManagerConfiguration'
2026-08-05T09:48:31.775+05:30 DEBUG 2824 --- [patient-registry] [restartedMain] o.s.b.f.s.DefaultListableBeanFactory     : Creating shared instance of singleton bean 'org.springframework.boot.jdbc.autoconfigure.DataSourceTransactionManagerAutoConfiguration'
2026-08-05T09:48:31.775+05:30 DEBUG 2824 --- [patient-registry] [restartedMain] o.s.b.f.s.DefaultListableBeanFactory     : Creating shared instance of singleton bean 'org.springframework.boot.transaction.autoconfigure.TransactionAutoConfiguration$EnableTransactionManagementConfiguration$CglibAutoProxyConfiguration'
2026-08-05T09:48:31.775+05:30 DEBUG 2824 --- [patient-registry] [restartedMain] o.s.b.f.s.DefaultListableBeanFactory     : Creating shared instance of singleton bean 'org.springframework.boot.transaction.autoconfigure.TransactionAutoConfiguration$EnableTransactionManagementConfiguration'
2026-08-05T09:48:31.775+05:30 DEBUG 2824 --- [patient-registry] [restartedMain] o.s.b.f.s.DefaultListableBeanFactory     : Creating shared instance of singleton bean 'org.springframework.boot.transaction.autoconfigure.TransactionAutoConfiguration$TransactionTemplateConfiguration'
2026-08-05T09:48:31.775+05:30 DEBUG 2824 --- [patient-registry] [restartedMain] o.s.b.f.s.DefaultListableBeanFactory     : Creating shared instance of singleton bean 'transactionTemplate'
2026-08-05T09:48:31.776+05:30 DEBUG 2824 --- [patient-registry] [restartedMain] o.s.b.f.s.DefaultListableBeanFactory     : Autowiring by type from bean name 'transactionTemplate' via factory method to bean named 'transactionManager'
2026-08-05T09:48:31.776+05:30 DEBUG 2824 --- [patient-registry] [restartedMain] o.s.b.f.s.DefaultListableBeanFactory     : Creating shared instance of singleton bean 'org.springframework.boot.transaction.autoconfigure.TransactionAutoConfiguration'
2026-08-05T09:48:31.778+05:30 DEBUG 2824 --- [patient-registry] [restartedMain] o.s.c.e.EventListenerMethodProcessor     : 1 @EventListener methods processed on bean 'springDocAppInitializer': {public void org.springdoc.core.events.SpringDocAppInitializer.init()=@org.springframework.context.event.EventListener(classes={org.springframework.boot.context.event.ApplicationReadyEvent.class}, condition="", defaultExecution=true, id="", value={org.springframework.boot.context.event.ApplicationReadyEvent.class})}
2026-08-05T09:48:31.779+05:30 DEBUG 2824 --- [patient-registry] [restartedMain] o.s.c.e.EventListenerMethodProcessor     : 1 @EventListener methods processed on bean 'springDocSwaggerInitializer': {public void org.springdoc.core.events.SpringDocAppInitializer.init()=@org.springframework.context.event.EventListener(classes={org.springframework.boot.context.event.ApplicationReadyEvent.class}, condition="", defaultExecution=true, id="", value={org.springframework.boot.context.event.ApplicationReadyEvent.class})}
2026-08-05T09:48:31.783+05:30 DEBUG 2824 --- [patient-registry] [restartedMain] o.s.c.support.DefaultLifecycleProcessor  : Starting beans in phase -2147483647
2026-08-05T09:48:31.783+05:30 DEBUG 2824 --- [patient-registry] [restartedMain] o.s.c.support.DefaultLifecycleProcessor  : Successfully started bean 'springBootLoggingLifecycle'
2026-08-05T09:48:31.783+05:30 DEBUG 2824 --- [patient-registry] [restartedMain] o.s.c.support.DefaultLifecycleProcessor  : Starting beans in phase 1073741823
2026-08-05T09:48:31.783+05:30 DEBUG 2824 --- [patient-registry] [restartedMain] o.s.c.support.DefaultLifecycleProcessor  : Starting beans in phase 2147481599
2026-08-05T09:48:31.787+05:30  INFO 2824 --- [patient-registry] [restartedMain] o.s.boot.tomcat.TomcatWebServer          : Tomcat started on port 9999 (http) with context path '/premit'
2026-08-05T09:48:31.788+05:30 DEBUG 2824 --- [patient-registry] [HikariPool-2:connection-adder] com.zaxxer.hikari.pool.HikariPool        : HikariPool-2 - After adding stats (total=5/10, idle=5/10, active=0, waiting=0)
2026-08-05T09:48:31.788+05:30 DEBUG 2824 --- [patient-registry] [HikariPool-2:connection-adder] com.zaxxer.hikari.pool.PoolBase          : HikariPool-2 - Attempting to create/setup new connection (36730508-2f9e-4c1b-992d-75a09d663a20)
2026-08-05T09:48:31.788+05:30 DEBUG 2824 --- [patient-registry] [restartedMain] o.s.c.support.DefaultLifecycleProcessor  : Successfully started bean 'webServerStartStop'
2026-08-05T09:48:31.788+05:30 DEBUG 2824 --- [patient-registry] [restartedMain] o.s.c.support.DefaultLifecycleProcessor  : Starting beans in phase 2147482623
2026-08-05T09:48:31.788+05:30 DEBUG 2824 --- [patient-registry] [restartedMain] o.s.c.support.DefaultLifecycleProcessor  : Successfully started bean 'webServerGracefulShutdown'
2026-08-05T09:48:31.795+05:30 DEBUG 2824 --- [patient-registry] [restartedMain] .s.b.a.l.ConditionEvaluationReportLogger : 


============================
CONDITIONS EVALUATION REPORT
============================


Positive matches:
-----------------

   AopAutoConfiguration matched:
      - @ConditionalOnBooleanProperty (spring.aop.auto=true) matched (OnPropertyCondition)

   AopAutoConfiguration.AspectJAutoProxyingConfiguration matched:
      - @ConditionalOnClass found required class 'org.aspectj.weaver.Advice' (OnClassCondition)

   AopAutoConfiguration.AspectJAutoProxyingConfiguration.CglibAutoProxyConfiguration matched:
      - @ConditionalOnBooleanProperty (spring.aop.proxy-target-class=true) matched (OnPropertyCondition)

   ApplicationAvailabilityAutoConfiguration#applicationAvailability matched:
      - @ConditionalOnMissingBean (types: org.springframework.boot.availability.ApplicationAvailability; SearchStrategy: all) did not find any beans (OnBeanCondition)

   DataJpaRepositoriesAutoConfiguration matched:
      - @ConditionalOnClass found required class 'org.springframework.data.jpa.repository.JpaRepository' (OnClassCondition)
      - @ConditionalOnBooleanProperty (spring.data.jpa.repositories.enabled=true) matched (OnPropertyCondition)
      - @ConditionalOnBean (types: javax.sql.DataSource; SearchStrategy: all) found bean 'dataSource'; @ConditionalOnMissingBean (types: org.springframework.data.jpa.repository.support.JpaRepositoryFactoryBean,org.springframework.data.jpa.repository.config.JpaRepositoryConfigExtension; SearchStrategy: all) did not find any beans (OnBeanCondition)

   DataSourceAutoConfiguration matched:
      - @ConditionalOnClass found required classes 'javax.sql.DataSource', 'org.springframework.jdbc.datasource.embedded.EmbeddedDatabaseType' (OnClassCondition)
      - @ConditionalOnMissingBean (types: io.r2dbc.spi.ConnectionFactory; SearchStrategy: all) did not find any beans (OnBeanCondition)

   DataSourceAutoConfiguration.PooledDataSourceConfiguration matched:
      - AnyNestedCondition 1 matched 1 did not; NestedCondition on DataSourceAutoConfiguration.PooledDataSourceCondition.PooledDataSourceAvailable PooledDataSource found supported DataSource; NestedCondition on DataSourceAutoConfiguration.PooledDataSourceCondition.ExplicitType @ConditionalOnProperty (spring.datasource.type) did not find property 'spring.datasource.type' (DataSourceAutoConfiguration.PooledDataSourceCondition)
      - @ConditionalOnMissingBean (types: javax.sql.DataSource,javax.sql.XADataSource; SearchStrategy: all) did not find any beans (OnBeanCondition)

   DataSourceAutoConfiguration.PooledDataSourceConfiguration#jdbcConnectionDetails matched:
      - @ConditionalOnMissingBean (types: org.springframework.boot.jdbc.autoconfigure.JdbcConnectionDetails; SearchStrategy: all) did not find any beans (OnBeanCondition)

   DataSourceConfiguration.Hikari matched:
      - @ConditionalOnClass found required class 'com.zaxxer.hikari.HikariDataSource' (OnClassCondition)
      - @ConditionalOnProperty (spring.datasource.type=com.zaxxer.hikari.HikariDataSource) matched (OnPropertyCondition)
      - @ConditionalOnMissingBean (types: javax.sql.DataSource; SearchStrategy: all) did not find any beans (OnBeanCondition)

   DataSourceInitializationAutoConfiguration matched:
      - @ConditionalOnClass found required class 'org.springframework.jdbc.datasource.init.DatabasePopulator' (OnClassCondition)
      - SQL InitializationDatabase Initialization default value is EMBEDDED (OnSqlInitializationCondition)
      - @ConditionalOnSingleCandidate (types: javax.sql.DataSource; SearchStrategy: all) found a single bean 'dataSource'; @ConditionalOnMissingBean (types: org.springframework.boot.sql.autoconfigure.init.ApplicationScriptDatabaseInitializer; SearchStrategy: all) did not find any beans (OnBeanCondition)

   DataSourcePoolMetadataProvidersConfiguration.HikariPoolDataSourceMetadataProviderConfiguration matched:
      - @ConditionalOnClass found required class 'com.zaxxer.hikari.HikariDataSource' (OnClassCondition)

   DataSourceTransactionManagerAutoConfiguration matched:
      - @ConditionalOnClass found required classes 'javax.sql.DataSource', 'org.springframework.jdbc.core.JdbcTemplate', 'org.springframework.transaction.TransactionManager' (OnClassCondition)

   DataSourceTransactionManagerAutoConfiguration.JdbcTransactionManagerConfiguration matched:
      - @ConditionalOnSingleCandidate (types: javax.sql.DataSource; SearchStrategy: all) found a single bean 'dataSource' (OnBeanCondition)

   DataWebAutoConfiguration matched:
      - @ConditionalOnClass found required classes 'org.springframework.data.web.PageableHandlerMethodArgumentResolver', 'org.springframework.web.servlet.config.annotation.WebMvcConfigurer' (OnClassCondition)
      - found 'session' scope (OnWebApplicationCondition)
      - @ConditionalOnMissingBean (types: org.springframework.data.web.PageableHandlerMethodArgumentResolver; SearchStrategy: all) did not find any beans (OnBeanCondition)

   DataWebAutoConfiguration#pageableCustomizer matched:
      - @ConditionalOnMissingBean (types: org.springframework.data.web.config.PageableHandlerMethodArgumentResolverCustomizer; SearchStrategy: all) did not find any beans (OnBeanCondition)

   DataWebAutoConfiguration#sortCustomizer matched:
      - @ConditionalOnMissingBean (types: org.springframework.data.web.config.SortHandlerMethodArgumentResolverCustomizer; SearchStrategy: all) did not find any beans (OnBeanCondition)

   DataWebAutoConfiguration#springDataWebSettings matched:
      - @ConditionalOnMissingBean (types: org.springframework.data.web.config.SpringDataWebSettings; SearchStrategy: all) did not find any beans (OnBeanCondition)

   DevToolsDataSourceAutoConfiguration matched:
      - @ConditionalOnClass found required class 'javax.sql.DataSource' (OnClassCondition)
      - Devtools devtools enabled. (OnEnabledDevToolsCondition)
      - DevTools DataSource Condition found auto-configured DataSource (DevToolsDataSourceAutoConfiguration.DevToolsDataSourceCondition)

   DevToolsDataSourceAutoConfiguration.DatabaseShutdownExecutorEntityManagerFactoryDependsOnConfiguration matched:
      - @ConditionalOnClass found required classes 'org.springframework.boot.jpa.autoconfigure.EntityManagerFactoryDependsOnPostProcessor', 'org.springframework.orm.jpa.LocalContainerEntityManagerFactoryBean' (OnClassCondition)
      - @ConditionalOnBean (types: org.springframework.orm.jpa.AbstractEntityManagerFactoryBean; SearchStrategy: all) found bean '&entityManagerFactory' (OnBeanCondition)

   DispatcherServletAutoConfiguration matched:
      - @ConditionalOnClass found required class 'org.springframework.web.servlet.DispatcherServlet' (OnClassCondition)
      - found 'session' scope (OnWebApplicationCondition)

   DispatcherServletAutoConfiguration.DispatcherServletConfiguration matched:
      - @ConditionalOnClass found required class 'jakarta.servlet.ServletRegistration' (OnClassCondition)
      - Default DispatcherServlet did not find dispatcher servlet beans (DispatcherServletAutoConfiguration.DefaultDispatcherServletCondition)

   DispatcherServletAutoConfiguration.DispatcherServletRegistrationConfiguration matched:
      - @ConditionalOnClass found required class 'jakarta.servlet.ServletRegistration' (OnClassCondition)
      - DispatcherServlet Registration did not find servlet registration bean (DispatcherServletAutoConfiguration.DispatcherServletRegistrationCondition)

   DispatcherServletAutoConfiguration.DispatcherServletRegistrationConfiguration#dispatcherServletRegistration matched:
      - @ConditionalOnBean (names: dispatcherServlet types: org.springframework.web.servlet.DispatcherServlet; SearchStrategy: all) found bean 'dispatcherServlet' (OnBeanCondition)

   ErrorMvcAutoConfiguration matched:
      - @ConditionalOnClass found required classes 'jakarta.servlet.Servlet', 'org.springframework.web.servlet.DispatcherServlet' (OnClassCondition)
      - found 'session' scope (OnWebApplicationCondition)

   ErrorMvcAutoConfiguration#basicErrorController matched:
      - @ConditionalOnMissingBean (types: org.springframework.boot.webmvc.error.ErrorController; SearchStrategy: current) did not find any beans (OnBeanCondition)

   ErrorMvcAutoConfiguration#errorAttributes matched:
      - @ConditionalOnMissingBean (types: org.springframework.boot.webmvc.error.ErrorAttributes; SearchStrategy: current) did not find any beans (OnBeanCondition)

   ErrorMvcAutoConfiguration.DefaultErrorViewResolverConfiguration#conventionErrorViewResolver matched:
      - @ConditionalOnBean (types: org.springframework.web.servlet.DispatcherServlet; SearchStrategy: all) found bean 'dispatcherServlet'; @ConditionalOnMissingBean (types: org.springframework.boot.webmvc.autoconfigure.error.ErrorViewResolver; SearchStrategy: all) did not find any beans (OnBeanCondition)

   ErrorMvcAutoConfiguration.WhitelabelErrorViewConfiguration matched:
      - @ConditionalOnBooleanProperty (spring.web.error.whitelabel.enabled=true) matched (OnPropertyCondition)
      - ErrorTemplate Missing did not find error template view (ErrorMvcAutoConfiguration.ErrorTemplateMissingCondition)

   ErrorMvcAutoConfiguration.WhitelabelErrorViewConfiguration#beanNameViewResolver matched:
      - @ConditionalOnMissingBean (types: org.springframework.web.servlet.view.BeanNameViewResolver; SearchStrategy: all) did not find any beans (OnBeanCondition)

   ErrorMvcAutoConfiguration.WhitelabelErrorViewConfiguration#defaultErrorView matched:
      - @ConditionalOnMissingBean (names: error; SearchStrategy: all) did not find any beans (OnBeanCondition)

   HibernateJpaAutoConfiguration matched:
      - @ConditionalOnClass found required classes 'org.springframework.orm.jpa.LocalContainerEntityManagerFactoryBean', 'jakarta.persistence.EntityManager', 'org.hibernate.engine.spi.SessionImplementor' (OnClassCondition)

   HibernateJpaConfiguration matched:
      - @ConditionalOnSingleCandidate (types: javax.sql.DataSource; SearchStrategy: all) found a single bean 'dataSource' (OnBeanCondition)

   HttpEncodingAutoConfiguration matched:
      - @ConditionalOnClass found required class 'org.springframework.web.filter.CharacterEncodingFilter' (OnClassCondition)
      - found 'session' scope (OnWebApplicationCondition)
      - @ConditionalOnBooleanProperty (spring.servlet.encoding.enabled=true) matched (OnPropertyCondition)

   HttpEncodingAutoConfiguration#characterEncodingFilter matched:
      - @ConditionalOnMissingBean (types: org.springframework.web.filter.CharacterEncodingFilter; SearchStrategy: all) did not find any beans (OnBeanCondition)

   HttpMessageConvertersAutoConfiguration matched:
      - @ConditionalOnClass found required class 'org.springframework.http.converter.HttpMessageConverter' (OnClassCondition)
      - NoneNestedConditions 0 matched 1 did not; NestedCondition on HttpMessageConvertersAutoConfiguration.NotReactiveWebApplicationCondition.ReactiveWebApplication did not find reactive web application classes (HttpMessageConvertersAutoConfiguration.NotReactiveWebApplicationCondition)

   HttpMessageConvertersAutoConfiguration.StringHttpMessageConverterConfiguration#stringHttpMessageConvertersCustomizer matched:
      - @ConditionalOnMissingBean (types: org.springframework.http.converter.StringHttpMessageConverter; SearchStrategy: all) did not find any beans (OnBeanCondition)

   JacksonAutoConfiguration matched:
      - @ConditionalOnClass found required class 'tools.jackson.databind.json.JsonMapper' (OnClassCondition)

   JacksonAutoConfiguration#jacksonJsonMapper matched:
      - @ConditionalOnMissingBean (types: tools.jackson.databind.json.JsonMapper; SearchStrategy: all) did not find any beans (OnBeanCondition)

   JacksonAutoConfiguration#jsonMapperBuilder matched:
      - @ConditionalOnMissingBean (types: tools.jackson.databind.json.JsonMapper$Builder; SearchStrategy: all) did not find any beans (OnBeanCondition)

   JacksonAutoConfiguration.JsonProblemDetailsConfiguration matched:
      - @ConditionalOnClass found required class 'org.springframework.http.ProblemDetail' (OnClassCondition)

   JacksonHttpMessageConvertersConfiguration.JacksonJsonHttpMessageConverterConfiguration matched:
      - @ConditionalOnClass found required class 'tools.jackson.databind.json.JsonMapper' (OnClassCondition)
      - @ConditionalOnProperty (spring.http.converters.preferred-json-mapper=jackson) matched (OnPropertyCondition)
      - @ConditionalOnBean (types: tools.jackson.databind.json.JsonMapper; SearchStrategy: all) found bean 'jacksonJsonMapper' (OnBeanCondition)

   JacksonHttpMessageConvertersConfiguration.JacksonJsonHttpMessageConverterConfiguration#jacksonJsonHttpMessageConvertersCustomizer matched:
      - @ConditionalOnMissingBean (types: org.springframework.http.converter.json.JacksonJsonHttpMessageConverter ignored: org.springframework.hateoas.server.mvc.TypeConstrainedJacksonJsonHttpMessageConverter,org.springframework.data.rest.webmvc.alps.AlpsJacksonJsonHttpMessageConverter; SearchStrategy: all) did not find any beans (OnBeanCondition)

   JdbcClientAutoConfiguration matched:
      - @ConditionalOnSingleCandidate (types: org.springframework.jdbc.core.namedparam.NamedParameterJdbcTemplate; SearchStrategy: all) found a single bean 'namedParameterJdbcTemplate'; @ConditionalOnMissingBean (types: org.springframework.jdbc.core.simple.JdbcClient; SearchStrategy: all) did not find any beans (OnBeanCondition)

   JdbcTemplateAutoConfiguration matched:
      - @ConditionalOnClass found required classes 'javax.sql.DataSource', 'org.springframework.jdbc.core.JdbcTemplate' (OnClassCondition)
      - @ConditionalOnSingleCandidate (types: javax.sql.DataSource; SearchStrategy: all) found a single bean 'dataSource' (OnBeanCondition)

   JdbcTemplateConfiguration matched:
      - @ConditionalOnMissingBean (types: org.springframework.jdbc.core.JdbcOperations; SearchStrategy: all) did not find any beans (OnBeanCondition)

   JpaBaseConfiguration#entityManagerFactory matched:
      - @ConditionalOnMissingBean (types: org.springframework.orm.jpa.LocalContainerEntityManagerFactoryBean,jakarta.persistence.EntityManagerFactory; SearchStrategy: all) did not find any beans (OnBeanCondition)

   JpaBaseConfiguration#entityManagerFactoryBuilder matched:
      - @ConditionalOnMissingBean (types: org.springframework.boot.jpa.EntityManagerFactoryBuilder; SearchStrategy: all) did not find any beans (OnBeanCondition)

   JpaBaseConfiguration#jpaVendorAdapter matched:
      - @ConditionalOnMissingBean (types: org.springframework.orm.jpa.JpaVendorAdapter; SearchStrategy: all) did not find any beans (OnBeanCondition)

   JpaBaseConfiguration#transactionManager matched:
      - @ConditionalOnMissingBean (types: org.springframework.transaction.TransactionManager; SearchStrategy: all) did not find any beans (OnBeanCondition)

   JpaBaseConfiguration.JpaWebConfiguration matched:
      - @ConditionalOnClass found required class 'org.springframework.web.servlet.config.annotation.WebMvcConfigurer' (OnClassCondition)
      - found 'session' scope (OnWebApplicationCondition)
      - @ConditionalOnBooleanProperty (spring.jpa.open-in-view=true) matched (OnPropertyCondition)
      - @ConditionalOnMissingBean (types: org.springframework.orm.jpa.support.OpenEntityManagerInViewInterceptor,org.springframework.orm.jpa.support.OpenEntityManagerInViewFilter; SearchStrategy: all) did not find any beans (OnBeanCondition)

   JpaBaseConfiguration.PersistenceManagedTypesConfiguration matched:
      - @ConditionalOnMissingBean (types: org.springframework.orm.jpa.LocalContainerEntityManagerFactoryBean,jakarta.persistence.EntityManagerFactory; SearchStrategy: all) did not find any beans (OnBeanCondition)

   JpaBaseConfiguration.PersistenceManagedTypesConfiguration#persistenceManagedTypes matched:
      - @ConditionalOnMissingBean (types: org.springframework.orm.jpa.persistenceunit.PersistenceManagedTypes; SearchStrategy: all) did not find any beans (OnBeanCondition)

   JtaAutoConfiguration matched:
      - @ConditionalOnClass found required class 'jakarta.transaction.Transaction' (OnClassCondition)
      - @ConditionalOnBooleanProperty (spring.jta.enabled=true) matched (OnPropertyCondition)

   LifecycleAutoConfiguration#defaultLifecycleProcessor matched:
      - @ConditionalOnMissingBean (names: lifecycleProcessor; SearchStrategy: current) did not find any beans (OnBeanCondition)

   LocalDevToolsAutoConfiguration matched:
      - Initialized Restarter Condition available and initialized (OnInitializedRestarterCondition)

   LocalDevToolsAutoConfiguration.RestartConfiguration matched:
      - @ConditionalOnBooleanProperty (spring.devtools.restart.enabled=true) matched (OnPropertyCondition)

   LocalDevToolsAutoConfiguration.RestartConfiguration#classPathFileSystemWatcher matched:
      - @ConditionalOnMissingBean (types: org.springframework.boot.devtools.classpath.ClassPathFileSystemWatcher; SearchStrategy: all) did not find any beans (OnBeanCondition)

   LocalDevToolsAutoConfiguration.RestartConfiguration#classPathRestartStrategy matched:
      - @ConditionalOnMissingBean (types: org.springframework.boot.devtools.classpath.ClassPathRestartStrategy; SearchStrategy: all) did not find any beans (OnBeanCondition)

   LocalDevToolsAutoConfiguration.RestartConfiguration#conditionEvaluationDeltaLoggingListener matched:
      - @ConditionalOnBooleanProperty (spring.devtools.restart.log-condition-evaluation-delta=true) matched (OnPropertyCondition)

   MultipartAutoConfiguration matched:
      - @ConditionalOnClass found required classes 'jakarta.servlet.Servlet', 'org.springframework.web.multipart.support.StandardServletMultipartResolver', 'jakarta.servlet.MultipartConfigElement' (OnClassCondition)
      - found 'session' scope (OnWebApplicationCondition)
      - @ConditionalOnBooleanProperty (spring.servlet.multipart.enabled=true) matched (OnPropertyCondition)

   MultipartAutoConfiguration#multipartConfigElement matched:
      - @ConditionalOnMissingBean (types: jakarta.servlet.MultipartConfigElement; SearchStrategy: all) did not find any beans (OnBeanCondition)

   MultipartAutoConfiguration#multipartResolver matched:
      - @ConditionalOnMissingBean (types: org.springframework.web.multipart.MultipartResolver; SearchStrategy: all) did not find any beans (OnBeanCondition)

   NamedParameterJdbcTemplateConfiguration matched:
      - @ConditionalOnSingleCandidate (types: org.springframework.jdbc.core.JdbcTemplate; SearchStrategy: all) found a single bean 'jdbcTemplate'; @ConditionalOnMissingBean (types: org.springframework.jdbc.core.namedparam.NamedParameterJdbcOperations; SearchStrategy: all) did not find any beans (OnBeanCondition)

   PersistenceExceptionTranslationAutoConfiguration matched:
      - @ConditionalOnClass found required class 'org.springframework.dao.annotation.PersistenceExceptionTranslationPostProcessor' (OnClassCondition)

   PersistenceExceptionTranslationAutoConfiguration#persistenceExceptionTranslationPostProcessor matched:
      - @ConditionalOnBooleanProperty (spring.persistence.exceptiontranslation.enabled=true) matched (OnPropertyCondition)
      - @ConditionalOnMissingBean (types: org.springframework.dao.annotation.PersistenceExceptionTranslationPostProcessor; SearchStrategy: all) did not find any beans (OnBeanCondition)

   PropertyPlaceholderAutoConfiguration#propertySourcesPlaceholderConfigurer matched:
      - @ConditionalOnMissingBean (types: org.springframework.context.support.PropertySourcesPlaceholderConfigurer; SearchStrategy: current) did not find any beans (OnBeanCondition)

   SpringDocConfigProperties matched:
      - @ConditionalOnProperty (springdoc.api-docs.enabled) matched (OnPropertyCondition)
      - @ConditionalOnBean (types: org.springdoc.core.configuration.SpringDocConfiguration; SearchStrategy: all) found bean 'org.springdoc.core.configuration.SpringDocConfiguration' (OnBeanCondition)

   SpringDocConfiguration matched:
      - @ConditionalOnWebApplication (required) found 'session' scope (OnWebApplicationCondition)
      - @ConditionalOnProperty (springdoc.api-docs.enabled) matched (OnPropertyCondition)

   SpringDocConfiguration#fileSupportConverter matched:
      - @ConditionalOnMissingBean (types: org.springdoc.core.converters.FileSupportConverter; SearchStrategy: all) did not find any beans (OnBeanCondition)

   SpringDocConfiguration#globalOpenApiCustomizer matched:
      - @ConditionalOnMissingBean (names: globalOpenApiCustomizer; SearchStrategy: all) did not find any beans (OnBeanCondition)

   SpringDocConfiguration#initExtraSchemas matched:
      - @ConditionalOnProperty (springdoc.enable-extra-schemas) matched (OnPropertyCondition)

   SpringDocConfiguration#methodParameterPojoExtractor matched:
      - @ConditionalOnMissingBean (types: org.springdoc.core.extractor.MethodParameterPojoExtractor; SearchStrategy: all) did not find any beans (OnBeanCondition)

   SpringDocConfiguration#openAPIBuilder matched:
      - @ConditionalOnMissingBean (types: org.springdoc.core.service.OpenAPIService; SearchStrategy: all) did not find any beans (OnBeanCondition)

   SpringDocConfiguration#operationBuilder matched:
      - @ConditionalOnMissingBean (types: org.springdoc.core.service.OperationService; SearchStrategy: all) did not find any beans (OnBeanCondition)

   SpringDocConfiguration#parameterBuilder matched:
      - @ConditionalOnMissingBean (types: org.springdoc.core.service.GenericParameterService; SearchStrategy: all) did not find any beans (OnBeanCondition)

   SpringDocConfiguration#parameterObjectNamingStrategyCustomizer matched:
      - @ConditionalOnMissingBean (types: org.springdoc.core.customizers.ParameterObjectNamingStrategyCustomizer; SearchStrategy: all) did not find any beans (OnBeanCondition)

   SpringDocConfiguration#polymorphicModelConverter matched:
      - @ConditionalOnProperty (springdoc.model-converters.polymorphic-converter.enabled) matched (OnPropertyCondition)
      - @ConditionalOnMissingBean (types: org.springdoc.core.converters.PolymorphicModelConverter; SearchStrategy: all) did not find any beans (OnBeanCondition)

   SpringDocConfiguration#requestBodyBuilder matched:
      - @ConditionalOnMissingBean (types: org.springdoc.core.service.RequestBodyService; SearchStrategy: all) did not find any beans (OnBeanCondition)

   SpringDocConfiguration#responseSupportConverter matched:
      - @ConditionalOnMissingBean (types: org.springdoc.core.converters.ResponseSupportConverter; SearchStrategy: all) did not find any beans (OnBeanCondition)

   SpringDocConfiguration#schemaPropertyDeprecatingConverter matched:
      - @ConditionalOnProperty (springdoc.model-converters.deprecating-converter.enabled) matched (OnPropertyCondition)
      - @ConditionalOnMissingBean (types: org.springdoc.core.converters.SchemaPropertyDeprecatingConverter; SearchStrategy: all) did not find any beans (OnBeanCondition)

   SpringDocConfiguration#schemaUtils matched:
      - @ConditionalOnMissingBean (types: org.springdoc.core.utils.SchemaUtils; SearchStrategy: all) did not find any beans (OnBeanCondition)

   SpringDocConfiguration#securityParser matched:
      - @ConditionalOnMissingBean (types: org.springdoc.core.service.SecurityService; SearchStrategy: all) did not find any beans (OnBeanCondition)

   SpringDocConfiguration#springDocAppInitializer matched:
      - @ConditionalOnMissingBean (names: springDocAppInitializer; SearchStrategy: all) did not find any beans (OnBeanCondition)

   SpringDocConfiguration#springDocCustomizers matched:
      - @ConditionalOnMissingBean (types: org.springdoc.core.customizers.SpringDocCustomizers; SearchStrategy: all) did not find any beans (OnBeanCondition)

   SpringDocConfiguration#springDocProviders matched:
      - @ConditionalOnMissingBean (types: org.springdoc.core.providers.SpringDocProviders; SearchStrategy: all) did not find any beans (OnBeanCondition)

   SpringDocConfiguration#springdocObjectMapperProvider matched:
      - @ConditionalOnMissingBean (types: org.springdoc.core.providers.ObjectMapperProvider; SearchStrategy: all) did not find any beans (OnBeanCondition)

   SpringDocConfiguration.QuerydslProvider matched:
      - @ConditionalOnClass found required class 'org.springframework.data.querydsl.binding.QuerydslBindingsFactory' (OnClassCondition)

   SpringDocConfiguration.QuerydslProvider#queryDslQuerydslPredicateOperationCustomizer matched:
      - @ConditionalOnMissingBean (types: org.springdoc.core.customizers.QuerydslPredicateOperationCustomizer; SearchStrategy: all) did not find any beans (OnBeanCondition)

   SpringDocConfiguration.SpringDocSpringDataWebPropertiesProvider matched:
      - @ConditionalOnClass found required class 'org.springframework.boot.data.autoconfigure.web.DataWebProperties' (OnClassCondition)

   SpringDocConfiguration.SpringDocSpringDataWebPropertiesProvider#springDataWebPropertiesProvider matched:
      - @ConditionalOnMissingBean (types: org.springdoc.core.providers.SpringDataWebPropertiesProvider; SearchStrategy: all) did not find any beans (OnBeanCondition)

   SpringDocConfiguration.WebConversionServiceConfiguration matched:
      - @ConditionalOnClass found required class 'org.springframework.boot.autoconfigure.web.format.WebConversionService' (OnClassCondition)

   SpringDocPageableConfiguration matched:
      - @ConditionalOnClass found required class 'org.springframework.data.domain.Pageable' (OnClassCondition)
      - @ConditionalOnWebApplication (required) found 'session' scope (OnWebApplicationCondition)
      - @ConditionalOnProperty (springdoc.api-docs.enabled) matched (OnPropertyCondition)
      - @ConditionalOnBean (types: org.springdoc.core.configuration.SpringDocConfiguration; SearchStrategy: all) found bean 'org.springdoc.core.configuration.SpringDocConfiguration' (OnBeanCondition)

   SpringDocPageableConfiguration#dataRestDelegatingMethodParameterCustomizer matched:
      - @ConditionalOnMissingBean (types: org.springdoc.core.customizers.DataRestDelegatingMethodParameterCustomizer; SearchStrategy: all) did not find any beans (OnBeanCondition)

   SpringDocPageableConfiguration#pageOpenAPIConverter matched:
      - @ConditionalOnClass found required classes 'org.springframework.data.web.PagedModel', 'org.springframework.data.web.config.SpringDataWebSettings' (OnClassCondition)
      - @ConditionalOnMissingBean (types: org.springdoc.core.converters.PageOpenAPIConverter; SearchStrategy: all) did not find any beans (OnBeanCondition)

   SpringDocPageableConfiguration#pageableOpenAPIConverter matched:
      - @ConditionalOnProperty (springdoc.model-converters.pageable-converter.enabled) matched (OnPropertyCondition)
      - @ConditionalOnMissingBean (types: org.springdoc.core.converters.PageableOpenAPIConverter; SearchStrategy: all) did not find any beans (OnBeanCondition)

   SpringDocSortConfiguration matched:
      - @ConditionalOnClass found required class 'org.springframework.data.domain.Sort' (OnClassCondition)
      - @ConditionalOnWebApplication (required) found 'session' scope (OnWebApplicationCondition)
      - @ConditionalOnProperty (springdoc.api-docs.enabled) matched (OnPropertyCondition)
      - @ConditionalOnBean (types: org.springdoc.core.configuration.SpringDocConfiguration; SearchStrategy: all) found bean 'org.springdoc.core.configuration.SpringDocConfiguration' (OnBeanCondition)

   SpringDocSortConfiguration#sortOpenAPIConverter matched:
      - @ConditionalOnProperty (springdoc.sort-converter.enabled) matched (OnPropertyCondition)
      - @ConditionalOnMissingBean (types: org.springdoc.core.converters.SortOpenAPIConverter; SearchStrategy: all) did not find any beans (OnBeanCondition)

   SpringDocWebMvcConfiguration matched:
      - found 'session' scope (OnWebApplicationCondition)
      - @ConditionalOnProperty (springdoc.api-docs.enabled) matched (OnPropertyCondition)
      - @ConditionalOnBean (types: org.springdoc.core.configuration.SpringDocConfiguration; SearchStrategy: all) found bean 'org.springdoc.core.configuration.SpringDocConfiguration' (OnBeanCondition)

   SpringDocWebMvcConfiguration#openApiResource matched:
      - @ConditionalOnExpression (#{(${springdoc.use-management-port:false} == false ) and ${springdoc.enable-default-api-docs:true}}) resulted in true (OnExpressionCondition)
      - @ConditionalOnMissingBean (types: org.springdoc.webmvc.api.OpenApiWebMvcResource; SearchStrategy: all) did not find any beans (OnBeanCondition)

   SpringDocWebMvcConfiguration#requestBuilder matched:
      - @ConditionalOnMissingBean (types: org.springdoc.webmvc.core.service.RequestService; SearchStrategy: all) did not find any beans (OnBeanCondition)

   SpringDocWebMvcConfiguration#responseBuilder matched:
      - @ConditionalOnMissingBean (types: org.springdoc.core.service.GenericResponseService; SearchStrategy: all) did not find any beans (OnBeanCondition)

   SpringDocWebMvcConfiguration#springWebProvider matched:
      - @ConditionalOnMissingBean (types: org.springdoc.core.providers.SpringWebProvider; SearchStrategy: all) did not find any beans (OnBeanCondition)

   SpringDocWebMvcConfiguration.SpringDocWebMvcActuatorConfiguration matched:
      - @ConditionalOnClass found required class 'org.springframework.boot.webmvc.actuate.endpoint.web.WebMvcEndpointHandlerMapping' (OnClassCondition)

   SpringDocWebMvcConfiguration.SpringDocWebMvcRouterConfiguration matched:
      - @ConditionalOnClass found required class 'org.springframework.web.servlet.function.RouterFunction' (OnClassCondition)

   SpringDocWebMvcConfiguration.SpringDocWebMvcRouterConfiguration#routerFunctionProvider matched:
      - @ConditionalOnMissingBean (types: org.springdoc.webmvc.core.providers.RouterFunctionWebMvcProvider; SearchStrategy: all) did not find any beans (OnBeanCondition)

   SpringDocWebServerConfiguration.EmbeddedWebServerConfiguration matched:
      - @ConditionalOnClass found required classes 'org.springframework.boot.web.server.context.WebServerInitializedEvent', 'org.springframework.boot.web.server.autoconfigure.ServerProperties' (OnClassCondition)

   SslAutoConfiguration#sslBundleRegistry matched:
      - @ConditionalOnMissingBean (types: org.springframework.boot.ssl.SslBundleRegistry,org.springframework.boot.ssl.SslBundles; SearchStrategy: all) did not find any beans (OnBeanCondition)

   SwaggerConfig matched:
      - found 'session' scope (OnWebApplicationCondition)
      - @ConditionalOnProperty (springdoc.swagger-ui.enabled) matched (OnPropertyCondition)
      - @ConditionalOnBean (types: org.springdoc.core.configuration.SpringDocConfiguration; SearchStrategy: all) found bean 'org.springdoc.core.configuration.SpringDocConfiguration' (OnBeanCondition)

   SwaggerConfig#indexPageTransformer matched:
      - @ConditionalOnMissingBean (types: org.springdoc.webmvc.ui.SwaggerIndexTransformer; SearchStrategy: all) did not find any beans (OnBeanCondition)

   SwaggerConfig#springDocSwaggerInitializer matched:
      - @ConditionalOnProperty (springdoc.use-management-port=false) matched (OnPropertyCondition)
      - @ConditionalOnMissingBean (names: springDocSwaggerInitializer; SearchStrategy: all) did not find any beans (OnBeanCondition)

   SwaggerConfig#swaggerConfigResource matched:
      - @ConditionalOnProperty (springdoc.use-management-port=false) matched (OnPropertyCondition)
      - @ConditionalOnMissingBean (types: org.springdoc.webmvc.ui.SwaggerConfigResource; SearchStrategy: all) did not find any beans (OnBeanCondition)

   SwaggerConfig#swaggerResourceResolver matched:
      - @ConditionalOnMissingBean (types: org.springdoc.webmvc.ui.SwaggerResourceResolver; SearchStrategy: all) did not find any beans (OnBeanCondition)

   SwaggerConfig#swaggerWebMvcConfigurer matched:
      - @ConditionalOnMissingBean (types: org.springdoc.webmvc.ui.SwaggerWebMvcConfigurer; SearchStrategy: all) did not find any beans (OnBeanCondition)

   SwaggerConfig#swaggerWelcome matched:
      - @ConditionalOnProperty (springdoc.use-management-port=false) matched (OnPropertyCondition)
      - @ConditionalOnMissingBean (types: org.springdoc.webmvc.ui.SwaggerWelcomeWebMvc; SearchStrategy: all) did not find any beans (OnBeanCondition)

   SwaggerUiConfigProperties matched:
      - @ConditionalOnProperty (springdoc.swagger-ui.enabled) matched (OnPropertyCondition)
      - @ConditionalOnBean (types: org.springdoc.core.configuration.SpringDocConfiguration; SearchStrategy: all) found bean 'org.springdoc.core.configuration.SpringDocConfiguration' (OnBeanCondition)

   SwaggerUiOAuthProperties matched:
      - @ConditionalOnProperty (springdoc.swagger-ui.enabled) matched (OnPropertyCondition)
      - @ConditionalOnBean (types: org.springdoc.core.configuration.SpringDocConfiguration; SearchStrategy: all) found bean 'org.springdoc.core.configuration.SpringDocConfiguration' (OnBeanCondition)

   TaskExecutionAutoConfiguration matched:
      - @ConditionalOnClass found required class 'org.springframework.scheduling.concurrent.ThreadPoolTaskExecutor' (OnClassCondition)

   TaskExecutorConfigurations.AsyncConfigurerConfiguration matched:
      - @ConditionalOnMissingBean (types: org.springframework.scheduling.annotation.AsyncConfigurer; SearchStrategy: all) did not find any beans (OnBeanCondition)

   TaskExecutorConfigurations.SimpleAsyncTaskExecutorBuilderConfiguration#simpleAsyncTaskExecutorBuilder matched:
      - @ConditionalOnMissingBean (types: org.springframework.boot.task.SimpleAsyncTaskExecutorBuilder; SearchStrategy: all) did not find any beans (OnBeanCondition)
      - @ConditionalOnThreading found PLATFORM (OnThreadingCondition)

   TaskExecutorConfigurations.TaskExecutorConfiguration matched:
      - AnyNestedCondition 1 matched 1 did not; NestedCondition on TaskExecutorConfigurations.OnExecutorCondition.ModelCondition @ConditionalOnProperty (spring.task.execution.mode=force) did not find property 'spring.task.execution.mode'; NestedCondition on TaskExecutorConfigurations.OnExecutorCondition.ExecutorBeanCondition @ConditionalOnMissingBean (types: java.util.concurrent.Executor; SearchStrategy: all) did not find any beans (TaskExecutorConfigurations.OnExecutorCondition)

   TaskExecutorConfigurations.TaskExecutorConfiguration#applicationTaskExecutor matched:
      - @ConditionalOnThreading found PLATFORM (OnThreadingCondition)

   TaskExecutorConfigurations.ThreadPoolTaskExecutorBuilderConfiguration#threadPoolTaskExecutorBuilder matched:
      - @ConditionalOnMissingBean (types: org.springframework.boot.task.ThreadPoolTaskExecutorBuilder; SearchStrategy: all) did not find any beans (OnBeanCondition)

   TaskSchedulingAutoConfiguration matched:
      - @ConditionalOnClass found required class 'org.springframework.scheduling.concurrent.ThreadPoolTaskScheduler' (OnClassCondition)

   TaskSchedulingConfigurations.SimpleAsyncTaskSchedulerBuilderConfiguration#simpleAsyncTaskSchedulerBuilder matched:
      - @ConditionalOnMissingBean (types: org.springframework.boot.task.SimpleAsyncTaskSchedulerBuilder; SearchStrategy: all) did not find any beans (OnBeanCondition)
      - @ConditionalOnThreading found PLATFORM (OnThreadingCondition)

   TaskSchedulingConfigurations.ThreadPoolTaskSchedulerBuilderConfiguration#threadPoolTaskSchedulerBuilder matched:
      - @ConditionalOnMissingBean (types: org.springframework.boot.task.ThreadPoolTaskSchedulerBuilder; SearchStrategy: all) did not find any beans (OnBeanCondition)

   TomcatServletWebServerAutoConfiguration matched:
      - @ConditionalOnClass found required classes 'jakarta.servlet.ServletRequest', 'org.apache.catalina.startup.Tomcat', 'org.apache.coyote.UpgradeProtocol', 'org.springframework.boot.tomcat.servlet.TomcatServletWebServerFactory' (OnClassCondition)
      - found 'session' scope (OnWebApplicationCondition)

   TomcatServletWebServerAutoConfiguration#tomcatServletWebServerFactory matched:
      - @ConditionalOnMissingBean (types: org.springframework.boot.web.server.servlet.ServletWebServerFactory; SearchStrategy: current) did not find any beans (OnBeanCondition)

   TomcatWebServerConfiguration matched:
      - @ConditionalOnWarDeployment the application is not deployed as a WAR file. (OnWarDeploymentCondition)

   TomcatWebServerConfiguration.TomcatWebSocketConfiguration matched:
      - @ConditionalOnClass found required class 'org.apache.tomcat.websocket.server.WsSci' (OnClassCondition)

   TransactionAutoConfiguration matched:
      - @ConditionalOnClass found required class 'org.springframework.transaction.PlatformTransactionManager' (OnClassCondition)

   TransactionAutoConfiguration.EnableTransactionManagementConfiguration matched:
      - @ConditionalOnBean (types: org.springframework.transaction.TransactionManager; SearchStrategy: all) found bean 'transactionManager'; @ConditionalOnMissingBean (types: org.springframework.transaction.annotation.AbstractTransactionManagementConfiguration; SearchStrategy: all) did not find any beans (OnBeanCondition)

   TransactionAutoConfiguration.EnableTransactionManagementConfiguration.CglibAutoProxyConfiguration matched:
      - @ConditionalOnBooleanProperty (spring.aop.proxy-target-class=true) matched (OnPropertyCondition)

   TransactionAutoConfiguration.TransactionTemplateConfiguration matched:
      - @ConditionalOnSingleCandidate (types: org.springframework.transaction.PlatformTransactionManager; SearchStrategy: all) found a single bean 'transactionManager' (OnBeanCondition)

   TransactionAutoConfiguration.TransactionTemplateConfiguration#transactionTemplate matched:
      - @ConditionalOnMissingBean (types: org.springframework.transaction.support.TransactionOperations; SearchStrategy: all) did not find any beans (OnBeanCondition)

   TransactionManagerCustomizationAutoConfiguration matched:
      - @ConditionalOnClass found required class 'org.springframework.transaction.PlatformTransactionManager' (OnClassCondition)

   TransactionManagerCustomizationAutoConfiguration#platformTransactionManagerCustomizers matched:
      - @ConditionalOnMissingBean (types: org.springframework.boot.transaction.autoconfigure.TransactionManagerCustomizers; SearchStrategy: all) did not find any beans (OnBeanCondition)

   ValidationAutoConfiguration matched:
      - @ConditionalOnClass found required class 'jakarta.validation.executable.ExecutableValidator' (OnClassCondition)
      - @ConditionalOnResource found location classpath:META-INF/services/jakarta.validation.spi.ValidationProvider (OnResourceCondition)

   ValidationAutoConfiguration#defaultValidator matched:
      - @ConditionalOnMissingBean (types: jakarta.validation.Validator; SearchStrategy: all) did not find any beans (OnBeanCondition)

   ValidationAutoConfiguration#methodValidationPostProcessor matched:
      - @ConditionalOnMissingBean (types: org.springframework.validation.beanvalidation.MethodValidationPostProcessor; SearchStrategy: current) did not find any beans (OnBeanCondition)

   WebMvcAutoConfiguration matched:
      - @ConditionalOnClass found required classes 'jakarta.servlet.Servlet', 'org.springframework.web.servlet.DispatcherServlet', 'org.springframework.web.servlet.config.annotation.WebMvcConfigurer' (OnClassCondition)
      - found 'session' scope (OnWebApplicationCondition)
      - @ConditionalOnMissingBean (types: org.springframework.web.servlet.config.annotation.WebMvcConfigurationSupport; SearchStrategy: all) did not find any beans (OnBeanCondition)

   WebMvcAutoConfiguration#formContentFilter matched:
      - @ConditionalOnBooleanProperty (spring.mvc.formcontent.filter.enabled=true) matched (OnPropertyCondition)
      - @ConditionalOnMissingBean (types: org.springframework.web.filter.FormContentFilter; SearchStrategy: all) did not find any beans (OnBeanCondition)

   WebMvcAutoConfiguration.EnableWebMvcConfiguration#flashMapManager matched:
      - @ConditionalOnMissingBean (names: flashMapManager; SearchStrategy: all) did not find any beans (OnBeanCondition)

   WebMvcAutoConfiguration.EnableWebMvcConfiguration#localeResolver matched:
      - @ConditionalOnMissingBean (names: localeResolver; SearchStrategy: all) did not find any beans (OnBeanCondition)

   WebMvcAutoConfiguration.EnableWebMvcConfiguration#viewNameTranslator matched:
      - @ConditionalOnMissingBean (names: viewNameTranslator; SearchStrategy: all) did not find any beans (OnBeanCondition)

   WebMvcAutoConfiguration.ResourceChainCustomizerConfiguration matched:
      - @ConditionalOnEnabledResourceChain found class org.webjars.WebJarVersionLocator (OnEnabledResourceChainCondition)

   WebMvcAutoConfiguration.WebMvcAutoConfigurationAdapter#defaultViewResolver matched:
      - @ConditionalOnMissingBean (types: org.springframework.web.servlet.view.InternalResourceViewResolver; SearchStrategy: all) did not find any beans (OnBeanCondition)

   WebMvcAutoConfiguration.WebMvcAutoConfigurationAdapter#requestContextFilter matched:
      - @ConditionalOnMissingBean (types: org.springframework.web.context.request.RequestContextListener,org.springframework.web.filter.RequestContextFilter; SearchStrategy: all) did not find any beans (OnBeanCondition)

   WebMvcAutoConfiguration.WebMvcAutoConfigurationAdapter#viewResolver matched:
      - @ConditionalOnBean (types: org.springframework.web.servlet.ViewResolver; SearchStrategy: all) found beans 'defaultViewResolver', 'beanNameViewResolver', 'mvcViewResolver'; @ConditionalOnMissingBean (names: viewResolver types: org.springframework.web.servlet.view.ContentNegotiatingViewResolver; SearchStrategy: all) did not find any beans (OnBeanCondition)


Negative matches:
-----------------

   AopAutoConfiguration.AspectJAutoProxyingConfiguration.JdkDynamicAutoProxyConfiguration:
      Did not match:
         - @ConditionalOnBooleanProperty (spring.aop.proxy-target-class=false) did not find property 'spring.aop.proxy-target-class' (OnPropertyCondition)

   AopAutoConfiguration.ClassProxyingConfiguration:
      Did not match:
         - @ConditionalOnMissingClass found unwanted class 'org.aspectj.weaver.Advice' (OnClassCondition)

   DataJpaRepositoriesAutoConfiguration#entityManagerFactoryBootstrapExecutorCustomizer:
      Did not match:
         - AnyNestedCondition 0 matched 2 did not; NestedCondition on DataJpaRepositoriesAutoConfiguration.BootstrapExecutorCondition.LazyBootstrapMode @ConditionalOnProperty (spring.data.jpa.repositories.bootstrap-mode=lazy) did not find property 'spring.data.jpa.repositories.bootstrap-mode'; NestedCondition on DataJpaRepositoriesAutoConfiguration.BootstrapExecutorCondition.DeferredBootstrapMode @ConditionalOnProperty (spring.data.jpa.repositories.bootstrap-mode=deferred) did not find property 'spring.data.jpa.repositories.bootstrap-mode' (DataJpaRepositoriesAutoConfiguration.BootstrapExecutorCondition)

   DataRepositoryMetricsAutoConfiguration:
      Did not match:
         - @ConditionalOnBean did not find required type 'io.micrometer.core.instrument.MeterRegistry' (OnBeanCondition)

   DataSourceAutoConfiguration.EmbeddedDatabaseConfiguration:
      Did not match:
         - EmbeddedDataSource spring.datasource.url is set (DataSourceAutoConfiguration.EmbeddedDatabaseCondition)

   DataSourceCheckpointRestoreConfiguration:
      Did not match:
         - @ConditionalOnClass did not find required class 'org.crac.Resource' (OnClassCondition)

   DataSourceConfiguration.Dbcp2:
      Did not match:
         - @ConditionalOnClass did not find required class 'org.apache.commons.dbcp2.BasicDataSource' (OnClassCondition)

   DataSourceConfiguration.Generic:
      Did not match:
         - @ConditionalOnProperty (spring.datasource.type) did not find property 'spring.datasource.type' (OnPropertyCondition)

   DataSourceConfiguration.OracleUcp:
      Did not match:
         - @ConditionalOnClass did not find required class 'oracle.ucp.jdbc.PoolDataSourceImpl' (OnClassCondition)

   DataSourceConfiguration.Tomcat:
      Did not match:
         - @ConditionalOnClass did not find required class 'org.apache.tomcat.jdbc.pool.DataSource' (OnClassCondition)

   DataSourceHealthContributorAutoConfiguration:
      Did not match:
         - @ConditionalOnClass did not find required class 'org.springframework.boot.health.autoconfigure.contributor.ConditionalOnEnabledHealthIndicator' (OnClassCondition)

   DataSourceJmxConfiguration:
      Did not match:
         - @ConditionalOnBooleanProperty (spring.jmx.enabled=true) did not find property 'spring.jmx.enabled' (OnPropertyCondition)

   DataSourcePoolMetadataProvidersConfiguration.CommonsDbcp2PoolDataSourceMetadataProviderConfiguration:
      Did not match:
         - @ConditionalOnClass did not find required class 'org.apache.commons.dbcp2.BasicDataSource' (OnClassCondition)

   DataSourcePoolMetadataProvidersConfiguration.OracleUcpPoolDataSourceMetadataProviderConfiguration:
      Did not match:
         - @ConditionalOnClass did not find required class 'oracle.ucp.jdbc.PoolDataSource' (OnClassCondition)

   DataSourcePoolMetadataProvidersConfiguration.TomcatDataSourcePoolMetadataProviderConfiguration:
      Did not match:
         - @ConditionalOnClass did not find required class 'org.apache.tomcat.jdbc.pool.DataSource' (OnClassCondition)

   DataSourcePoolMetricsAutoConfiguration:
      Did not match:
         - @ConditionalOnClass did not find required class 'io.micrometer.core.instrument.MeterRegistry' (OnClassCondition)

   DataSourceTransactionManagerAutoConfiguration.JdbcTransactionManagerConfiguration#transactionManager:
      Did not match:
         - @ConditionalOnMissingBean (types: org.springframework.transaction.TransactionManager; SearchStrategy: all) found beans of type 'org.springframework.transaction.TransactionManager' transactionManager (OnBeanCondition)

   DevToolsR2dbcAutoConfiguration:
      Did not match:
         - @ConditionalOnClass did not find required class 'io.r2dbc.spi.ConnectionFactory' (OnClassCondition)

   DispatcherServletAutoConfiguration.DispatcherServletConfiguration#multipartResolver:
      Did not match:
         - @ConditionalOnBean (types: org.springframework.web.multipart.MultipartResolver; SearchStrategy: all) did not find any beans of type org.springframework.web.multipart.MultipartResolver (OnBeanCondition)

   GsonHttpMessageConvertersConfiguration:
      Did not match:
         - @ConditionalOnClass did not find required class 'com.google.gson.Gson' (OnClassCondition)

   HibernateMetricsAutoConfiguration:
      Did not match:
         - @ConditionalOnClass did not find required class 'io.micrometer.core.instrument.MeterRegistry' (OnClassCondition)

   Jackson2HttpMessageConvertersConfiguration.MappingJackson2HttpMessageConverterConfiguration:
      Did not match:
         - AnyNestedCondition 0 matched 2 did not; NestedCondition on Jackson2HttpMessageConvertersConfiguration.PreferJackson2OrJacksonUnavailableCondition.JacksonUnavailable @ConditionalOnMissingBean (types: org.springframework.boot.http.converter.autoconfigure.JacksonHttpMessageConvertersConfiguration$JacksonJsonHttpMessageConvertersCustomizer; SearchStrategy: all) found beans of type 'org.springframework.boot.http.converter.autoconfigure.JacksonHttpMessageConvertersConfiguration$JacksonJsonHttpMessageConvertersCustomizer' jacksonJsonHttpMessageConvertersCustomizer; NestedCondition on Jackson2HttpMessageConvertersConfiguration.PreferJackson2OrJacksonUnavailableCondition.Jackson2Preferred @ConditionalOnProperty (spring.http.converters.preferred-json-mapper=jackson2) did not find property 'spring.http.converters.preferred-json-mapper' (Jackson2HttpMessageConvertersConfiguration.PreferJackson2OrJacksonUnavailableCondition)
      Matched:
         - @ConditionalOnClass found required class 'com.fasterxml.jackson.databind.ObjectMapper' (OnClassCondition)

   Jackson2HttpMessageConvertersConfiguration.MappingJackson2XmlHttpMessageConverterConfiguration:
      Did not match:
         - @ConditionalOnClass did not find required class 'com.fasterxml.jackson.dataformat.xml.XmlMapper' (OnClassCondition)

   JacksonAutoConfiguration.CborConfiguration:
      Did not match:
         - @ConditionalOnClass did not find required class 'tools.jackson.dataformat.cbor.CBORMapper' (OnClassCondition)

   JacksonAutoConfiguration.XmlConfiguration:
      Did not match:
         - @ConditionalOnClass did not find required class 'tools.jackson.dataformat.xml.XmlMapper' (OnClassCondition)

   JacksonHttpMessageConvertersConfiguration.JacksonXmlHttpMessageConverterConfiguration:
      Did not match:
         - @ConditionalOnClass did not find required class 'tools.jackson.dataformat.xml.XmlMapper' (OnClassCondition)

   JmxAutoConfiguration:
      Did not match:
         - @ConditionalOnBooleanProperty (spring.jmx.enabled=true) did not find property 'spring.jmx.enabled' (OnPropertyCondition)
      Matched:
         - @ConditionalOnClass found required class 'org.springframework.jmx.export.MBeanExporter' (OnClassCondition)

   JndiDataSourceAutoConfiguration:
      Did not match:
         - @ConditionalOnProperty (spring.datasource.jndi-name) did not find property 'spring.datasource.jndi-name' (OnPropertyCondition)
      Matched:
         - @ConditionalOnClass found required classes 'javax.sql.DataSource', 'org.springframework.jdbc.datasource.embedded.EmbeddedDatabaseType' (OnClassCondition)

   JndiJtaConfiguration:
      Did not match:
         - @ConditionalOnJndi JNDI environment is not available (OnJndiCondition)
      Matched:
         - @ConditionalOnClass found required class 'org.springframework.transaction.jta.JtaTransactionManager' (OnClassCondition)

   JsonbHttpMessageConvertersConfiguration:
      Did not match:
         - @ConditionalOnClass did not find required class 'jakarta.json.bind.Jsonb' (OnClassCondition)

   KotlinSerializationHttpMessageConvertersConfiguration:
      Did not match:
         - @ConditionalOnClass did not find required classes 'kotlinx.serialization.Serializable', 'kotlinx.serialization.json.Json' (OnClassCondition)

   LocalDevToolsAutoConfiguration.LiveReloadConfiguration:
      Did not match:
         - @ConditionalOnBooleanProperty (spring.devtools.livereload.enabled=true) did not find property 'spring.devtools.livereload.enabled' (OnPropertyCondition)

   MessageSourceAutoConfiguration:
      Did not match:
         - ResourceBundle did not find bundle with basename messages (MessageSourceAutoConfiguration.ResourceBundleCondition)

   MultipleOpenApiSupportConfiguration:
      Did not match:
         - AnyNestedCondition 0 matched 2 did not; NestedCondition on MultipleOpenApiSupportCondition.OnActuatorDifferentPort @ConditionalOnProperty (springdoc.show-actuator) did not find property 'springdoc.show-actuator'; NestedCondition on MultipleOpenApiSupportCondition.OnMultipleOpenApiSupportCondition AnyNestedCondition 0 matched 3 did not; NestedCondition on MultipleOpenApiGroupsCondition.OnListGroupedOpenApiBean @ConditionalOnBean (types: org.springdoc.core.models.GroupedOpenApi; SearchStrategy: all) did not find any beans of type org.springdoc.core.models.GroupedOpenApi; NestedCondition on MultipleOpenApiGroupsCondition.OnGroupConfigProperty @ConditionalOnProperty (springdoc.group-configs[0].group) did not find property 'springdoc.group-configs[0].group'; NestedCondition on MultipleOpenApiGroupsCondition.OnGroupedOpenApiBean @ConditionalOnBean (types: org.springdoc.core.models.GroupedOpenApi; SearchStrategy: all) did not find any beans of type org.springdoc.core.models.GroupedOpenApi (MultipleOpenApiSupportCondition)
      Matched:
         - found 'session' scope (OnWebApplicationCondition)
         - @ConditionalOnProperty (springdoc.api-docs.enabled) matched (OnPropertyCondition)

   MultipleOpenApiSupportConfiguration.SpringDocWebMvcActuatorDifferentConfiguration:
      Did not match:
         - Ancestor org.springdoc.webmvc.core.configuration.MultipleOpenApiSupportConfiguration did not match (ConditionEvaluationReport.AncestorsMatchedCondition)
      Matched:
         - @ConditionalOnClass found required class 'org.springframework.boot.webmvc.actuate.endpoint.web.WebMvcEndpointHandlerMapping' (OnClassCondition)

   ProjectInfoAutoConfiguration#buildProperties:
      Did not match:
         - @ConditionalOnResource did not find resource '${spring.info.build.location:classpath:META-INF/build-info.properties}' (OnResourceCondition)

   ProjectInfoAutoConfiguration#gitProperties:
      Did not match:
         - GitResource did not find git info at classpath:git.properties (ProjectInfoAutoConfiguration.GitResourceAvailableCondition)

   RemoteDevToolsAutoConfiguration:
      Did not match:
         - @ConditionalOnProperty (spring.devtools.remote.secret) did not find property 'spring.devtools.remote.secret' (OnPropertyCondition)
      Matched:
         - @ConditionalOnClass found required classes 'jakarta.servlet.Filter', 'org.springframework.http.server.ServerHttpRequest', 'org.springframework.boot.web.server.autoconfigure.ServerProperties' (OnClassCondition)

   ServletHttpExchangesAutoConfiguration:
      Did not match:
         - @ConditionalOnBean did not find required type 'org.springframework.boot.actuate.web.exchanges.HttpExchangeRepository' (OnBeanCondition)

   ServletManagementContextAutoConfiguration:
      Did not match:
         - @ConditionalOnClass did not find required class 'org.springframework.boot.actuate.autoconfigure.endpoint.web.WebEndpointProperties' (OnClassCondition)

   ServletMappingsAutoConfiguration:
      Did not match:
         - @ConditionalOnClass did not find required class 'org.springframework.boot.actuate.autoconfigure.endpoint.condition.ConditionalOnAvailableEndpoint' (OnClassCondition)

   ServletWebServerConfiguration#forwardedHeaderFilter:
      Did not match:
         - @ConditionalOnProperty (server.forward-headers-strategy=framework) did not find property 'server.forward-headers-strategy' (OnPropertyCondition)

   SpringApplicationAdminJmxAutoConfiguration:
      Did not match:
         - @ConditionalOnBooleanProperty (spring.application.admin.enabled=true) did not find property 'spring.application.admin.enabled' (OnPropertyCondition)

   SpringDocConfiguration#oas31ModelConverter:
      Did not match:
         - @ConditionalOnProperty (springdoc.explicit-object-schema=true) did not find property 'springdoc.explicit-object-schema' (OnPropertyCondition)

   SpringDocConfiguration#propertiesResolverForSchema:
      Did not match:
         - @ConditionalOnProperty (springdoc.api-docs.resolve-schema-properties) did not find property 'springdoc.api-docs.resolve-schema-properties' (OnPropertyCondition)

   SpringDocConfiguration#propertyCustomizingConverter:
      Did not match:
         - @ConditionalOnBean (types: org.springdoc.core.customizers.PropertyCustomizer; SearchStrategy: all) did not find any beans of type org.springdoc.core.customizers.PropertyCustomizer (OnBeanCondition)

   SpringDocConfiguration#springdocBeanFactoryPostProcessor:
      Did not match:
         - AnyNestedCondition 0 matched 2 did not; NestedCondition on CacheOrGroupedOpenApiCondition.OnCacheDisabled found non-matching nested conditions @ConditionalOnProperty (springdoc.cache.disabled) did not find property 'springdoc.cache.disabled'; NestedCondition on CacheOrGroupedOpenApiCondition.OnMultipleOpenApiSupportCondition AnyNestedCondition 0 matched 2 did not; NestedCondition on MultipleOpenApiSupportCondition.OnActuatorDifferentPort @ConditionalOnProperty (springdoc.show-actuator) did not find property 'springdoc.show-actuator'; NestedCondition on MultipleOpenApiSupportCondition.OnMultipleOpenApiSupportCondition AnyNestedCondition 0 matched 3 did not; NestedCondition on MultipleOpenApiGroupsCondition.OnListGroupedOpenApiBean @ConditionalOnBean (types: org.springdoc.core.models.GroupedOpenApi; SearchStrategy: all) did not find any beans of type org.springdoc.core.models.GroupedOpenApi; NestedCondition on MultipleOpenApiGroupsCondition.OnGroupConfigProperty @ConditionalOnProperty (springdoc.group-configs[0].group) did not find property 'springdoc.group-configs[0].group'; NestedCondition on MultipleOpenApiGroupsCondition.OnGroupedOpenApiBean @ConditionalOnBean (types: org.springdoc.core.models.GroupedOpenApi; SearchStrategy: all) did not find any beans of type org.springdoc.core.models.GroupedOpenApi (CacheOrGroupedOpenApiCondition)
      Matched:
         - @ConditionalOnClass found required class 'org.springframework.boot.context.properties.bind.BindResult' (OnClassCondition)

   SpringDocConfiguration#springdocBeanFactoryPostProcessor2:
      Did not match:
         - @ConditionalOnMissingClass found unwanted class 'org.springframework.boot.context.properties.bind.BindResult' (OnClassCondition)

   SpringDocConfiguration.SpringDocActuatorConfiguration:
      Did not match:
         - @ConditionalOnClass did not find required class 'org.springframework.boot.actuate.autoconfigure.endpoint.web.WebEndpointProperties' (OnClassCondition)

   SpringDocConfiguration.SpringDocRepositoryRestConfiguration:
      Did not match:
         - @ConditionalOnClass did not find required class 'org.springframework.data.rest.core.config.RepositoryRestConfiguration' (OnClassCondition)

   SpringDocConfiguration.SpringDocWebFluxSupportConfiguration:
      Did not match:
         - @ConditionalOnClass did not find required class 'reactor.core.publisher.Flux' (OnClassCondition)

   SpringDocDataRestConfiguration:
      Did not match:
         - @ConditionalOnClass did not find required class 'org.springframework.data.rest.core.config.RepositoryRestConfiguration' (OnClassCondition)

   SpringDocFunctionCatalogConfiguration:
      Did not match:
         - @ConditionalOnClass did not find required class 'org.springframework.cloud.function.web.function.FunctionEndpointInitializer' (OnClassCondition)

   SpringDocGroovyConfiguration:
      Did not match:
         - @ConditionalOnClass did not find required class 'groovy.lang.MetaClass' (OnClassCondition)

   SpringDocHateoasConfiguration:
      Did not match:
         - @ConditionalOnClass did not find required class 'org.springframework.hateoas.server.LinkRelationProvider' (OnClassCondition)

   SpringDocJacksonKotlinModuleConfiguration:
      Did not match:
         - @ConditionalOnClass did not find required class 'com.fasterxml.jackson.module.kotlin.KotlinModule' (OnClassCondition)

   SpringDocJavadocConfiguration:
      Did not match:
         - @ConditionalOnClass did not find required class 'com.github.therapi.runtimejavadoc.CommentFormatter' (OnClassCondition)

   SpringDocKotlinConfiguration:
      Did not match:
         - @ConditionalOnClass did not find required class 'kotlin.coroutines.Continuation' (OnClassCondition)

   SpringDocKotlinxConfiguration:
      Did not match:
         - @ConditionalOnClass did not find required class 'kotlinx.coroutines.flow.Flow' (OnClassCondition)

   SpringDocSecurityConfiguration:
      Did not match:
         - @ConditionalOnClass did not find required class 'org.springframework.security.web.SecurityFilterChain' (OnClassCondition)

   SpringDocSortConfiguration#dataRestDelegatingMethodParameterCustomizer:
      Did not match:
         - @ConditionalOnMissingBean (types: org.springdoc.core.customizers.DataRestDelegatingMethodParameterCustomizer; SearchStrategy: all) found beans of type 'org.springdoc.core.customizers.DataRestDelegatingMethodParameterCustomizer' dataRestDelegatingMethodParameterCustomizer (OnBeanCondition)

   SpringDocWebMvcConfiguration.SpringDocWebMvcActuatorConfiguration#actuatorProvider:
      Did not match:
         - @ConditionalOnExpression (#{${springdoc.show-actuator:false} or ${springdoc.use-management-port:false}}) resulted in false (OnExpressionCondition)

   SpringDocWebMvcConfiguration.SpringDocWebMvcActuatorConfiguration#openApiActuatorResource:
      Did not match:
         - @ConditionalOnExpression (#{${springdoc.use-management-port:false} and ${springdoc.enable-default-api-docs:true}}) resulted in false (OnExpressionCondition)

   SpringDocWebServerConfiguration.DeployedWebServerConfiguration:
      Did not match:
         - @ConditionalOnMissingClass found unwanted classes 'org.springframework.boot.web.server.context.WebServerInitializedEvent', 'org.springframework.boot.web.server.autoconfigure.ServerProperties' (OnClassCondition)

   SwaggerConfig#springWebProvider:
      Did not match:
         - @ConditionalOnMissingBean (types: org.springdoc.core.providers.SpringWebProvider; SearchStrategy: all) found beans of type 'org.springdoc.core.providers.SpringWebProvider' springWebProvider (OnBeanCondition)

   SwaggerConfig#swaggerUiHome:
      Did not match:
         - @ConditionalOnProperty (springdoc.swagger-ui.use-root-path=true) did not find property 'springdoc.swagger-ui.use-root-path' (OnPropertyCondition)

   SwaggerConfig.SwaggerActuatorWelcomeConfiguration:
      Did not match:
         - @ConditionalOnProperty (springdoc.use-management-port) did not find property 'springdoc.use-management-port' (OnPropertyCondition)
      Matched:
         - @ConditionalOnClass found required class 'org.springframework.boot.webmvc.actuate.endpoint.web.WebMvcEndpointHandlerMapping' (OnClassCondition)

   TaskExecutorConfigurations.AsyncConfigurerWrapperConfiguration:
      Did not match:
         - @ConditionalOnBean (types: org.springframework.scheduling.annotation.AsyncConfigurer; SearchStrategy: all) did not find any beans of type org.springframework.scheduling.annotation.AsyncConfigurer (OnBeanCondition)

   TaskExecutorConfigurations.SimpleAsyncTaskExecutorBuilderConfiguration#simpleAsyncTaskExecutorBuilderVirtualThreads:
      Did not match:
         - @ConditionalOnMissingBean (types: org.springframework.boot.task.SimpleAsyncTaskExecutorBuilder; SearchStrategy: all) found beans of type 'org.springframework.boot.task.SimpleAsyncTaskExecutorBuilder' simpleAsyncTaskExecutorBuilder (OnBeanCondition)

   TaskExecutorConfigurations.TaskExecutorConfiguration#applicationTaskExecutorVirtualThreads:
      Did not match:
         - @ConditionalOnThreading did not find VIRTUAL (OnThreadingCondition)

   TaskSchedulingAutoConfiguration#scheduledBeanLazyInitializationExcludeFilter:
      Did not match:
         - @ConditionalOnBean (names: org.springframework.scheduling.config.internalScheduledAnnotationProcessor; SearchStrategy: all) did not find any beans named org.springframework.scheduling.config.internalScheduledAnnotationProcessor (OnBeanCondition)

   TaskSchedulingConfigurations.SimpleAsyncTaskSchedulerBuilderConfiguration#simpleAsyncTaskSchedulerBuilderVirtualThreads:
      Did not match:
         - @ConditionalOnMissingBean (types: org.springframework.boot.task.SimpleAsyncTaskSchedulerBuilder; SearchStrategy: all) found beans of type 'org.springframework.boot.task.SimpleAsyncTaskSchedulerBuilder' simpleAsyncTaskSchedulerBuilder (OnBeanCondition)

   TaskSchedulingConfigurations.TaskSchedulerConfiguration:
      Did not match:
         - @ConditionalOnBean (names: org.springframework.scheduling.config.internalScheduledAnnotationProcessor; SearchStrategy: all) did not find any beans named org.springframework.scheduling.config.internalScheduledAnnotationProcessor (OnBeanCondition)

   TomcatMetricsAutoConfiguration:
      Did not match:
         - @ConditionalOnClass did not find required class 'io.micrometer.core.instrument.binder.tomcat.TomcatMetrics' (OnClassCondition)

   TomcatReactiveManagementContextAutoConfiguration:
      Did not match:
         - @ConditionalOnClass did not find required class 'org.springframework.boot.actuate.autoconfigure.web.server.ManagementContextFactory' (OnClassCondition)

   TomcatReactiveWebServerAutoConfiguration:
      Did not match:
         - @ConditionalOnWebApplication did not find reactive web application classes (OnWebApplicationCondition)

   TomcatServletManagementContextAutoConfiguration:
      Did not match:
         - @ConditionalOnClass did not find required class 'org.springframework.boot.actuate.autoconfigure.web.server.ManagementContextFactory' (OnClassCondition)

   TomcatServletWebServerAutoConfiguration#tomcatForwardedHeaderFilterCustomizer:
      Did not match:
         - @ConditionalOnProperty (server.forward-headers-strategy=framework) did not find property 'server.forward-headers-strategy' (OnPropertyCondition)

   TomcatWebServerConfiguration#tomcatVirtualThreadsProtocolHandlerCustomizer:
      Did not match:
         - @ConditionalOnThreading did not find VIRTUAL (OnThreadingCondition)

   TransactionAutoConfiguration#transactionalOperator:
      Did not match:
         - @ConditionalOnSingleCandidate (types: org.springframework.transaction.ReactiveTransactionManager; SearchStrategy: all) did not find any beans (OnBeanCondition)

   TransactionAutoConfiguration.AspectJTransactionManagementConfiguration:
      Did not match:
         - @ConditionalOnBean (types: org.springframework.transaction.aspectj.AbstractTransactionAspect; SearchStrategy: all) did not find any beans of type org.springframework.transaction.aspectj.AbstractTransactionAspect (OnBeanCondition)

   TransactionAutoConfiguration.EnableTransactionManagementConfiguration.JdkDynamicAutoProxyConfiguration:
      Did not match:
         - @ConditionalOnBooleanProperty (spring.aop.proxy-target-class=false) did not find property 'spring.aop.proxy-target-class' (OnPropertyCondition)

   WebMvcAutoConfiguration#hiddenHttpMethodFilter:
      Did not match:
         - @ConditionalOnBooleanProperty (spring.mvc.hiddenmethod.filter.enabled=true) did not find property 'spring.mvc.hiddenmethod.filter.enabled' (OnPropertyCondition)

   WebMvcAutoConfiguration.ProblemDetailsErrorHandlingConfiguration:
      Did not match:
         - @ConditionalOnBooleanProperty (spring.mvc.problemdetails.enabled=true) did not find property 'spring.mvc.problemdetails.enabled' (OnPropertyCondition)

   WebMvcAutoConfiguration.WebMvcAutoConfigurationAdapter#beanNameViewResolver:
      Did not match:
         - @ConditionalOnMissingBean (types: org.springframework.web.servlet.view.BeanNameViewResolver; SearchStrategy: all) found beans of type 'org.springframework.web.servlet.view.BeanNameViewResolver' beanNameViewResolver (OnBeanCondition)

   WebMvcHealthEndpointExtensionAutoConfiguration:
      Did not match:
         - @ConditionalOnClass did not find required class 'org.springframework.boot.health.actuate.endpoint.HealthEndpoint' (OnClassCondition)

   WebMvcMappingsAutoConfiguration:
      Did not match:
         - @ConditionalOnClass did not find required class 'org.springframework.boot.actuate.autoconfigure.endpoint.condition.ConditionalOnAvailableEndpoint' (OnClassCondition)

   WebMvcObservationAutoConfiguration:
      Did not match:
         - @ConditionalOnClass did not find required class 'org.springframework.boot.micrometer.observation.autoconfigure.ObservationProperties' (OnClassCondition)

   XADataSourceAutoConfiguration:
      Did not match:
         - @ConditionalOnBean (types: org.springframework.boot.jdbc.XADataSourceWrapper; SearchStrategy: all) did not find any beans of type org.springframework.boot.jdbc.XADataSourceWrapper (OnBeanCondition)
      Matched:
         - @ConditionalOnClass found required classes 'javax.sql.DataSource', 'jakarta.transaction.TransactionManager', 'org.springframework.jdbc.datasource.embedded.EmbeddedDatabaseType' (OnClassCondition)


Exclusions:
-----------

    None


Unconditional classes:
----------------------

    org.springdoc.core.configuration.SpringDocWebServerConfiguration.EmbeddedWebServerConfiguration

    org.springframework.boot.autoconfigure.context.ConfigurationPropertiesAutoConfiguration

    org.springframework.boot.autoconfigure.ssl.SslAutoConfiguration

    org.springframework.boot.autoconfigure.context.PropertyPlaceholderAutoConfiguration

    org.springframework.boot.autoconfigure.context.LifecycleAutoConfiguration

    org.springdoc.core.configuration.SpringDocSpecPropertiesConfiguration

    org.springframework.boot.autoconfigure.availability.ApplicationAvailabilityAutoConfiguration

    org.springframework.boot.autoconfigure.info.ProjectInfoAutoConfiguration

    org.springdoc.core.configuration.SpringDocWebServerConfiguration.DeployedWebServerConfiguration



2026-08-05T09:48:31.799+05:30  INFO 2824 --- [patient-registry] [restartedMain] c.p.p.PatientRegistryApplication         : Started PatientRegistryApplication in 1.233 seconds (process running for 1305.517)
2026-08-05T09:48:31.800+05:30 DEBUG 2824 --- [patient-registry] [restartedMain] o.s.b.a.ApplicationAvailabilityBean      : Application availability state LivenessState changed to CORRECT
2026-08-05T09:48:31.801+05:30  WARN 2824 --- [patient-registry] [restartedMain] o.s.core.events.SpringDocAppInitializer  : SpringDoc /v3/api-docs endpoint is enabled by default. To disable it in production, set the property 'springdoc.api-docs.enabled=false'
2026-08-05T09:48:31.801+05:30  WARN 2824 --- [patient-registry] [restartedMain] o.s.core.events.SpringDocAppInitializer  : SpringDoc /swagger-ui.html endpoint is enabled by default. To disable it in production, set the property 'springdoc.swagger-ui.enabled=false'
2026-08-05T09:48:31.802+05:30  INFO 2824 --- [patient-registry] [restartedMain] .ConditionEvaluationDeltaLoggingListener : Condition evaluation unchanged
2026-08-05T09:48:31.803+05:30 DEBUG 2824 --- [patient-registry] [restartedMain] o.s.b.a.ApplicationAvailabilityBean      : Application availability state ReadinessState changed to ACCEPTING_TRAFFIC
2026-08-05T09:48:31.841+05:30 DEBUG 2824 --- [patient-registry] [HikariPool-2:connection-adder] com.zaxxer.hikari.pool.PoolBase          : HikariPool-2 - Established new connection (36730508-2f9e-4c1b-992d-75a09d663a20)
2026-08-05T09:48:31.841+05:30 DEBUG 2824 --- [patient-registry] [HikariPool-2:connection-adder] com.zaxxer.hikari.pool.HikariPool        : HikariPool-2 - Added connection oracle.jdbc.driver.T4CConnection@28b8634c
2026-08-05T09:48:31.872+05:30 DEBUG 2824 --- [patient-registry] [HikariPool-2:connection-adder] com.zaxxer.hikari.pool.HikariPool        : HikariPool-2 - After adding stats (total=6/10, idle=6/10, active=0, waiting=0)
2026-08-05T09:48:31.872+05:30 DEBUG 2824 --- [patient-registry] [HikariPool-2:connection-adder] com.zaxxer.hikari.pool.PoolBase          : HikariPool-2 - Attempting to create/setup new connection (0e4fa299-d913-4eee-98be-e1ac1f3da06c)
2026-08-05T09:48:31.942+05:30 DEBUG 2824 --- [patient-registry] [HikariPool-2:connection-adder] com.zaxxer.hikari.pool.PoolBase          : HikariPool-2 - Established new connection (0e4fa299-d913-4eee-98be-e1ac1f3da06c)
2026-08-05T09:48:31.943+05:30 DEBUG 2824 --- [patient-registry] [HikariPool-2:connection-adder] com.zaxxer.hikari.pool.HikariPool        : HikariPool-2 - Added connection oracle.jdbc.driver.T4CConnection@1a6b89b1
2026-08-05T09:48:31.975+05:30 DEBUG 2824 --- [patient-registry] [HikariPool-2:connection-adder] com.zaxxer.hikari.pool.HikariPool        : HikariPool-2 - After adding stats (total=7/10, idle=7/10, active=0, waiting=0)
2026-08-05T09:48:31.975+05:30 DEBUG 2824 --- [patient-registry] [HikariPool-2:connection-adder] com.zaxxer.hikari.pool.PoolBase          : HikariPool-2 - Attempting to create/setup new connection (d10e6c73-323f-4dd2-92c7-0704c87a4fb6)
2026-08-05T09:48:32.017+05:30 DEBUG 2824 --- [patient-registry] [HikariPool-2:connection-adder] com.zaxxer.hikari.pool.PoolBase          : HikariPool-2 - Established new connection (d10e6c73-323f-4dd2-92c7-0704c87a4fb6)
2026-08-05T09:48:32.017+05:30 DEBUG 2824 --- [patient-registry] [HikariPool-2:connection-adder] com.zaxxer.hikari.pool.HikariPool        : HikariPool-2 - Added connection oracle.jdbc.driver.T4CConnection@3d98f58
2026-08-05T09:48:32.048+05:30 DEBUG 2824 --- [patient-registry] [HikariPool-2:connection-adder] com.zaxxer.hikari.pool.HikariPool        : HikariPool-2 - After adding stats (total=8/10, idle=8/10, active=0, waiting=0)
2026-08-05T09:48:32.048+05:30 DEBUG 2824 --- [patient-registry] [HikariPool-2:connection-adder] com.zaxxer.hikari.pool.PoolBase          : HikariPool-2 - Attempting to create/setup new connection (138d612b-4c6b-42bf-a65f-e2fefc57e85b)
2026-08-05T09:48:32.098+05:30 DEBUG 2824 --- [patient-registry] [HikariPool-2:connection-adder] com.zaxxer.hikari.pool.PoolBase          : HikariPool-2 - Established new connection (138d612b-4c6b-42bf-a65f-e2fefc57e85b)
2026-08-05T09:48:32.098+05:30 DEBUG 2824 --- [patient-registry] [HikariPool-2:connection-adder] com.zaxxer.hikari.pool.HikariPool        : HikariPool-2 - Added connection oracle.jdbc.driver.T4CConnection@10e07376
2026-08-05T09:48:32.131+05:30 DEBUG 2824 --- [patient-registry] [HikariPool-2:connection-adder] com.zaxxer.hikari.pool.HikariPool        : HikariPool-2 - After adding stats (total=9/10, idle=9/10, active=0, waiting=0)
2026-08-05T09:48:32.131+05:30 DEBUG 2824 --- [patient-registry] [HikariPool-2:connection-adder] com.zaxxer.hikari.pool.PoolBase          : HikariPool-2 - Attempting to create/setup new connection (71ad96cc-6d3b-49dc-aeab-bccc97da814e)
2026-08-05T09:48:32.181+05:30 DEBUG 2824 --- [patient-registry] [HikariPool-2:connection-adder] com.zaxxer.hikari.pool.PoolBase          : HikariPool-2 - Established new connection (71ad96cc-6d3b-49dc-aeab-bccc97da814e)
2026-08-05T09:48:32.181+05:30 DEBUG 2824 --- [patient-registry] [HikariPool-2:connection-adder] com.zaxxer.hikari.pool.HikariPool        : HikariPool-2 - Added connection oracle.jdbc.driver.T4CConnection@36ced477
2026-08-05T09:48:32.212+05:30 DEBUG 2824 --- [patient-registry] [HikariPool-2:connection-adder] com.zaxxer.hikari.pool.HikariPool        : HikariPool-2 - After adding stats (total=10/10, idle=10/10, active=0, waiting=0)
2026-08-05T09:48:47.474+05:30 DEBUG 2824 --- [patient-registry] [http-nio-9999-exec-1] o.a.c.a.jaspic.AuthConfigFactoryImpl     : Loading persistent provider registrations from [C:\Users\mutha\AppData\Local\Temp\tomcat.9999.2598994077100104553\conf\jaspic-providers.xml]
2026-08-05T09:48:47.480+05:30  INFO 2824 --- [patient-registry] [http-nio-9999-exec-1] o.a.c.c.C.[.[localhost].[/premit]        : Initializing Spring DispatcherServlet 'dispatcherServlet'
2026-08-05T09:48:47.480+05:30  INFO 2824 --- [patient-registry] [http-nio-9999-exec-1] o.s.web.servlet.DispatcherServlet        : Initializing Servlet 'dispatcherServlet'
2026-08-05T09:48:47.480+05:30 DEBUG 2824 --- [patient-registry] [http-nio-9999-exec-1] o.s.web.servlet.DispatcherServlet        : Detected StandardServletMultipartResolver
2026-08-05T09:48:47.480+05:30 DEBUG 2824 --- [patient-registry] [http-nio-9999-exec-1] o.s.web.servlet.DispatcherServlet        : Detected AcceptHeaderLocaleResolver
2026-08-05T09:48:47.482+05:30 DEBUG 2824 --- [patient-registry] [http-nio-9999-exec-1] o.s.web.servlet.DispatcherServlet        : Detected org.springframework.web.servlet.view.DefaultRequestToViewNameTranslator@39fe9c2a
2026-08-05T09:48:47.483+05:30 DEBUG 2824 --- [patient-registry] [http-nio-9999-exec-1] o.s.web.servlet.DispatcherServlet        : Detected org.springframework.web.servlet.support.SessionFlashMapManager@5b4a79bb
2026-08-05T09:48:47.483+05:30 DEBUG 2824 --- [patient-registry] [http-nio-9999-exec-1] o.s.web.servlet.DispatcherServlet        : enableLoggingRequestDetails='false': request parameters and headers will be masked to prevent unsafe logging of potentially sensitive data
2026-08-05T09:48:47.484+05:30  INFO 2824 --- [patient-registry] [http-nio-9999-exec-1] o.s.web.servlet.DispatcherServlet        : Completed initialization in 3 ms
2026-08-05T09:48:47.501+05:30 DEBUG 2824 --- [patient-registry] [http-nio-9999-exec-1] o.s.web.servlet.DispatcherServlet        : GET "/premit/swagger-ui/swagger-initializer.js", parameters={}
2026-08-05T09:48:47.518+05:30 DEBUG 2824 --- [patient-registry] [http-nio-9999-exec-1] o.s.w.s.handler.SimpleUrlHandlerMapping  : Mapped to ResourceHttpRequestHandler [classpath [META-INF/resources/webjars/swagger-ui/5.32.0/]]
2026-08-05T09:48:47.533+05:30 DEBUG 2824 --- [patient-registry] [http-nio-9999-exec-1] o.j.s.OpenEntityManagerInViewInterceptor : Opening JPA EntityManager in OpenEntityManagerInViewInterceptor
2026-08-05T09:48:47.533+05:30 DEBUG 2824 --- [patient-registry] [http-nio-9999-exec-1] org.hibernate.orm.core                   : HHH006588: Opening session [tenant=null]
2026-08-05T09:48:47.696+05:30 DEBUG 2824 --- [patient-registry] [http-nio-9999-exec-1] o.j.s.OpenEntityManagerInViewInterceptor : Closing JPA EntityManager in OpenEntityManagerInViewInterceptor
2026-08-05T09:48:47.700+05:30 DEBUG 2824 --- [patient-registry] [http-nio-9999-exec-1] org.hibernate.session.metrics            : HHH000401: Logging session metrics:
	0 ns acquiring 0 JDBC connections
	0 ns releasing 0 JDBC connections
	0 ns preparing 0 JDBC statements
	0 ns executing 0 JDBC statements
	0 ns executing 0 JDBC batches
	0 ns performing 0 second-level cache puts
	0 ns performing 0 second-level cache hits
	0 ns performing 0 second-level cache misses
	0 ns executing 0 flushes (flushing a total of 0 entities and 0 collections)
	0 ns executing 0 pre-partial-flushes
	0 ns executing 0 partial-flushes (flushing a total of 0 entities and 0 collections)

2026-08-05T09:48:47.701+05:30 DEBUG 2824 --- [patient-registry] [http-nio-9999-exec-1] o.s.web.servlet.DispatcherServlet        : Completed 200 OK
2026-08-05T09:48:47.732+05:30 DEBUG 2824 --- [patient-registry] [http-nio-9999-exec-2] o.s.web.servlet.DispatcherServlet        : GET "/premit/v3/api-docs/swagger-config", parameters={}
2026-08-05T09:48:47.734+05:30 DEBUG 2824 --- [patient-registry] [http-nio-9999-exec-2] s.w.s.m.m.a.RequestMappingHandlerMapping : Mapped to org.springdoc.webmvc.ui.SwaggerConfigResource#openapiJson(HttpServletRequest)
2026-08-05T09:48:47.735+05:30 DEBUG 2824 --- [patient-registry] [http-nio-9999-exec-2] o.j.s.OpenEntityManagerInViewInterceptor : Opening JPA EntityManager in OpenEntityManagerInViewInterceptor
2026-08-05T09:48:47.735+05:30 DEBUG 2824 --- [patient-registry] [http-nio-9999-exec-2] org.hibernate.orm.core                   : HHH006588: Opening session [tenant=null]
2026-08-05T09:48:47.766+05:30 DEBUG 2824 --- [patient-registry] [http-nio-9999-exec-2] m.m.a.RequestResponseBodyMethodProcessor : Using 'application/json', given [*/*] and supported [application/json]
2026-08-05T09:48:47.770+05:30 DEBUG 2824 --- [patient-registry] [http-nio-9999-exec-2] m.m.a.RequestResponseBodyMethodProcessor : Writing [{configUrl=/premit/v3/api-docs/swagger-config, oauth2RedirectUrl=http://localhost:9999/premit/swagge (truncated)...]
2026-08-05T09:48:47.816+05:30 DEBUG 2824 --- [patient-registry] [http-nio-9999-exec-2] o.j.s.OpenEntityManagerInViewInterceptor : Closing JPA EntityManager in OpenEntityManagerInViewInterceptor
2026-08-05T09:48:47.817+05:30 DEBUG 2824 --- [patient-registry] [http-nio-9999-exec-2] org.hibernate.session.metrics            : HHH000401: Logging session metrics:
	0 ns acquiring 0 JDBC connections
	0 ns releasing 0 JDBC connections
	0 ns preparing 0 JDBC statements
	0 ns executing 0 JDBC statements
	0 ns executing 0 JDBC batches
	0 ns performing 0 second-level cache puts
	0 ns performing 0 second-level cache hits
	0 ns performing 0 second-level cache misses
	0 ns executing 0 flushes (flushing a total of 0 entities and 0 collections)
	0 ns executing 0 pre-partial-flushes
	0 ns executing 0 partial-flushes (flushing a total of 0 entities and 0 collections)

2026-08-05T09:48:47.817+05:30 DEBUG 2824 --- [patient-registry] [http-nio-9999-exec-2] o.s.web.servlet.DispatcherServlet        : Completed 200 OK
2026-08-05T09:48:47.830+05:30 DEBUG 2824 --- [patient-registry] [http-nio-9999-exec-3] o.s.web.servlet.DispatcherServlet        : GET "/premit/v3/api-docs", parameters={}
2026-08-05T09:48:47.831+05:30 DEBUG 2824 --- [patient-registry] [http-nio-9999-exec-3] s.w.s.m.m.a.RequestMappingHandlerMapping : Mapped to org.springdoc.webmvc.api.OpenApiWebMvcResource#openapiJson(HttpServletRequest, String, Locale)
2026-08-05T09:48:47.832+05:30 DEBUG 2824 --- [patient-registry] [http-nio-9999-exec-3] o.j.s.OpenEntityManagerInViewInterceptor : Opening JPA EntityManager in OpenEntityManagerInViewInterceptor
2026-08-05T09:48:47.832+05:30 DEBUG 2824 --- [patient-registry] [http-nio-9999-exec-3] org.hibernate.orm.core                   : HHH006588: Opening session [tenant=null]
2026-08-05T09:48:48.012+05:30 DEBUG 2824 --- [patient-registry] [http-nio-9999-exec-3] i.s.v.c.c.ModelConverterContextImpl      : resolve class com.premit.patient_registry.dto.PatientDTO
2026-08-05T09:48:48.079+05:30 DEBUG 2824 --- [patient-registry] [http-nio-9999-exec-3] i.s.v.c.c.ModelConverterContextImpl      : resolve [simple type, class java.lang.String]
2026-08-05T09:48:48.267+05:30 DEBUG 2824 --- [patient-registry] [http-nio-9999-exec-3] i.s.v.c.c.ModelConverterContextImpl      : resolve [simple type, class int]
2026-08-05T09:48:48.276+05:30 DEBUG 2824 --- [patient-registry] [http-nio-9999-exec-3] i.s.v.c.c.ModelConverterContextImpl      : resolve [simple type, class java.lang.String]
2026-08-05T09:48:48.278+05:30 DEBUG 2824 --- [patient-registry] [http-nio-9999-exec-3] i.s.v.c.c.ModelConverterContextImpl      : resolve [simple type, class java.lang.String]
2026-08-05T09:48:48.280+05:30 DEBUG 2824 --- [patient-registry] [http-nio-9999-exec-3] i.s.v.c.c.ModelConverterContextImpl      : resolve [simple type, class java.time.LocalDate]
2026-08-05T09:48:48.289+05:30 DEBUG 2824 --- [patient-registry] [http-nio-9999-exec-3] i.s.v.c.c.ModelConverterContextImpl      : resolve [simple type, class java.lang.String]
2026-08-05T09:48:48.316+05:30 DEBUG 2824 --- [patient-registry] [http-nio-9999-exec-3] i.s.v.c.c.ModelConverterContextImpl      : resolve org.springframework.http.ResponseEntity<java.lang.String>
2026-08-05T09:48:48.323+05:30 DEBUG 2824 --- [patient-registry] [http-nio-9999-exec-3] i.s.v.c.c.ModelConverterContextImpl      : resolve [simple type, class java.lang.String]
2026-08-05T09:48:48.346+05:30  INFO 2824 --- [patient-registry] [http-nio-9999-exec-3] o.springdoc.api.AbstractOpenApiResource  : Init duration for springdoc-openapi is: 492 ms
2026-08-05T09:48:48.389+05:30 DEBUG 2824 --- [patient-registry] [http-nio-9999-exec-3] m.m.a.RequestResponseBodyMethodProcessor : Using 'application/json', given [application/json, */*] and supported [application/json]
2026-08-05T09:48:48.390+05:30 DEBUG 2824 --- [patient-registry] [http-nio-9999-exec-3] m.m.a.RequestResponseBodyMethodProcessor : Writing [{7b226f70656e617069223a22332e312e30222c22696e666f223a7b227469746c65223a224f70656e41504920646566696e6 (truncated)...]
2026-08-05T09:48:48.391+05:30 DEBUG 2824 --- [patient-registry] [http-nio-9999-exec-3] o.j.s.OpenEntityManagerInViewInterceptor : Closing JPA EntityManager in OpenEntityManagerInViewInterceptor
2026-08-05T09:48:48.391+05:30 DEBUG 2824 --- [patient-registry] [http-nio-9999-exec-3] org.hibernate.session.metrics            : HHH000401: Logging session metrics:
	0 ns acquiring 0 JDBC connections
	0 ns releasing 0 JDBC connections
	0 ns preparing 0 JDBC statements
	0 ns executing 0 JDBC statements
	0 ns executing 0 JDBC batches
	0 ns performing 0 second-level cache puts
	0 ns performing 0 second-level cache hits
	0 ns performing 0 second-level cache misses
	0 ns executing 0 flushes (flushing a total of 0 entities and 0 collections)
	0 ns executing 0 pre-partial-flushes
	0 ns executing 0 partial-flushes (flushing a total of 0 entities and 0 collections)

2026-08-05T09:48:48.391+05:30 DEBUG 2824 --- [patient-registry] [http-nio-9999-exec-3] o.s.web.servlet.DispatcherServlet        : Completed 200 OK
2026-08-05T09:49:01.454+05:30 DEBUG 2824 --- [patient-registry] [HikariPool-2:housekeeper] com.zaxxer.hikari.pool.HikariPool        : HikariPool-2 - Pool stats (total=10/10, idle=10/10, active=0, waiting=0)
2026-08-05T09:49:01.454+05:30 DEBUG 2824 --- [patient-registry] [HikariPool-2:housekeeper] com.zaxxer.hikari.pool.HikariPool        : HikariPool-2 - Fill pool skipped, pool has sufficient level or currently being filled.
2026-08-05T09:49:26.945+05:30 DEBUG 2824 --- [patient-registry] [http-nio-9999-exec-4] o.s.web.servlet.DispatcherServlet        : POST "/premit/register", parameters={}
2026-08-05T09:49:26.945+05:30 DEBUG 2824 --- [patient-registry] [http-nio-9999-exec-4] s.w.s.m.m.a.RequestMappingHandlerMapping : Mapped to com.premit.patient_registry.controller.PatientController#registerPatientDetails(PatientDTO)
2026-08-05T09:49:26.945+05:30 DEBUG 2824 --- [patient-registry] [http-nio-9999-exec-4] o.j.s.OpenEntityManagerInViewInterceptor : Opening JPA EntityManager in OpenEntityManagerInViewInterceptor
2026-08-05T09:49:26.945+05:30 DEBUG 2824 --- [patient-registry] [http-nio-9999-exec-4] org.hibernate.orm.core                   : HHH006588: Opening session [tenant=null]
2026-08-05T09:49:27.059+05:30 DEBUG 2824 --- [patient-registry] [http-nio-9999-exec-4] m.m.a.RequestResponseBodyMethodProcessor : Read "application/json;charset=UTF-8" to [PatientDTO(patientName=ram, age=20, sex=male, address=hyd, date=2026-08-05, mobile=7669089704)]
2026-08-05T09:49:27.110+05:30  INFO 2824 --- [patient-registry] [http-nio-9999-exec-4] c.p.p.controller.PatientController       : Request received to controller: PatientDTO(patientName=ram, age=20, sex=male, address=hyd, date=2026-08-05, mobile=7669089704)
2026-08-05T09:49:27.110+05:30  INFO 2824 --- [patient-registry] [http-nio-9999-exec-4] c.p.p.service.PatientServiceImpl         : request received to service : PatientDTO(patientName=ram, age=20, sex=male, address=hyd, date=2026-08-05, mobile=7669089704)
2026-08-05T09:49:27.126+05:30  INFO 2824 --- [patient-registry] [http-nio-9999-exec-4] c.p.p.service.PatientServiceImpl         : Patient entity : Patient(patientId=0, patientName=ram, age=20, sex=male, address=hyd, date=2026-08-05, mobile=7669089704)
2026-08-05T09:49:27.136+05:30 DEBUG 2824 --- [patient-registry] [http-nio-9999-exec-4] o.s.orm.jpa.JpaTransactionManager        : Found thread-bound EntityManager [SessionImpl(1303222790<open>)] for JPA transaction
2026-08-05T09:49:27.136+05:30 DEBUG 2824 --- [patient-registry] [http-nio-9999-exec-4] o.s.orm.jpa.JpaTransactionManager        : Creating new transaction with name [org.springframework.data.jpa.repository.support.SimpleJpaRepository.save]: PROPAGATION_REQUIRED,ISOLATION_DEFAULT
2026-08-05T09:49:27.143+05:30 DEBUG 2824 --- [patient-registry] [http-nio-9999-exec-4] org.hibernate.orm.core                   : HHH006583: Beginning transaction
2026-08-05T09:49:27.146+05:30 DEBUG 2824 --- [patient-registry] [http-nio-9999-exec-4] o.s.orm.jpa.JpaTransactionManager        : Exposing JPA transaction as JDBC [org.springframework.orm.jpa.vendor.HibernateJpaDialect$HibernateConnectionHandle@6288920f]
2026-08-05T09:49:27.168+05:30 DEBUG 2824 --- [patient-registry] [http-nio-9999-exec-4] org.hibernate.SQL                        : select patient_register_seq.nextval from dual
2026-08-05T09:49:27.267+05:30 DEBUG 2824 --- [patient-registry] [http-nio-9999-exec-4] o.s.orm.jpa.JpaTransactionManager        : Initiating transaction commit
2026-08-05T09:49:27.267+05:30 DEBUG 2824 --- [patient-registry] [http-nio-9999-exec-4] o.s.orm.jpa.JpaTransactionManager        : Committing JPA transaction on EntityManager [SessionImpl(1303222790<open>)]
2026-08-05T09:49:27.267+05:30 DEBUG 2824 --- [patient-registry] [http-nio-9999-exec-4] org.hibernate.orm.core                   : HHH006584: Committing transaction
2026-08-05T09:49:27.277+05:30 DEBUG 2824 --- [patient-registry] [http-nio-9999-exec-4] org.hibernate.orm.event                  : HHH90060071: Flushed: 1 insertions, 0 updates, 0 deletions to 1 objects
2026-08-05T09:49:27.277+05:30 DEBUG 2824 --- [patient-registry] [http-nio-9999-exec-4] org.hibernate.orm.event                  : HHH90060072: Flushed: 0 (re)creations, 0 updates, 0 removals to 0 collections
2026-08-05T09:49:27.277+05:30 DEBUG 2824 --- [patient-registry] [http-nio-9999-exec-4] org.hibernate.orm.core                   : Listing entities:
2026-08-05T09:49:27.277+05:30 DEBUG 2824 --- [patient-registry] [http-nio-9999-exec-4] org.hibernate.orm.core                   : com.premit.patient_registry.entity.Patient{date=2026-08-05, patientName=ram, address=hyd, patientId=27, sex=male, mobile=7669089704, age=20}
2026-08-05T09:49:27.300+05:30 DEBUG 2824 --- [patient-registry] [http-nio-9999-exec-4] org.hibernate.SQL                        : insert into patient_register (address,age,visit_date,mobile,pt_name,sex,id) values (?,?,?,?,?,?,?)
2026-08-05T09:49:27.344+05:30 DEBUG 2824 --- [patient-registry] [http-nio-9999-exec-4] o.s.orm.jpa.JpaTransactionManager        : Not closing pre-bound JPA EntityManager after transaction
2026-08-05T09:49:27.345+05:30 DEBUG 2824 --- [patient-registry] [http-nio-9999-exec-4] o.s.w.s.m.m.a.HttpEntityMethodProcessor  : Using 'text/plain', given [*/*] and supported [text/plain, */*, application/json, application/*+json, application/yaml]
2026-08-05T09:49:27.345+05:30 DEBUG 2824 --- [patient-registry] [http-nio-9999-exec-4] o.s.w.s.m.m.a.HttpEntityMethodProcessor  : Writing ["Patient registered successfully."]
2026-08-05T09:49:27.345+05:30 DEBUG 2824 --- [patient-registry] [http-nio-9999-exec-4] o.j.s.OpenEntityManagerInViewInterceptor : Closing JPA EntityManager in OpenEntityManagerInViewInterceptor
2026-08-05T09:49:27.345+05:30 DEBUG 2824 --- [patient-registry] [http-nio-9999-exec-4] org.hibernate.session.metrics            : HHH000401: Logging session metrics:
	912500 ns acquiring 1 JDBC connections
	0 ns releasing 0 JDBC connections
	69904600 ns preparing 2 JDBC statements
	25285800 ns executing 2 JDBC statements
	0 ns executing 0 JDBC batches
	0 ns performing 0 second-level cache puts
	0 ns performing 0 second-level cache hits
	0 ns performing 0 second-level cache misses
	66655500 ns executing 1 flushes (flushing a total of 1 entities and 0 collections)
	0 ns executing 0 pre-partial-flushes
	0 ns executing 0 partial-flushes (flushing a total of 0 entities and 0 collections)

2026-08-05T09:49:27.345+05:30 DEBUG 2824 --- [patient-registry] [http-nio-9999-exec-4] o.s.web.servlet.DispatcherServlet        : Completed 201 CREATED
2026-08-05T09:49:31.463+05:30 DEBUG 2824 --- [patient-registry] [HikariPool-2:housekeeper] com.zaxxer.hikari.pool.HikariPool        : HikariPool-2 - Pool stats (total=10/10, idle=10/10, active=0, waiting=0)
2026-08-05T09:49:31.463+05:30 DEBUG 2824 --- [patient-registry] [HikariPool-2:housekeeper] com.zaxxer.hikari.pool.HikariPool        : HikariPool-2 - Fill pool skipped, pool has sufficient level or currently being filled.
2026-08-05T09:50:01.465+05:30 DEBUG 2824 --- [patient-registry] [HikariPool-2:housekeeper] com.zaxxer.hikari.pool.HikariPool        : HikariPool-2 - Pool stats (total=10/10, idle=10/10, active=0, waiting=0)
2026-08-05T09:50:01.465+05:30 DEBUG 2824 --- [patient-registry] [HikariPool-2:housekeeper] com.zaxxer.hikari.pool.HikariPool        : HikariPool-2 - Fill pool skipped, pool has sufficient level or currently being filled.
2026-08-05T09:50:09.613+05:30 DEBUG 2824 --- [patient-registry] [HikariPool-2:housekeeper] com.zaxxer.hikari.pool.HikariPool        : HikariPool-2 - keepalive: connection oracle.jdbc.driver.T4CConnection@3d98f58 is alive
2026-08-05T09:50:11.572+05:30 DEBUG 2824 --- [patient-registry] [HikariPool-2:housekeeper] com.zaxxer.hikari.pool.HikariPool        : HikariPool-2 - keepalive: connection oracle.jdbc.driver.T4CConnection@10e07376 is alive
2026-08-05T09:50:14.921+05:30 DEBUG 2824 --- [patient-registry] [HikariPool-2:housekeeper] com.zaxxer.hikari.pool.HikariPool        : HikariPool-2 - keepalive: connection oracle.jdbc.driver.T4CConnection@36ced477 is alive
2026-08-05T09:50:22.699+05:30 DEBUG 2824 --- [patient-registry] [HikariPool-2:housekeeper] com.zaxxer.hikari.pool.HikariPool        : HikariPool-2 - keepalive: connection oracle.jdbc.driver.T4CConnection@6376151c is alive
2026-08-05T09:50:24.071+05:30 DEBUG 2824 --- [patient-registry] [HikariPool-2:housekeeper] com.zaxxer.hikari.pool.HikariPool        : HikariPool-2 - keepalive: connection oracle.jdbc.driver.T4CConnection@5695d711 is alive
2026-08-05T09:50:24.751+05:30 DEBUG 2824 --- [patient-registry] [HikariPool-2:housekeeper] com.zaxxer.hikari.pool.HikariPool        : HikariPool-2 - keepalive: connection oracle.jdbc.driver.T4CConnection@263ae0e4 is alive
2026-08-05T09:50:27.437+05:30 DEBUG 2824 --- [patient-registry] [HikariPool-2:housekeeper] com.zaxxer.hikari.pool.HikariPool        : HikariPool-2 - keepalive: connection oracle.jdbc.driver.T4CConnection@62fedbd8 is alive
2026-08-05T09:50:29.191+05:30 DEBUG 2824 --- [patient-registry] [HikariPool-2:housekeeper] com.zaxxer.hikari.pool.HikariPool        : HikariPool-2 - keepalive: connection oracle.jdbc.driver.T4CConnection@1f7d5d53 is alive
2026-08-05T09:50:29.686+05:30 DEBUG 2824 --- [patient-registry] [HikariPool-2:housekeeper] com.zaxxer.hikari.pool.HikariPool        : HikariPool-2 - keepalive: connection oracle.jdbc.driver.T4CConnection@28b8634c is alive
2026-08-05T09:50:29.734+05:30 DEBUG 2824 --- [patient-registry] [HikariPool-2:housekeeper] com.zaxxer.hikari.pool.HikariPool        : HikariPool-2 - keepalive: connection oracle.jdbc.driver.T4CConnection@1a6b89b1 is alive
2026-08-05T09:50:31.467+05:30 DEBUG 2824 --- [patient-registry] [HikariPool-2:housekeeper] com.zaxxer.hikari.pool.HikariPool        : HikariPool-2 - Pool stats (total=10/10, idle=10/10, active=0, waiting=0)
2026-08-05T09:50:31.467+05:30 DEBUG 2824 --- [patient-registry] [HikariPool-2:housekeeper] com.zaxxer.hikari.pool.HikariPool        : HikariPool-2 - Fill pool skipped, pool has sufficient level or currently being filled.
2026-08-05T09:51:01.481+05:30 DEBUG 2824 --- [patient-registry] [HikariPool-2:housekeeper] com.zaxxer.hikari.pool.HikariPool        : HikariPool-2 - Pool stats (total=10/10, idle=10/10, active=0, waiting=0)
2026-08-05T09:51:01.481+05:30 DEBUG 2824 --- [patient-registry] [HikariPool-2:housekeeper] com.zaxxer.hikari.pool.HikariPool        : HikariPool-2 - Fill pool skipped, pool has sufficient level or currently being filled.
2026-08-05T09:51:31.494+05:30 DEBUG 2824 --- [patient-registry] [HikariPool-2:housekeeper] com.zaxxer.hikari.pool.HikariPool        : HikariPool-2 - Pool stats (total=10/10, idle=10/10, active=0, waiting=0)
2026-08-05T09:51:31.494+05:30 DEBUG 2824 --- [patient-registry] [HikariPool-2:housekeeper] com.zaxxer.hikari.pool.HikariPool        : HikariPool-2 - Fill pool skipped, pool has sufficient level or currently being filled.
2026-08-05T09:51:47.210+05:30 DEBUG 2824 --- [patient-registry] [HikariPool-2:housekeeper] com.zaxxer.hikari.pool.HikariPool        : HikariPool-2 - keepalive: connection oracle.jdbc.driver.T4CConnection@3d98f58 is alive
2026-08-05T09:51:51.044+05:30 DEBUG 2824 --- [patient-registry] [HikariPool-2:housekeeper] com.zaxxer.hikari.pool.HikariPool        : HikariPool-2 - keepalive: connection oracle.jdbc.driver.T4CConnection@10e07376 is alive
2026-08-05T09:51:57.656+05:30 DEBUG 2824 --- [patient-registry] [HikariPool-2:housekeeper] com.zaxxer.hikari.pool.HikariPool        : HikariPool-2 - keepalive: connection oracle.jdbc.driver.T4CConnection@36ced477 is alive
2026-08-05T09:52:01.508+05:30 DEBUG 2824 --- [patient-registry] [HikariPool-2:housekeeper] com.zaxxer.hikari.pool.HikariPool        : HikariPool-2 - Pool stats (total=10/10, idle=10/10, active=0, waiting=0)
2026-08-05T09:52:01.508+05:30 DEBUG 2824 --- [patient-registry] [HikariPool-2:housekeeper] com.zaxxer.hikari.pool.HikariPool        : HikariPool-2 - Fill pool skipped, pool has sufficient level or currently being filled.
2026-08-05T09:52:13.722+05:30 DEBUG 2824 --- [patient-registry] [HikariPool-2:housekeeper] com.zaxxer.hikari.pool.HikariPool        : HikariPool-2 - keepalive: connection oracle.jdbc.driver.T4CConnection@6376151c is alive
2026-08-05T09:52:16.389+05:30 DEBUG 2824 --- [patient-registry] [HikariPool-2:housekeeper] com.zaxxer.hikari.pool.HikariPool        : HikariPool-2 - keepalive: connection oracle.jdbc.driver.T4CConnection@5695d711 is alive
2026-08-05T09:52:17.919+05:30 DEBUG 2824 --- [patient-registry] [HikariPool-2:housekeeper] com.zaxxer.hikari.pool.HikariPool        : HikariPool-2 - keepalive: connection oracle.jdbc.driver.T4CConnection@263ae0e4 is alive
2026-08-05T09:52:23.521+05:30 DEBUG 2824 --- [patient-registry] [HikariPool-2:housekeeper] com.zaxxer.hikari.pool.HikariPool        : HikariPool-2 - keepalive: connection oracle.jdbc.driver.T4CConnection@62fedbd8 is alive
2026-08-05T09:52:26.875+05:30 DEBUG 2824 --- [patient-registry] [HikariPool-2:housekeeper] com.zaxxer.hikari.pool.HikariPool        : HikariPool-2 - keepalive: connection oracle.jdbc.driver.T4CConnection@1f7d5d53 is alive
2026-08-05T09:52:27.524+05:30 DEBUG 2824 --- [patient-registry] [HikariPool-2:housekeeper] com.zaxxer.hikari.pool.HikariPool        : HikariPool-2 - keepalive: connection oracle.jdbc.driver.T4CConnection@1a6b89b1 is alive
2026-08-05T09:52:27.526+05:30 DEBUG 2824 --- [patient-registry] [HikariPool-2:housekeeper] com.zaxxer.hikari.pool.HikariPool        : HikariPool-2 - keepalive: connection oracle.jdbc.driver.T4CConnection@28b8634c is alive
2026-08-05T09:52:31.517+05:30 DEBUG 2824 --- [patient-registry] [HikariPool-2:housekeeper] com.zaxxer.hikari.pool.HikariPool        : HikariPool-2 - Pool stats (total=10/10, idle=10/10, active=0, waiting=0)
2026-08-05T09:52:31.517+05:30 DEBUG 2824 --- [patient-registry] [HikariPool-2:housekeeper] com.zaxxer.hikari.pool.HikariPool        : HikariPool-2 - Fill pool skipped, pool has sufficient level or currently being filled.
2026-08-05T09:53:01.521+05:30 DEBUG 2824 --- [patient-registry] [HikariPool-2:housekeeper] com.zaxxer.hikari.pool.HikariPool        : HikariPool-2 - Pool stats (total=10/10, idle=10/10, active=0, waiting=0)
2026-08-05T09:53:01.521+05:30 DEBUG 2824 --- [patient-registry] [HikariPool-2:housekeeper] com.zaxxer.hikari.pool.HikariPool        : HikariPool-2 - Fill pool skipped, pool has sufficient level or currently being filled.
2026-08-05T09:53:24.810+05:30 DEBUG 2824 --- [patient-registry] [HikariPool-2:housekeeper] com.zaxxer.hikari.pool.HikariPool        : HikariPool-2 - keepalive: connection oracle.jdbc.driver.T4CConnection@3d98f58 is alive
2026-08-05T09:53:30.509+05:30 DEBUG 2824 --- [patient-registry] [HikariPool-2:housekeeper] com.zaxxer.hikari.pool.HikariPool        : HikariPool-2 - keepalive: connection oracle.jdbc.driver.T4CConnection@10e07376 is alive
2026-08-05T09:53:31.532+05:30 DEBUG 2824 --- [patient-registry] [HikariPool-2:housekeeper] com.zaxxer.hikari.pool.HikariPool        : HikariPool-2 - Pool stats (total=10/10, idle=10/10, active=0, waiting=0)
2026-08-05T09:53:31.533+05:30 DEBUG 2824 --- [patient-registry] [HikariPool-2:housekeeper] com.zaxxer.hikari.pool.HikariPool        : HikariPool-2 - Fill pool skipped, pool has sufficient level or currently being filled.
2026-08-05T09:53:40.394+05:30 DEBUG 2824 --- [patient-registry] [HikariPool-2:housekeeper] com.zaxxer.hikari.pool.HikariPool        : HikariPool-2 - keepalive: connection oracle.jdbc.driver.T4CConnection@36ced477 is alive
2026-08-05T09:54:01.535+05:30 DEBUG 2824 --- [patient-registry] [HikariPool-2:housekeeper] com.zaxxer.hikari.pool.HikariPool        : HikariPool-2 - Pool stats (total=10/10, idle=10/10, active=0, waiting=0)
2026-08-05T09:54:01.535+05:30 DEBUG 2824 --- [patient-registry] [HikariPool-2:housekeeper] com.zaxxer.hikari.pool.HikariPool        : HikariPool-2 - Fill pool skipped, pool has sufficient level or currently being filled.
2026-08-05T09:54:04.752+05:30 DEBUG 2824 --- [patient-registry] [HikariPool-2:housekeeper] com.zaxxer.hikari.pool.HikariPool        : HikariPool-2 - keepalive: connection oracle.jdbc.driver.T4CConnection@6376151c is alive
2026-08-05T09:54:08.704+05:30 DEBUG 2824 --- [patient-registry] [HikariPool-2:housekeeper] com.zaxxer.hikari.pool.HikariPool        : HikariPool-2 - keepalive: connection oracle.jdbc.driver.T4CConnection@5695d711 is alive
2026-08-05T09:54:11.078+05:30 DEBUG 2824 --- [patient-registry] [HikariPool-2:housekeeper] com.zaxxer.hikari.pool.HikariPool        : HikariPool-2 - keepalive: connection oracle.jdbc.driver.T4CConnection@263ae0e4 is alive
2026-08-05T09:54:19.604+05:30 DEBUG 2824 --- [patient-registry] [HikariPool-2:housekeeper] com.zaxxer.hikari.pool.HikariPool        : HikariPool-2 - keepalive: connection oracle.jdbc.driver.T4CConnection@62fedbd8 is alive
2026-08-05T09:54:24.561+05:30 DEBUG 2824 --- [patient-registry] [HikariPool-2:housekeeper] com.zaxxer.hikari.pool.HikariPool        : HikariPool-2 - keepalive: connection oracle.jdbc.driver.T4CConnection@1f7d5d53 is alive
2026-08-05T09:54:25.304+05:30 DEBUG 2824 --- [patient-registry] [HikariPool-2:housekeeper] com.zaxxer.hikari.pool.HikariPool        : HikariPool-2 - keepalive: connection oracle.jdbc.driver.T4CConnection@1a6b89b1 is alive
2026-08-05T09:54:25.359+05:30 DEBUG 2824 --- [patient-registry] [HikariPool-2:housekeeper] com.zaxxer.hikari.pool.HikariPool        : HikariPool-2 - keepalive: connection oracle.jdbc.driver.T4CConnection@28b8634c is alive
2026-08-05T09:54:31.536+05:30 DEBUG 2824 --- [patient-registry] [HikariPool-2:housekeeper] com.zaxxer.hikari.pool.HikariPool        : HikariPool-2 - Pool stats (total=10/10, idle=10/10, active=0, waiting=0)
2026-08-05T09:54:31.536+05:30 DEBUG 2824 --- [patient-registry] [HikariPool-2:housekeeper] com.zaxxer.hikari.pool.HikariPool        : HikariPool-2 - Fill pool skipped, pool has sufficient level or currently being filled.
2026-08-05T09:55:01.537+05:30 DEBUG 2824 --- [patient-registry] [HikariPool-2:housekeeper] com.zaxxer.hikari.pool.HikariPool        : HikariPool-2 - Pool stats (total=10/10, idle=10/10, active=0, waiting=0)
2026-08-05T09:55:01.537+05:30 DEBUG 2824 --- [patient-registry] [HikariPool-2:housekeeper] com.zaxxer.hikari.pool.HikariPool        : HikariPool-2 - Fill pool skipped, pool has sufficient level or currently being filled.
2026-08-05T09:55:02.407+05:30 DEBUG 2824 --- [patient-registry] [HikariPool-2:housekeeper] com.zaxxer.hikari.pool.HikariPool        : HikariPool-2 - keepalive: connection oracle.jdbc.driver.T4CConnection@3d98f58 is alive
2026-08-05T09:55:09.982+05:30 DEBUG 2824 --- [patient-registry] [HikariPool-2:housekeeper] com.zaxxer.hikari.pool.HikariPool        : HikariPool-2 - keepalive: connection oracle.jdbc.driver.T4CConnection@10e07376 is alive
2026-08-05T09:55:23.138+05:30 DEBUG 2824 --- [patient-registry] [HikariPool-2:housekeeper] com.zaxxer.hikari.pool.HikariPool        : HikariPool-2 - keepalive: connection oracle.jdbc.driver.T4CConnection@36ced477 is alive
2026-08-05T09:55:31.537+05:30 DEBUG 2824 --- [patient-registry] [HikariPool-2:housekeeper] com.zaxxer.hikari.pool.HikariPool        : HikariPool-2 - Pool stats (total=10/10, idle=10/10, active=0, waiting=0)
2026-08-05T09:55:31.537+05:30 DEBUG 2824 --- [patient-registry] [HikariPool-2:housekeeper] com.zaxxer.hikari.pool.HikariPool        : HikariPool-2 - Fill pool skipped, pool has sufficient level or currently being filled.
2026-08-05T09:55:55.778+05:30 DEBUG 2824 --- [patient-registry] [HikariPool-2:housekeeper] com.zaxxer.hikari.pool.HikariPool        : HikariPool-2 - keepalive: connection oracle.jdbc.driver.T4CConnection@6376151c is alive
2026-08-05T09:56:01.014+05:30 DEBUG 2824 --- [patient-registry] [HikariPool-2:housekeeper] com.zaxxer.hikari.pool.HikariPool        : HikariPool-2 - keepalive: connection oracle.jdbc.driver.T4CConnection@5695d711 is alive
2026-08-05T09:56:01.540+05:30 DEBUG 2824 --- [patient-registry] [HikariPool-2:housekeeper] com.zaxxer.hikari.pool.HikariPool        : HikariPool-2 - Pool stats (total=10/10, idle=10/10, active=0, waiting=0)
2026-08-05T09:56:01.540+05:30 DEBUG 2824 --- [patient-registry] [HikariPool-2:housekeeper] com.zaxxer.hikari.pool.HikariPool        : HikariPool-2 - Fill pool skipped, pool has sufficient level or currently being filled.
2026-08-05T09:56:04.233+05:30 DEBUG 2824 --- [patient-registry] [HikariPool-2:housekeeper] com.zaxxer.hikari.pool.HikariPool        : HikariPool-2 - keepalive: connection oracle.jdbc.driver.T4CConnection@263ae0e4 is alive
2026-08-05T09:56:15.700+05:30 DEBUG 2824 --- [patient-registry] [HikariPool-2:housekeeper] com.zaxxer.hikari.pool.HikariPool        : HikariPool-2 - keepalive: connection oracle.jdbc.driver.T4CConnection@62fedbd8 is alive
2026-08-05T09:56:22.255+05:30 DEBUG 2824 --- [patient-registry] [HikariPool-2:housekeeper] com.zaxxer.hikari.pool.HikariPool        : HikariPool-2 - keepalive: connection oracle.jdbc.driver.T4CConnection@1f7d5d53 is alive
2026-08-05T09:56:23.082+05:30 DEBUG 2824 --- [patient-registry] [HikariPool-2:housekeeper] com.zaxxer.hikari.pool.HikariPool        : HikariPool-2 - keepalive: connection oracle.jdbc.driver.T4CConnection@1a6b89b1 is alive
2026-08-05T09:56:23.193+05:30 DEBUG 2824 --- [patient-registry] [HikariPool-2:housekeeper] com.zaxxer.hikari.pool.HikariPool        : HikariPool-2 - keepalive: connection oracle.jdbc.driver.T4CConnection@28b8634c is alive
2026-08-05T09:56:31.541+05:30 DEBUG 2824 --- [patient-registry] [HikariPool-2:housekeeper] com.zaxxer.hikari.pool.HikariPool        : HikariPool-2 - Pool stats (total=10/10, idle=10/10, active=0, waiting=0)
2026-08-05T09:56:31.541+05:30 DEBUG 2824 --- [patient-registry] [HikariPool-2:housekeeper] com.zaxxer.hikari.pool.HikariPool        : HikariPool-2 - Fill pool skipped, pool has sufficient level or currently being filled.
2026-08-05T09:56:40.004+05:30 DEBUG 2824 --- [patient-registry] [HikariPool-2:housekeeper] com.zaxxer.hikari.pool.HikariPool        : HikariPool-2 - keepalive: connection oracle.jdbc.driver.T4CConnection@3d98f58 is alive
2026-08-05T09:56:49.445+05:30 DEBUG 2824 --- [patient-registry] [HikariPool-2:housekeeper] com.zaxxer.hikari.pool.HikariPool        : HikariPool-2 - keepalive: connection oracle.jdbc.driver.T4CConnection@10e07376 is alive
2026-08-05T09:57:01.542+05:30 DEBUG 2824 --- [patient-registry] [HikariPool-2:housekeeper] com.zaxxer.hikari.pool.HikariPool        : HikariPool-2 - Pool stats (total=10/10, idle=10/10, active=0, waiting=0)
2026-08-05T09:57:01.542+05:30 DEBUG 2824 --- [patient-registry] [HikariPool-2:housekeeper] com.zaxxer.hikari.pool.HikariPool        : HikariPool-2 - Fill pool skipped, pool has sufficient level or currently being filled.
2026-08-05T09:57:05.871+05:30 DEBUG 2824 --- [patient-registry] [HikariPool-2:housekeeper] com.zaxxer.hikari.pool.HikariPool        : HikariPool-2 - keepalive: connection oracle.jdbc.driver.T4CConnection@36ced477 is alive
2026-08-05T09:57:31.555+05:30 DEBUG 2824 --- [patient-registry] [HikariPool-2:housekeeper] com.zaxxer.hikari.pool.HikariPool        : HikariPool-2 - Pool stats (total=10/10, idle=10/10, active=0, waiting=0)
2026-08-05T09:57:31.555+05:30 DEBUG 2824 --- [patient-registry] [HikariPool-2:housekeeper] com.zaxxer.hikari.pool.HikariPool        : HikariPool-2 - Fill pool skipped, pool has sufficient level or currently being filled.
2026-08-05T09:57:46.802+05:30 DEBUG 2824 --- [patient-registry] [HikariPool-2:housekeeper] com.zaxxer.hikari.pool.HikariPool        : HikariPool-2 - keepalive: connection oracle.jdbc.driver.T4CConnection@6376151c is alive
2026-08-05T09:57:53.330+05:30 DEBUG 2824 --- [patient-registry] [HikariPool-2:housekeeper] com.zaxxer.hikari.pool.HikariPool        : HikariPool-2 - keepalive: connection oracle.jdbc.driver.T4CConnection@5695d711 is alive
2026-08-05T09:57:57.394+05:30 DEBUG 2824 --- [patient-registry] [HikariPool-2:housekeeper] com.zaxxer.hikari.pool.HikariPool        : HikariPool-2 - keepalive: connection oracle.jdbc.driver.T4CConnection@263ae0e4 is alive
2026-08-05T09:58:01.556+05:30 DEBUG 2824 --- [patient-registry] [HikariPool-2:housekeeper] com.zaxxer.hikari.pool.HikariPool        : HikariPool-2 - Pool stats (total=10/10, idle=10/10, active=0, waiting=0)
2026-08-05T09:58:01.556+05:30 DEBUG 2824 --- [patient-registry] [HikariPool-2:housekeeper] com.zaxxer.hikari.pool.HikariPool        : HikariPool-2 - Fill pool skipped, pool has sufficient level or currently being filled.
2026-08-05T09:58:11.783+05:30 DEBUG 2824 --- [patient-registry] [HikariPool-2:housekeeper] com.zaxxer.hikari.pool.HikariPool        : HikariPool-2 - keepalive: connection oracle.jdbc.driver.T4CConnection@62fedbd8 is alive
2026-08-05T09:58:17.609+05:30 DEBUG 2824 --- [patient-registry] [HikariPool-2:housekeeper] com.zaxxer.hikari.pool.HikariPool        : HikariPool-2 - keepalive: connection oracle.jdbc.driver.T4CConnection@3d98f58 is alive
2026-08-05T09:58:19.935+05:30 DEBUG 2824 --- [patient-registry] [HikariPool-2:housekeeper] com.zaxxer.hikari.pool.HikariPool        : HikariPool-2 - keepalive: connection oracle.jdbc.driver.T4CConnection@1f7d5d53 is alive
2026-08-05T09:58:20.862+05:30 DEBUG 2824 --- [patient-registry] [HikariPool-2:housekeeper] com.zaxxer.hikari.pool.HikariPool        : HikariPool-2 - keepalive: connection oracle.jdbc.driver.T4CConnection@1a6b89b1 is alive
2026-08-05T09:58:21.029+05:30 DEBUG 2824 --- [patient-registry] [HikariPool-2:housekeeper] com.zaxxer.hikari.pool.HikariPool        : HikariPool-2 - keepalive: connection oracle.jdbc.driver.T4CConnection@28b8634c is alive
2026-08-05T09:58:28.908+05:30 DEBUG 2824 --- [patient-registry] [HikariPool-2:housekeeper] com.zaxxer.hikari.pool.HikariPool        : HikariPool-2 - keepalive: connection oracle.jdbc.driver.T4CConnection@10e07376 is alive
2026-08-05T09:58:31.558+05:30 DEBUG 2824 --- [patient-registry] [HikariPool-2:housekeeper] com.zaxxer.hikari.pool.HikariPool        : HikariPool-2 - Pool stats (total=10/10, idle=10/10, active=0, waiting=0)
2026-08-05T09:58:31.558+05:30 DEBUG 2824 --- [patient-registry] [HikariPool-2:housekeeper] com.zaxxer.hikari.pool.HikariPool        : HikariPool-2 - Fill pool skipped, pool has sufficient level or currently being filled.
2026-08-05T09:58:48.604+05:30 DEBUG 2824 --- [patient-registry] [HikariPool-2:housekeeper] com.zaxxer.hikari.pool.HikariPool        : HikariPool-2 - keepalive: connection oracle.jdbc.driver.T4CConnection@36ced477 is alive
2026-08-05T09:59:01.558+05:30 DEBUG 2824 --- [patient-registry] [HikariPool-2:housekeeper] com.zaxxer.hikari.pool.HikariPool        : HikariPool-2 - Pool stats (total=10/10, idle=10/10, active=0, waiting=0)
2026-08-05T09:59:01.558+05:30 DEBUG 2824 --- [patient-registry] [HikariPool-2:housekeeper] com.zaxxer.hikari.pool.HikariPool        : HikariPool-2 - Fill pool skipped, pool has sufficient level or currently being filled.
2026-08-05T09:59:31.561+05:30 DEBUG 2824 --- [patient-registry] [HikariPool-2:housekeeper] com.zaxxer.hikari.pool.HikariPool        : HikariPool-2 - Pool stats (total=10/10, idle=10/10, active=0, waiting=0)
2026-08-05T09:59:31.561+05:30 DEBUG 2824 --- [patient-registry] [HikariPool-2:housekeeper] com.zaxxer.hikari.pool.HikariPool        : HikariPool-2 - Fill pool skipped, pool has sufficient level or currently being filled.
2026-08-05T09:59:37.834+05:30 DEBUG 2824 --- [patient-registry] [HikariPool-2:housekeeper] com.zaxxer.hikari.pool.HikariPool        : HikariPool-2 - keepalive: connection oracle.jdbc.driver.T4CConnection@6376151c is alive
2026-08-05T09:59:45.640+05:30 DEBUG 2824 --- [patient-registry] [HikariPool-2:housekeeper] com.zaxxer.hikari.pool.HikariPool        : HikariPool-2 - keepalive: connection oracle.jdbc.driver.T4CConnection@5695d711 is alive
2026-08-05T09:59:50.558+05:30 DEBUG 2824 --- [patient-registry] [HikariPool-2:housekeeper] com.zaxxer.hikari.pool.HikariPool        : HikariPool-2 - keepalive: connection oracle.jdbc.driver.T4CConnection@263ae0e4 is alive
2026-08-05T09:59:55.206+05:30 DEBUG 2824 --- [patient-registry] [HikariPool-2:housekeeper] com.zaxxer.hikari.pool.HikariPool        : HikariPool-2 - keepalive: connection oracle.jdbc.driver.T4CConnection@3d98f58 is alive
2026-08-05T10:00:01.563+05:30 DEBUG 2824 --- [patient-registry] [HikariPool-2:housekeeper] com.zaxxer.hikari.pool.HikariPool        : HikariPool-2 - Pool stats (total=10/10, idle=10/10, active=0, waiting=0)
2026-08-05T10:00:01.563+05:30 DEBUG 2824 --- [patient-registry] [HikariPool-2:housekeeper] com.zaxxer.hikari.pool.HikariPool        : HikariPool-2 - Fill pool skipped, pool has sufficient level or currently being filled.
2026-08-05T10:00:07.868+05:30 DEBUG 2824 --- [patient-registry] [HikariPool-2:housekeeper] com.zaxxer.hikari.pool.HikariPool        : HikariPool-2 - keepalive: connection oracle.jdbc.driver.T4CConnection@62fedbd8 is alive
2026-08-05T10:00:08.371+05:30 DEBUG 2824 --- [patient-registry] [HikariPool-2:housekeeper] com.zaxxer.hikari.pool.HikariPool        : HikariPool-2 - keepalive: connection oracle.jdbc.driver.T4CConnection@10e07376 is alive
2026-08-05T10:00:17.616+05:30 DEBUG 2824 --- [patient-registry] [HikariPool-2:housekeeper] com.zaxxer.hikari.pool.HikariPool        : HikariPool-2 - keepalive: connection oracle.jdbc.driver.T4CConnection@1f7d5d53 is alive
2026-08-05T10:00:18.641+05:30 DEBUG 2824 --- [patient-registry] [HikariPool-2:housekeeper] com.zaxxer.hikari.pool.HikariPool        : HikariPool-2 - keepalive: connection oracle.jdbc.driver.T4CConnection@1a6b89b1 is alive
2026-08-05T10:00:18.864+05:30 DEBUG 2824 --- [patient-registry] [HikariPool-2:housekeeper] com.zaxxer.hikari.pool.HikariPool        : HikariPool-2 - keepalive: connection oracle.jdbc.driver.T4CConnection@28b8634c is alive
2026-08-05T10:00:31.338+05:30 DEBUG 2824 --- [patient-registry] [HikariPool-2:housekeeper] com.zaxxer.hikari.pool.HikariPool        : HikariPool-2 - keepalive: connection oracle.jdbc.driver.T4CConnection@36ced477 is alive
2026-08-05T10:00:31.565+05:30 DEBUG 2824 --- [patient-registry] [HikariPool-2:housekeeper] com.zaxxer.hikari.pool.HikariPool        : HikariPool-2 - Pool stats (total=10/10, idle=10/10, active=0, waiting=0)
2026-08-05T10:00:31.565+05:30 DEBUG 2824 --- [patient-registry] [HikariPool-2:housekeeper] com.zaxxer.hikari.pool.HikariPool        : HikariPool-2 - Fill pool skipped, pool has sufficient level or currently being filled.
2026-08-05T10:01:01.567+05:30 DEBUG 2824 --- [patient-registry] [HikariPool-2:housekeeper] com.zaxxer.hikari.pool.HikariPool        : HikariPool-2 - Pool stats (total=10/10, idle=10/10, active=0, waiting=0)
2026-08-05T10:01:01.567+05:30 DEBUG 2824 --- [patient-registry] [HikariPool-2:housekeeper] com.zaxxer.hikari.pool.HikariPool        : HikariPool-2 - Fill pool skipped, pool has sufficient level or currently being filled.
2026-08-05T10:01:28.858+05:30 DEBUG 2824 --- [patient-registry] [HikariPool-2:housekeeper] com.zaxxer.hikari.pool.HikariPool        : HikariPool-2 - keepalive: connection oracle.jdbc.driver.T4CConnection@6376151c is alive
2026-08-05T10:01:31.578+05:30 DEBUG 2824 --- [patient-registry] [HikariPool-2:housekeeper] com.zaxxer.hikari.pool.HikariPool        : HikariPool-2 - Pool stats (total=10/10, idle=10/10, active=0, waiting=0)
2026-08-05T10:01:31.578+05:30 DEBUG 2824 --- [patient-registry] [HikariPool-2:housekeeper] com.zaxxer.hikari.pool.HikariPool        : HikariPool-2 - Fill pool skipped, pool has sufficient level or currently being filled.
2026-08-05T10:01:32.802+05:30 DEBUG 2824 --- [patient-registry] [HikariPool-2:housekeeper] com.zaxxer.hikari.pool.HikariPool        : HikariPool-2 - keepalive: connection oracle.jdbc.driver.T4CConnection@3d98f58 is alive
2026-08-05T10:01:37.950+05:30 DEBUG 2824 --- [patient-registry] [HikariPool-2:housekeeper] com.zaxxer.hikari.pool.HikariPool        : HikariPool-2 - keepalive: connection oracle.jdbc.driver.T4CConnection@5695d711 is alive
2026-08-05T10:01:43.725+05:30 DEBUG 2824 --- [patient-registry] [HikariPool-2:housekeeper] com.zaxxer.hikari.pool.HikariPool        : HikariPool-2 - keepalive: connection oracle.jdbc.driver.T4CConnection@263ae0e4 is alive
2026-08-05T10:01:47.840+05:30 DEBUG 2824 --- [patient-registry] [HikariPool-2:housekeeper] com.zaxxer.hikari.pool.HikariPool        : HikariPool-2 - keepalive: connection oracle.jdbc.driver.T4CConnection@10e07376 is alive
2026-08-05T10:02:01.580+05:30 DEBUG 2824 --- [patient-registry] [HikariPool-2:housekeeper] com.zaxxer.hikari.pool.HikariPool        : HikariPool-2 - Pool stats (total=10/10, idle=10/10, active=0, waiting=0)
2026-08-05T10:02:01.580+05:30 DEBUG 2824 --- [patient-registry] [HikariPool-2:housekeeper] com.zaxxer.hikari.pool.HikariPool        : HikariPool-2 - Fill pool skipped, pool has sufficient level or currently being filled.
2026-08-05T10:02:03.951+05:30 DEBUG 2824 --- [patient-registry] [HikariPool-2:housekeeper] com.zaxxer.hikari.pool.HikariPool        : HikariPool-2 - keepalive: connection oracle.jdbc.driver.T4CConnection@62fedbd8 is alive
2026-08-05T10:02:14.075+05:30 DEBUG 2824 --- [patient-registry] [HikariPool-2:housekeeper] com.zaxxer.hikari.pool.HikariPool        : HikariPool-2 - keepalive: connection oracle.jdbc.driver.T4CConnection@36ced477 is alive
2026-08-05T10:02:15.303+05:30 DEBUG 2824 --- [patient-registry] [HikariPool-2:housekeeper] com.zaxxer.hikari.pool.HikariPool        : HikariPool-2 - keepalive: connection oracle.jdbc.driver.T4CConnection@1f7d5d53 is alive
2026-08-05T10:02:16.418+05:30 DEBUG 2824 --- [patient-registry] [HikariPool-2:housekeeper] com.zaxxer.hikari.pool.HikariPool        : HikariPool-2 - keepalive: connection oracle.jdbc.driver.T4CConnection@1a6b89b1 is alive
2026-08-05T10:02:16.700+05:30 DEBUG 2824 --- [patient-registry] [HikariPool-2:housekeeper] com.zaxxer.hikari.pool.HikariPool        : HikariPool-2 - keepalive: connection oracle.jdbc.driver.T4CConnection@28b8634c is alive
2026-08-05T10:02:31.582+05:30 DEBUG 2824 --- [patient-registry] [HikariPool-2:housekeeper] com.zaxxer.hikari.pool.HikariPool        : HikariPool-2 - Pool stats (total=10/10, idle=10/10, active=0, waiting=0)
2026-08-05T10:02:31.582+05:30 DEBUG 2824 --- [patient-registry] [HikariPool-2:housekeeper] com.zaxxer.hikari.pool.HikariPool        : HikariPool-2 - Fill pool skipped, pool has sufficient level or currently being filled.
2026-08-05T10:03:01.584+05:30 DEBUG 2824 --- [patient-registry] [HikariPool-2:housekeeper] com.zaxxer.hikari.pool.HikariPool        : HikariPool-2 - Pool stats (total=10/10, idle=10/10, active=0, waiting=0)
2026-08-05T10:03:01.584+05:30 DEBUG 2824 --- [patient-registry] [HikariPool-2:housekeeper] com.zaxxer.hikari.pool.HikariPool        : HikariPool-2 - Fill pool skipped, pool has sufficient level or currently being filled.
2026-08-05T10:03:10.399+05:30 DEBUG 2824 --- [patient-registry] [HikariPool-2:housekeeper] com.zaxxer.hikari.pool.HikariPool        : HikariPool-2 - keepalive: connection oracle.jdbc.driver.T4CConnection@3d98f58 is alive
2026-08-05T10:03:19.881+05:30 DEBUG 2824 --- [patient-registry] [HikariPool-2:housekeeper] com.zaxxer.hikari.pool.HikariPool        : HikariPool-2 - keepalive: connection oracle.jdbc.driver.T4CConnection@6376151c is alive
2026-08-05T10:03:27.302+05:30 DEBUG 2824 --- [patient-registry] [HikariPool-2:housekeeper] com.zaxxer.hikari.pool.HikariPool        : HikariPool-2 - keepalive: connection oracle.jdbc.driver.T4CConnection@10e07376 is alive
2026-08-05T10:03:30.259+05:30 DEBUG 2824 --- [patient-registry] [HikariPool-2:housekeeper] com.zaxxer.hikari.pool.HikariPool        : HikariPool-2 - keepalive: connection oracle.jdbc.driver.T4CConnection@5695d711 is alive
2026-08-05T10:03:31.587+05:30 DEBUG 2824 --- [patient-registry] [HikariPool-2:housekeeper] com.zaxxer.hikari.pool.HikariPool        : HikariPool-2 - Pool stats (total=10/10, idle=10/10, active=0, waiting=0)
2026-08-05T10:03:31.587+05:30 DEBUG 2824 --- [patient-registry] [HikariPool-2:housekeeper] com.zaxxer.hikari.pool.HikariPool        : HikariPool-2 - Fill pool skipped, pool has sufficient level or currently being filled.
2026-08-05T10:03:36.881+05:30 DEBUG 2824 --- [patient-registry] [HikariPool-2:housekeeper] com.zaxxer.hikari.pool.HikariPool        : HikariPool-2 - keepalive: connection oracle.jdbc.driver.T4CConnection@263ae0e4 is alive
2026-08-05T10:03:56.808+05:30 DEBUG 2824 --- [patient-registry] [HikariPool-2:housekeeper] com.zaxxer.hikari.pool.HikariPool        : HikariPool-2 - keepalive: connection oracle.jdbc.driver.T4CConnection@36ced477 is alive
2026-08-05T10:04:00.033+05:30 DEBUG 2824 --- [patient-registry] [HikariPool-2:housekeeper] com.zaxxer.hikari.pool.HikariPool        : HikariPool-2 - keepalive: connection oracle.jdbc.driver.T4CConnection@62fedbd8 is alive
2026-08-05T10:04:01.588+05:30 DEBUG 2824 --- [patient-registry] [HikariPool-2:housekeeper] com.zaxxer.hikari.pool.HikariPool        : HikariPool-2 - Pool stats (total=10/10, idle=10/10, active=0, waiting=0)
2026-08-05T10:04:01.588+05:30 DEBUG 2824 --- [patient-registry] [HikariPool-2:housekeeper] com.zaxxer.hikari.pool.HikariPool        : HikariPool-2 - Fill pool skipped, pool has sufficient level or currently being filled.
2026-08-05T10:04:12.982+05:30 DEBUG 2824 --- [patient-registry] [HikariPool-2:housekeeper] com.zaxxer.hikari.pool.HikariPool        : HikariPool-2 - keepalive: connection oracle.jdbc.driver.T4CConnection@1f7d5d53 is alive
2026-08-05T10:04:14.210+05:30 DEBUG 2824 --- [patient-registry] [HikariPool-2:housekeeper] com.zaxxer.hikari.pool.HikariPool        : HikariPool-2 - keepalive: connection oracle.jdbc.driver.T4CConnection@1a6b89b1 is alive
2026-08-05T10:04:14.543+05:30 DEBUG 2824 --- [patient-registry] [HikariPool-2:housekeeper] com.zaxxer.hikari.pool.HikariPool        : HikariPool-2 - keepalive: connection oracle.jdbc.driver.T4CConnection@28b8634c is alive
2026-08-05T10:04:31.601+05:30 DEBUG 2824 --- [patient-registry] [HikariPool-2:housekeeper] com.zaxxer.hikari.pool.HikariPool        : HikariPool-2 - Pool stats (total=10/10, idle=10/10, active=0, waiting=0)
2026-08-05T10:04:31.601+05:30 DEBUG 2824 --- [patient-registry] [HikariPool-2:housekeeper] com.zaxxer.hikari.pool.HikariPool        : HikariPool-2 - Fill pool skipped, pool has sufficient level or currently being filled.
2026-08-05T10:04:47.994+05:30 DEBUG 2824 --- [patient-registry] [HikariPool-2:housekeeper] com.zaxxer.hikari.pool.HikariPool        : HikariPool-2 - keepalive: connection oracle.jdbc.driver.T4CConnection@3d98f58 is alive
2026-08-05T10:05:01.602+05:30 DEBUG 2824 --- [patient-registry] [HikariPool-2:housekeeper] com.zaxxer.hikari.pool.HikariPool        : HikariPool-2 - Pool stats (total=10/10, idle=10/10, active=0, waiting=0)
2026-08-05T10:05:01.602+05:30 DEBUG 2824 --- [patient-registry] [HikariPool-2:housekeeper] com.zaxxer.hikari.pool.HikariPool        : HikariPool-2 - Fill pool skipped, pool has sufficient level or currently being filled.
2026-08-05T10:05:06.766+05:30 DEBUG 2824 --- [patient-registry] [HikariPool-2:housekeeper] com.zaxxer.hikari.pool.HikariPool        : HikariPool-2 - keepalive: connection oracle.jdbc.driver.T4CConnection@10e07376 is alive
2026-08-05T10:05:10.905+05:30 DEBUG 2824 --- [patient-registry] [HikariPool-2:housekeeper] com.zaxxer.hikari.pool.HikariPool        : HikariPool-2 - keepalive: connection oracle.jdbc.driver.T4CConnection@6376151c is alive
2026-08-05T10:05:22.570+05:30 DEBUG 2824 --- [patient-registry] [HikariPool-2:housekeeper] com.zaxxer.hikari.pool.HikariPool        : HikariPool-2 - keepalive: connection oracle.jdbc.driver.T4CConnection@5695d711 is alive
2026-08-05T10:05:30.039+05:30 DEBUG 2824 --- [patient-registry] [HikariPool-2:housekeeper] com.zaxxer.hikari.pool.HikariPool        : HikariPool-2 - keepalive: connection oracle.jdbc.driver.T4CConnection@263ae0e4 is alive
2026-08-05T10:05:31.603+05:30 DEBUG 2824 --- [patient-registry] [HikariPool-2:housekeeper] com.zaxxer.hikari.pool.HikariPool        : HikariPool-2 - Pool stats (total=10/10, idle=10/10, active=0, waiting=0)
2026-08-05T10:05:31.603+05:30 DEBUG 2824 --- [patient-registry] [HikariPool-2:housekeeper] com.zaxxer.hikari.pool.HikariPool        : HikariPool-2 - Fill pool skipped, pool has sufficient level or currently being filled.
2026-08-05T10:05:39.546+05:30 DEBUG 2824 --- [patient-registry] [HikariPool-2:housekeeper] com.zaxxer.hikari.pool.HikariPool        : HikariPool-2 - keepalive: connection oracle.jdbc.driver.T4CConnection@36ced477 is alive
2026-08-05T10:05:56.116+05:30 DEBUG 2824 --- [patient-registry] [HikariPool-2:housekeeper] com.zaxxer.hikari.pool.HikariPool        : HikariPool-2 - keepalive: connection oracle.jdbc.driver.T4CConnection@62fedbd8 is alive
2026-08-05T10:06:01.604+05:30 DEBUG 2824 --- [patient-registry] [HikariPool-2:housekeeper] com.zaxxer.hikari.pool.HikariPool        : HikariPool-2 - Pool stats (total=10/10, idle=10/10, active=0, waiting=0)
2026-08-05T10:06:01.604+05:30 DEBUG 2824 --- [patient-registry] [HikariPool-2:housekeeper] com.zaxxer.hikari.pool.HikariPool        : HikariPool-2 - Fill pool skipped, pool has sufficient level or currently being filled.
2026-08-05T10:06:10.662+05:30 DEBUG 2824 --- [patient-registry] [HikariPool-2:housekeeper] com.zaxxer.hikari.pool.HikariPool        : HikariPool-2 - keepalive: connection oracle.jdbc.driver.T4CConnection@1f7d5d53 is alive
2026-08-05T10:06:11.988+05:30 DEBUG 2824 --- [patient-registry] [HikariPool-2:housekeeper] com.zaxxer.hikari.pool.HikariPool        : HikariPool-2 - keepalive: connection oracle.jdbc.driver.T4CConnection@1a6b89b1 is alive
2026-08-05T10:06:12.378+05:30 DEBUG 2824 --- [patient-registry] [HikariPool-2:housekeeper] com.zaxxer.hikari.pool.HikariPool        : HikariPool-2 - keepalive: connection oracle.jdbc.driver.T4CConnection@28b8634c is alive
2026-08-05T10:06:25.591+05:30 DEBUG 2824 --- [patient-registry] [HikariPool-2:housekeeper] com.zaxxer.hikari.pool.HikariPool        : HikariPool-2 - keepalive: connection oracle.jdbc.driver.T4CConnection@3d98f58 is alive
2026-08-05T10:06:31.606+05:30 DEBUG 2824 --- [patient-registry] [HikariPool-2:housekeeper] com.zaxxer.hikari.pool.HikariPool        : HikariPool-2 - Pool stats (total=10/10, idle=10/10, active=0, waiting=0)
2026-08-05T10:06:31.606+05:30 DEBUG 2824 --- [patient-registry] [HikariPool-2:housekeeper] com.zaxxer.hikari.pool.HikariPool        : HikariPool-2 - Fill pool skipped, pool has sufficient level or currently being filled.
2026-08-05T10:06:46.228+05:30 DEBUG 2824 --- [patient-registry] [HikariPool-2:housekeeper] com.zaxxer.hikari.pool.HikariPool        : HikariPool-2 - keepalive: connection oracle.jdbc.driver.T4CConnection@10e07376 is alive
2026-08-05T10:07:01.608+05:30 DEBUG 2824 --- [patient-registry] [HikariPool-2:housekeeper] com.zaxxer.hikari.pool.HikariPool        : HikariPool-2 - Pool stats (total=10/10, idle=10/10, active=0, waiting=0)
2026-08-05T10:07:01.608+05:30 DEBUG 2824 --- [patient-registry] [HikariPool-2:housekeeper] com.zaxxer.hikari.pool.HikariPool        : HikariPool-2 - Fill pool skipped, pool has sufficient level or currently being filled.
2026-08-05T10:07:01.942+05:30 DEBUG 2824 --- [patient-registry] [HikariPool-2:housekeeper] com.zaxxer.hikari.pool.HikariPool        : HikariPool-2 - keepalive: connection oracle.jdbc.driver.T4CConnection@6376151c is alive
2026-08-05T10:07:14.884+05:30 DEBUG 2824 --- [patient-registry] [HikariPool-2:housekeeper] com.zaxxer.hikari.pool.HikariPool        : HikariPool-2 - keepalive: connection oracle.jdbc.driver.T4CConnection@5695d711 is alive
2026-08-05T10:07:22.279+05:30 DEBUG 2824 --- [patient-registry] [HikariPool-2:housekeeper] com.zaxxer.hikari.pool.HikariPool        : HikariPool-2 - keepalive: connection oracle.jdbc.driver.T4CConnection@36ced477 is alive
2026-08-05T10:07:23.195+05:30 DEBUG 2824 --- [patient-registry] [HikariPool-2:housekeeper] com.zaxxer.hikari.pool.HikariPool        : HikariPool-2 - keepalive: connection oracle.jdbc.driver.T4CConnection@263ae0e4 is alive
2026-08-05T10:07:31.609+05:30 DEBUG 2824 --- [patient-registry] [HikariPool-2:housekeeper] com.zaxxer.hikari.pool.HikariPool        : HikariPool-2 - Pool stats (total=10/10, idle=10/10, active=0, waiting=0)
2026-08-05T10:07:31.609+05:30 DEBUG 2824 --- [patient-registry] [HikariPool-2:housekeeper] com.zaxxer.hikari.pool.HikariPool        : HikariPool-2 - Fill pool skipped, pool has sufficient level or currently being filled.
2026-08-05T10:07:52.198+05:30 DEBUG 2824 --- [patient-registry] [HikariPool-2:housekeeper] com.zaxxer.hikari.pool.HikariPool        : HikariPool-2 - keepalive: connection oracle.jdbc.driver.T4CConnection@62fedbd8 is alive
2026-08-05T10:08:01.609+05:30 DEBUG 2824 --- [patient-registry] [HikariPool-2:housekeeper] com.zaxxer.hikari.pool.HikariPool        : HikariPool-2 - Pool stats (total=10/10, idle=10/10, active=0, waiting=0)
2026-08-05T10:08:01.609+05:30 DEBUG 2824 --- [patient-registry] [HikariPool-2:housekeeper] com.zaxxer.hikari.pool.HikariPool        : HikariPool-2 - Fill pool skipped, pool has sufficient level or currently being filled.
2026-08-05T10:08:03.186+05:30 DEBUG 2824 --- [patient-registry] [HikariPool-2:housekeeper] com.zaxxer.hikari.pool.HikariPool        : HikariPool-2 - keepalive: connection oracle.jdbc.driver.T4CConnection@3d98f58 is alive
2026-08-05T10:08:08.342+05:30 DEBUG 2824 --- [patient-registry] [HikariPool-2:housekeeper] com.zaxxer.hikari.pool.HikariPool        : HikariPool-2 - keepalive: connection oracle.jdbc.driver.T4CConnection@1f7d5d53 is alive
2026-08-05T10:08:09.765+05:30 DEBUG 2824 --- [patient-registry] [HikariPool-2:housekeeper] com.zaxxer.hikari.pool.HikariPool        : HikariPool-2 - keepalive: connection oracle.jdbc.driver.T4CConnection@1a6b89b1 is alive
2026-08-05T10:08:10.212+05:30 DEBUG 2824 --- [patient-registry] [HikariPool-2:housekeeper] com.zaxxer.hikari.pool.HikariPool        : HikariPool-2 - keepalive: connection oracle.jdbc.driver.T4CConnection@28b8634c is alive
2026-08-05T10:08:25.690+05:30 DEBUG 2824 --- [patient-registry] [HikariPool-2:housekeeper] com.zaxxer.hikari.pool.HikariPool        : HikariPool-2 - keepalive: connection oracle.jdbc.driver.T4CConnection@10e07376 is alive
2026-08-05T10:08:31.611+05:30 DEBUG 2824 --- [patient-registry] [HikariPool-2:housekeeper] com.zaxxer.hikari.pool.HikariPool        : HikariPool-2 - Pool stats (total=10/10, idle=10/10, active=0, waiting=0)
2026-08-05T10:08:31.611+05:30 DEBUG 2824 --- [patient-registry] [HikariPool-2:housekeeper] com.zaxxer.hikari.pool.HikariPool        : HikariPool-2 - Fill pool skipped, pool has sufficient level or currently being filled.
2026-08-05T10:08:52.975+05:30 DEBUG 2824 --- [patient-registry] [HikariPool-2:housekeeper] com.zaxxer.hikari.pool.HikariPool        : HikariPool-2 - keepalive: connection oracle.jdbc.driver.T4CConnection@6376151c is alive
2026-08-05T10:09:01.614+05:30 DEBUG 2824 --- [patient-registry] [HikariPool-2:housekeeper] com.zaxxer.hikari.pool.HikariPool        : HikariPool-2 - Pool stats (total=10/10, idle=10/10, active=0, waiting=0)
2026-08-05T10:09:01.614+05:30 DEBUG 2824 --- [patient-registry] [HikariPool-2:housekeeper] com.zaxxer.hikari.pool.HikariPool        : HikariPool-2 - Fill pool skipped, pool has sufficient level or currently being filled.
2026-08-05T10:09:05.012+05:30 DEBUG 2824 --- [patient-registry] [HikariPool-2:housekeeper] com.zaxxer.hikari.pool.HikariPool        : HikariPool-2 - keepalive: connection oracle.jdbc.driver.T4CConnection@36ced477 is alive
2026-08-05T10:09:07.193+05:30 DEBUG 2824 --- [patient-registry] [HikariPool-2:housekeeper] com.zaxxer.hikari.pool.HikariPool        : HikariPool-2 - keepalive: connection oracle.jdbc.driver.T4CConnection@5695d711 is alive
2026-08-05T10:09:16.352+05:30 DEBUG 2824 --- [patient-registry] [HikariPool-2:housekeeper] com.zaxxer.hikari.pool.HikariPool        : HikariPool-2 - keepalive: connection oracle.jdbc.driver.T4CConnection@263ae0e4 is alive
2026-08-05T10:09:31.617+05:30 DEBUG 2824 --- [patient-registry] [HikariPool-2:housekeeper] com.zaxxer.hikari.pool.HikariPool        : HikariPool-2 - Pool stats (total=10/10, idle=10/10, active=0, waiting=0)
2026-08-05T10:09:31.617+05:30 DEBUG 2824 --- [patient-registry] [HikariPool-2:housekeeper] com.zaxxer.hikari.pool.HikariPool        : HikariPool-2 - Fill pool skipped, pool has sufficient level or currently being filled.
2026-08-05T10:09:40.781+05:30 DEBUG 2824 --- [patient-registry] [HikariPool-2:housekeeper] com.zaxxer.hikari.pool.HikariPool        : HikariPool-2 - keepalive: connection oracle.jdbc.driver.T4CConnection@3d98f58 is alive
2026-08-05T10:09:48.281+05:30 DEBUG 2824 --- [patient-registry] [HikariPool-2:housekeeper] com.zaxxer.hikari.pool.HikariPool        : HikariPool-2 - keepalive: connection oracle.jdbc.driver.T4CConnection@62fedbd8 is alive
2026-08-05T10:10:01.619+05:30 DEBUG 2824 --- [patient-registry] [HikariPool-2:housekeeper] com.zaxxer.hikari.pool.HikariPool        : HikariPool-2 - Pool stats (total=10/10, idle=10/10, active=0, waiting=0)
2026-08-05T10:10:01.619+05:30 DEBUG 2824 --- [patient-registry] [HikariPool-2:housekeeper] com.zaxxer.hikari.pool.HikariPool        : HikariPool-2 - Fill pool skipped, pool has sufficient level or currently being filled.
2026-08-05T10:10:05.154+05:30 DEBUG 2824 --- [patient-registry] [HikariPool-2:housekeeper] com.zaxxer.hikari.pool.HikariPool        : HikariPool-2 - keepalive: connection oracle.jdbc.driver.T4CConnection@10e07376 is alive
2026-08-05T10:10:06.024+05:30 DEBUG 2824 --- [patient-registry] [HikariPool-2:housekeeper] com.zaxxer.hikari.pool.HikariPool        : HikariPool-2 - keepalive: connection oracle.jdbc.driver.T4CConnection@1f7d5d53 is alive
2026-08-05T10:10:07.542+05:30 DEBUG 2824 --- [patient-registry] [HikariPool-2:housekeeper] com.zaxxer.hikari.pool.HikariPool        : HikariPool-2 - keepalive: connection oracle.jdbc.driver.T4CConnection@1a6b89b1 is alive
2026-08-05T10:10:08.046+05:30 DEBUG 2824 --- [patient-registry] [HikariPool-2:housekeeper] com.zaxxer.hikari.pool.HikariPool        : HikariPool-2 - keepalive: connection oracle.jdbc.driver.T4CConnection@28b8634c is alive
2026-08-05T10:10:31.619+05:30 DEBUG 2824 --- [patient-registry] [HikariPool-2:housekeeper] com.zaxxer.hikari.pool.HikariPool        : HikariPool-2 - Pool stats (total=10/10, idle=10/10, active=0, waiting=0)
2026-08-05T10:10:31.619+05:30 DEBUG 2824 --- [patient-registry] [HikariPool-2:housekeeper] com.zaxxer.hikari.pool.HikariPool        : HikariPool-2 - Fill pool skipped, pool has sufficient level or currently being filled.
2026-08-05T10:10:44.006+05:30 DEBUG 2824 --- [patient-registry] [HikariPool-2:housekeeper] com.zaxxer.hikari.pool.HikariPool        : HikariPool-2 - keepalive: connection oracle.jdbc.driver.T4CConnection@6376151c is alive
2026-08-05T10:10:47.746+05:30 DEBUG 2824 --- [patient-registry] [HikariPool-2:housekeeper] com.zaxxer.hikari.pool.HikariPool        : HikariPool-2 - keepalive: connection oracle.jdbc.driver.T4CConnection@36ced477 is alive
2026-08-05T10:10:59.515+05:30 DEBUG 2824 --- [patient-registry] [HikariPool-2:housekeeper] com.zaxxer.hikari.pool.HikariPool        : HikariPool-2 - keepalive: connection oracle.jdbc.driver.T4CConnection@5695d711 is alive
2026-08-05T10:11:01.625+05:30 DEBUG 2824 --- [patient-registry] [HikariPool-2:housekeeper] com.zaxxer.hikari.pool.HikariPool        : HikariPool-2 - Pool stats (total=10/10, idle=10/10, active=0, waiting=0)
2026-08-05T10:11:01.625+05:30 DEBUG 2824 --- [patient-registry] [HikariPool-2:housekeeper] com.zaxxer.hikari.pool.HikariPool        : HikariPool-2 - Fill pool skipped, pool has sufficient level or currently being filled.
2026-08-05T10:11:09.509+05:30 DEBUG 2824 --- [patient-registry] [HikariPool-2:housekeeper] com.zaxxer.hikari.pool.HikariPool        : HikariPool-2 - keepalive: connection oracle.jdbc.driver.T4CConnection@263ae0e4 is alive
2026-08-05T10:11:18.376+05:30 DEBUG 2824 --- [patient-registry] [HikariPool-2:housekeeper] com.zaxxer.hikari.pool.HikariPool        : HikariPool-2 - keepalive: connection oracle.jdbc.driver.T4CConnection@3d98f58 is alive
2026-08-05T10:11:31.625+05:30 DEBUG 2824 --- [patient-registry] [HikariPool-2:housekeeper] com.zaxxer.hikari.pool.HikariPool        : HikariPool-2 - Pool stats (total=10/10, idle=10/10, active=0, waiting=0)
2026-08-05T10:11:31.625+05:30 DEBUG 2824 --- [patient-registry] [HikariPool-2:housekeeper] com.zaxxer.hikari.pool.HikariPool        : HikariPool-2 - Fill pool skipped, pool has sufficient level or currently being filled.
2026-08-05T10:11:35.847+05:30 DEBUG 2824 --- [patient-registry] [HikariPool-2:connection-closer] com.zaxxer.hikari.pool.PoolBase          : HikariPool-2 - Closing connection oracle.jdbc.driver.T4CConnection@5695d711: (connection has passed maxLifetime)
2026-08-05T10:11:35.847+05:30 DEBUG 2824 --- [patient-registry] [HikariPool-2:connection-adder] com.zaxxer.hikari.pool.PoolBase          : HikariPool-2 - Attempting to create/setup new connection (4d0f37ed-2476-4445-ae18-d861c9797dfe)
2026-08-05T10:11:35.895+05:30 DEBUG 2824 --- [patient-registry] [HikariPool-2:connection-adder] com.zaxxer.hikari.pool.PoolBase          : HikariPool-2 - Established new connection (4d0f37ed-2476-4445-ae18-d861c9797dfe)
2026-08-05T10:11:35.895+05:30 DEBUG 2824 --- [patient-registry] [HikariPool-2:connection-adder] com.zaxxer.hikari.pool.HikariPool        : HikariPool-2 - Added connection oracle.jdbc.driver.T4CConnection@41c3ca39
2026-08-05T10:11:44.376+05:30 DEBUG 2824 --- [patient-registry] [HikariPool-2:housekeeper] com.zaxxer.hikari.pool.HikariPool        : HikariPool-2 - keepalive: connection oracle.jdbc.driver.T4CConnection@62fedbd8 is alive
2026-08-05T10:11:44.617+05:30 DEBUG 2824 --- [patient-registry] [HikariPool-2:housekeeper] com.zaxxer.hikari.pool.HikariPool        : HikariPool-2 - keepalive: connection oracle.jdbc.driver.T4CConnection@10e07376 is alive
2026-08-05T10:12:01.626+05:30 DEBUG 2824 --- [patient-registry] [HikariPool-2:housekeeper] com.zaxxer.hikari.pool.HikariPool        : HikariPool-2 - Pool stats (total=10/10, idle=10/10, active=0, waiting=0)
2026-08-05T10:12:01.626+05:30 DEBUG 2824 --- [patient-registry] [HikariPool-2:housekeeper] com.zaxxer.hikari.pool.HikariPool        : HikariPool-2 - Fill pool skipped, pool has sufficient level or currently being filled.
2026-08-05T10:12:03.704+05:30 DEBUG 2824 --- [patient-registry] [HikariPool-2:housekeeper] com.zaxxer.hikari.pool.HikariPool        : HikariPool-2 - keepalive: connection oracle.jdbc.driver.T4CConnection@1f7d5d53 is alive
2026-08-05T10:12:05.330+05:30 DEBUG 2824 --- [patient-registry] [HikariPool-2:housekeeper] com.zaxxer.hikari.pool.HikariPool        : HikariPool-2 - keepalive: connection oracle.jdbc.driver.T4CConnection@1a6b89b1 is alive
2026-08-05T10:12:05.895+05:30 DEBUG 2824 --- [patient-registry] [HikariPool-2:housekeeper] com.zaxxer.hikari.pool.HikariPool        : HikariPool-2 - keepalive: connection oracle.jdbc.driver.T4CConnection@28b8634c is alive
2026-08-05T10:12:30.488+05:30 DEBUG 2824 --- [patient-registry] [HikariPool-2:housekeeper] com.zaxxer.hikari.pool.HikariPool        : HikariPool-2 - keepalive: connection oracle.jdbc.driver.T4CConnection@36ced477 is alive
2026-08-05T10:12:31.628+05:30 DEBUG 2824 --- [patient-registry] [HikariPool-2:housekeeper] com.zaxxer.hikari.pool.HikariPool        : HikariPool-2 - Pool stats (total=10/10, idle=10/10, active=0, waiting=0)
2026-08-05T10:12:31.628+05:30 DEBUG 2824 --- [patient-registry] [HikariPool-2:housekeeper] com.zaxxer.hikari.pool.HikariPool        : HikariPool-2 - Fill pool skipped, pool has sufficient level or currently being filled.
2026-08-05T10:12:35.031+05:30 DEBUG 2824 --- [patient-registry] [HikariPool-2:housekeeper] com.zaxxer.hikari.pool.HikariPool        : HikariPool-2 - keepalive: connection oracle.jdbc.driver.T4CConnection@6376151c is alive
2026-08-05T10:12:37.961+05:30 DEBUG 2824 --- [patient-registry] [HikariPool-2:connection-closer] com.zaxxer.hikari.pool.PoolBase          : HikariPool-2 - Closing connection oracle.jdbc.driver.T4CConnection@10e07376: (connection has passed maxLifetime)
2026-08-05T10:12:37.964+05:30 DEBUG 2824 --- [patient-registry] [HikariPool-2:connection-adder] com.zaxxer.hikari.pool.PoolBase          : HikariPool-2 - Attempting to create/setup new connection (23f7a86a-4cb9-429b-a0e2-c6ff641109ee)
2026-08-05T10:12:38.024+05:30 DEBUG 2824 --- [patient-registry] [HikariPool-2:connection-adder] com.zaxxer.hikari.pool.PoolBase          : HikariPool-2 - Established new connection (23f7a86a-4cb9-429b-a0e2-c6ff641109ee)
2026-08-05T10:12:38.024+05:30 DEBUG 2824 --- [patient-registry] [HikariPool-2:connection-adder] com.zaxxer.hikari.pool.HikariPool        : HikariPool-2 - Added connection oracle.jdbc.driver.T4CConnection@6a939f72
2026-08-05T10:12:46.946+05:30 DEBUG 2824 --- [patient-registry] [HikariPool-2:connection-closer] com.zaxxer.hikari.pool.PoolBase          : HikariPool-2 - Closing connection oracle.jdbc.driver.T4CConnection@28b8634c: (connection has passed maxLifetime)
2026-08-05T10:12:46.949+05:30 DEBUG 2824 --- [patient-registry] [HikariPool-2:connection-adder] com.zaxxer.hikari.pool.PoolBase          : HikariPool-2 - Attempting to create/setup new connection (f97855b5-7bd7-47fc-8a7e-d5e3d05548fa)
2026-08-05T10:12:46.994+05:30 DEBUG 2824 --- [patient-registry] [HikariPool-2:connection-adder] com.zaxxer.hikari.pool.PoolBase          : HikariPool-2 - Established new connection (f97855b5-7bd7-47fc-8a7e-d5e3d05548fa)
2026-08-05T10:12:46.994+05:30 DEBUG 2824 --- [patient-registry] [HikariPool-2:connection-adder] com.zaxxer.hikari.pool.HikariPool        : HikariPool-2 - Added connection oracle.jdbc.driver.T4CConnection@76d84c1f
2026-08-05T10:12:55.978+05:30 DEBUG 2824 --- [patient-registry] [HikariPool-2:housekeeper] com.zaxxer.hikari.pool.HikariPool        : HikariPool-2 - keepalive: connection oracle.jdbc.driver.T4CConnection@3d98f58 is alive
2026-08-05T10:13:01.628+05:30 DEBUG 2824 --- [patient-registry] [HikariPool-2:housekeeper] com.zaxxer.hikari.pool.HikariPool        : HikariPool-2 - Pool stats (total=10/10, idle=10/10, active=0, waiting=0)
2026-08-05T10:13:01.628+05:30 DEBUG 2824 --- [patient-registry] [HikariPool-2:housekeeper] com.zaxxer.hikari.pool.HikariPool        : HikariPool-2 - Fill pool skipped, pool has sufficient level or currently being filled.
2026-08-05T10:13:02.673+05:30 DEBUG 2824 --- [patient-registry] [HikariPool-2:housekeeper] com.zaxxer.hikari.pool.HikariPool        : HikariPool-2 - keepalive: connection oracle.jdbc.driver.T4CConnection@263ae0e4 is alive
2026-08-05T10:13:17.382+05:30 DEBUG 2824 --- [patient-registry] [HikariPool-2:connection-closer] com.zaxxer.hikari.pool.PoolBase          : HikariPool-2 - Closing connection oracle.jdbc.driver.T4CConnection@62fedbd8: (connection has passed maxLifetime)
2026-08-05T10:13:17.384+05:30 DEBUG 2824 --- [patient-registry] [HikariPool-2:connection-adder] com.zaxxer.hikari.pool.PoolBase          : HikariPool-2 - Attempting to create/setup new connection (0cf8f429-38dd-4428-9144-15785b04f082)
2026-08-05T10:13:17.430+05:30 DEBUG 2824 --- [patient-registry] [HikariPool-2:connection-adder] com.zaxxer.hikari.pool.PoolBase          : HikariPool-2 - Established new connection (0cf8f429-38dd-4428-9144-15785b04f082)
2026-08-05T10:13:17.430+05:30 DEBUG 2824 --- [patient-registry] [HikariPool-2:connection-adder] com.zaxxer.hikari.pool.HikariPool        : HikariPool-2 - Added connection oracle.jdbc.driver.T4CConnection@1008db4d
2026-08-05T10:13:24.557+05:30 DEBUG 2824 --- [patient-registry] [HikariPool-2:housekeeper] com.zaxxer.hikari.pool.HikariPool        : HikariPool-2 - keepalive: connection oracle.jdbc.driver.T4CConnection@41c3ca39 is alive
2026-08-05T10:13:31.630+05:30 DEBUG 2824 --- [patient-registry] [HikariPool-2:housekeeper] com.zaxxer.hikari.pool.HikariPool        : HikariPool-2 - Pool stats (total=10/10, idle=10/10, active=0, waiting=0)
2026-08-05T10:13:31.630+05:30 DEBUG 2824 --- [patient-registry] [HikariPool-2:housekeeper] com.zaxxer.hikari.pool.HikariPool        : HikariPool-2 - Fill pool skipped, pool has sufficient level or currently being filled.
2026-08-05T10:14:01.384+05:30 DEBUG 2824 --- [patient-registry] [HikariPool-2:housekeeper] com.zaxxer.hikari.pool.HikariPool        : HikariPool-2 - keepalive: connection oracle.jdbc.driver.T4CConnection@1f7d5d53 is alive
2026-08-05T10:14:01.631+05:30 DEBUG 2824 --- [patient-registry] [HikariPool-2:housekeeper] com.zaxxer.hikari.pool.HikariPool        : HikariPool-2 - Pool stats (total=10/10, idle=10/10, active=0, waiting=0)
2026-08-05T10:14:01.631+05:30 DEBUG 2824 --- [patient-registry] [HikariPool-2:housekeeper] com.zaxxer.hikari.pool.HikariPool        : HikariPool-2 - Fill pool skipped, pool has sufficient level or currently being filled.
2026-08-05T10:14:03.108+05:30 DEBUG 2824 --- [patient-registry] [HikariPool-2:housekeeper] com.zaxxer.hikari.pool.HikariPool        : HikariPool-2 - keepalive: connection oracle.jdbc.driver.T4CConnection@1a6b89b1 is alive
2026-08-05T10:14:11.198+05:30 DEBUG 2824 --- [patient-registry] [HikariPool-2:connection-closer] com.zaxxer.hikari.pool.PoolBase          : HikariPool-2 - Closing connection oracle.jdbc.driver.T4CConnection@6376151c: (connection has passed maxLifetime)
2026-08-05T10:14:11.200+05:30 DEBUG 2824 --- [patient-registry] [HikariPool-2:connection-adder] com.zaxxer.hikari.pool.PoolBase          : HikariPool-2 - Attempting to create/setup new connection (e8ecda45-bfc3-4c81-bf5f-90dde346a0c7)
2026-08-05T10:14:11.239+05:30 DEBUG 2824 --- [patient-registry] [HikariPool-2:connection-adder] com.zaxxer.hikari.pool.PoolBase          : HikariPool-2 - Established new connection (e8ecda45-bfc3-4c81-bf5f-90dde346a0c7)
2026-08-05T10:14:11.239+05:30 DEBUG 2824 --- [patient-registry] [HikariPool-2:connection-adder] com.zaxxer.hikari.pool.HikariPool        : HikariPool-2 - Added connection oracle.jdbc.driver.T4CConnection@2b42fdca
2026-08-05T10:14:13.225+05:30 DEBUG 2824 --- [patient-registry] [HikariPool-2:housekeeper] com.zaxxer.hikari.pool.HikariPool        : HikariPool-2 - keepalive: connection oracle.jdbc.driver.T4CConnection@36ced477 is alive
2026-08-05T10:14:31.641+05:30 DEBUG 2824 --- [patient-registry] [HikariPool-2:housekeeper] com.zaxxer.hikari.pool.HikariPool        : HikariPool-2 - Pool stats (total=10/10, idle=10/10, active=0, waiting=0)
2026-08-05T10:14:31.641+05:30 DEBUG 2824 --- [patient-registry] [HikariPool-2:housekeeper] com.zaxxer.hikari.pool.HikariPool        : HikariPool-2 - Fill pool skipped, pool has sufficient level or currently being filled.
2026-08-05T10:14:32.460+05:30 DEBUG 2824 --- [patient-registry] [HikariPool-2:housekeeper] com.zaxxer.hikari.pool.HikariPool        : HikariPool-2 - keepalive: connection oracle.jdbc.driver.T4CConnection@76d84c1f is alive
2026-08-05T10:14:33.574+05:30 DEBUG 2824 --- [patient-registry] [HikariPool-2:housekeeper] com.zaxxer.hikari.pool.HikariPool        : HikariPool-2 - keepalive: connection oracle.jdbc.driver.T4CConnection@3d98f58 is alive
2026-08-05T10:14:36.226+05:30 DEBUG 2824 --- [patient-registry] [HikariPool-2:housekeeper] com.zaxxer.hikari.pool.HikariPool        : HikariPool-2 - keepalive: connection oracle.jdbc.driver.T4CConnection@6a939f72 is alive
2026-08-05T10:14:44.784+05:30 DEBUG 2824 --- [patient-registry] [HikariPool-2:connection-closer] com.zaxxer.hikari.pool.PoolBase          : HikariPool-2 - Closing connection oracle.jdbc.driver.T4CConnection@1a6b89b1: (connection has passed maxLifetime)
2026-08-05T10:14:44.784+05:30 DEBUG 2824 --- [patient-registry] [HikariPool-2:connection-adder] com.zaxxer.hikari.pool.PoolBase          : HikariPool-2 - Attempting to create/setup new connection (f17c0a2b-8198-44a1-a30c-d31bff8d544a)
2026-08-05T10:14:44.828+05:30 DEBUG 2824 --- [patient-registry] [HikariPool-2:connection-adder] com.zaxxer.hikari.pool.PoolBase          : HikariPool-2 - Established new connection (f17c0a2b-8198-44a1-a30c-d31bff8d544a)
2026-08-05T10:14:44.828+05:30 DEBUG 2824 --- [patient-registry] [HikariPool-2:connection-adder] com.zaxxer.hikari.pool.HikariPool        : HikariPool-2 - Added connection oracle.jdbc.driver.T4CConnection@503db93b
2026-08-05T10:14:55.833+05:30 DEBUG 2824 --- [patient-registry] [HikariPool-2:housekeeper] com.zaxxer.hikari.pool.HikariPool        : HikariPool-2 - keepalive: connection oracle.jdbc.driver.T4CConnection@263ae0e4 is alive
2026-08-05T10:14:57.062+05:30 DEBUG 2824 --- [patient-registry] [HikariPool-2:housekeeper] com.zaxxer.hikari.pool.HikariPool        : HikariPool-2 - keepalive: connection oracle.jdbc.driver.T4CConnection@1008db4d is alive
2026-08-05T10:15:01.644+05:30 DEBUG 2824 --- [patient-registry] [HikariPool-2:housekeeper] com.zaxxer.hikari.pool.HikariPool        : HikariPool-2 - Pool stats (total=10/10, idle=10/10, active=0, waiting=0)
2026-08-05T10:15:01.644+05:30 DEBUG 2824 --- [patient-registry] [HikariPool-2:housekeeper] com.zaxxer.hikari.pool.HikariPool        : HikariPool-2 - Fill pool skipped, pool has sufficient level or currently being filled.
2026-08-05T10:15:02.166+05:30 DEBUG 2824 --- [patient-registry] [HikariPool-2:connection-closer] com.zaxxer.hikari.pool.PoolBase          : HikariPool-2 - Closing connection oracle.jdbc.driver.T4CConnection@1f7d5d53: (connection has passed maxLifetime)
2026-08-05T10:15:02.167+05:30 DEBUG 2824 --- [patient-registry] [HikariPool-2:connection-adder] com.zaxxer.hikari.pool.PoolBase          : HikariPool-2 - Attempting to create/setup new connection (356a2a0a-8360-40ca-a72d-b60eb4a2b3de)
2026-08-05T10:15:02.211+05:30 DEBUG 2824 --- [patient-registry] [HikariPool-2:connection-adder] com.zaxxer.hikari.pool.PoolBase          : HikariPool-2 - Established new connection (356a2a0a-8360-40ca-a72d-b60eb4a2b3de)
2026-08-05T10:15:02.213+05:30 DEBUG 2824 --- [patient-registry] [HikariPool-2:connection-adder] com.zaxxer.hikari.pool.HikariPool        : HikariPool-2 - Added connection oracle.jdbc.driver.T4CConnection@6cb0d6a3
2026-08-05T10:15:13.216+05:30 DEBUG 2824 --- [patient-registry] [HikariPool-2:housekeeper] com.zaxxer.hikari.pool.HikariPool        : HikariPool-2 - keepalive: connection oracle.jdbc.driver.T4CConnection@41c3ca39 is alive
2026-08-05T10:15:31.656+05:30 DEBUG 2824 --- [patient-registry] [HikariPool-2:housekeeper] com.zaxxer.hikari.pool.HikariPool        : HikariPool-2 - Pool stats (total=10/10, idle=10/10, active=0, waiting=0)
2026-08-05T10:15:31.656+05:30 DEBUG 2824 --- [patient-registry] [HikariPool-2:housekeeper] com.zaxxer.hikari.pool.HikariPool        : HikariPool-2 - Fill pool skipped, pool has sufficient level or currently being filled.
2026-08-05T10:15:55.958+05:30 DEBUG 2824 --- [patient-registry] [HikariPool-2:housekeeper] com.zaxxer.hikari.pool.HikariPool        : HikariPool-2 - keepalive: connection oracle.jdbc.driver.T4CConnection@36ced477 is alive
2026-08-05T10:16:01.672+05:30 DEBUG 2824 --- [patient-registry] [HikariPool-2:housekeeper] com.zaxxer.hikari.pool.HikariPool        : HikariPool-2 - Pool stats (total=10/10, idle=10/10, active=0, waiting=0)
2026-08-05T10:16:01.672+05:30 DEBUG 2824 --- [patient-registry] [HikariPool-2:housekeeper] com.zaxxer.hikari.pool.HikariPool        : HikariPool-2 - Fill pool skipped, pool has sufficient level or currently being filled.
2026-08-05T10:16:02.374+05:30 DEBUG 2824 --- [patient-registry] [HikariPool-2:connection-closer] com.zaxxer.hikari.pool.PoolBase          : HikariPool-2 - Closing connection oracle.jdbc.driver.T4CConnection@36ced477: (connection has passed maxLifetime)
2026-08-05T10:16:02.374+05:30 DEBUG 2824 --- [patient-registry] [HikariPool-2:connection-adder] com.zaxxer.hikari.pool.PoolBase          : HikariPool-2 - Attempting to create/setup new connection (717029be-2bc0-4cb1-a041-067a1a6ac724)
2026-08-05T10:16:02.422+05:30 DEBUG 2824 --- [patient-registry] [HikariPool-2:connection-adder] com.zaxxer.hikari.pool.PoolBase          : HikariPool-2 - Established new connection (717029be-2bc0-4cb1-a041-067a1a6ac724)
2026-08-05T10:16:02.422+05:30 DEBUG 2824 --- [patient-registry] [HikariPool-2:connection-adder] com.zaxxer.hikari.pool.HikariPool        : HikariPool-2 - Added connection oracle.jdbc.driver.T4CConnection@60c84d1e
2026-08-05T10:16:02.841+05:30 DEBUG 2824 --- [patient-registry] [HikariPool-2:housekeeper] com.zaxxer.hikari.pool.HikariPool        : HikariPool-2 - keepalive: connection oracle.jdbc.driver.T4CConnection@2b42fdca is alive
2026-08-05T10:16:11.170+05:30 DEBUG 2824 --- [patient-registry] [HikariPool-2:housekeeper] com.zaxxer.hikari.pool.HikariPool        : HikariPool-2 - keepalive: connection oracle.jdbc.driver.T4CConnection@3d98f58 is alive
2026-08-05T10:16:17.914+05:30 DEBUG 2824 --- [patient-registry] [HikariPool-2:housekeeper] com.zaxxer.hikari.pool.HikariPool        : HikariPool-2 - keepalive: connection oracle.jdbc.driver.T4CConnection@76d84c1f is alive
2026-08-05T10:16:30.821+05:30 DEBUG 2824 --- [patient-registry] [HikariPool-2:housekeeper] com.zaxxer.hikari.pool.HikariPool        : HikariPool-2 - keepalive: connection oracle.jdbc.driver.T4CConnection@503db93b is alive
2026-08-05T10:16:31.674+05:30 DEBUG 2824 --- [patient-registry] [HikariPool-2:housekeeper] com.zaxxer.hikari.pool.HikariPool        : HikariPool-2 - Pool stats (total=10/10, idle=10/10, active=0, waiting=0)
2026-08-05T10:16:31.674+05:30 DEBUG 2824 --- [patient-registry] [HikariPool-2:housekeeper] com.zaxxer.hikari.pool.HikariPool        : HikariPool-2 - Fill pool skipped, pool has sufficient level or currently being filled.
2026-08-05T10:16:34.431+05:30 DEBUG 2824 --- [patient-registry] [HikariPool-2:housekeeper] com.zaxxer.hikari.pool.HikariPool        : HikariPool-2 - keepalive: connection oracle.jdbc.driver.T4CConnection@6a939f72 is alive
2026-08-05T10:16:36.682+05:30 DEBUG 2824 --- [patient-registry] [HikariPool-2:housekeeper] com.zaxxer.hikari.pool.HikariPool        : HikariPool-2 - keepalive: connection oracle.jdbc.driver.T4CConnection@1008db4d is alive
2026-08-05T10:16:40.942+05:30 DEBUG 2824 --- [patient-registry] [HikariPool-2:housekeeper] com.zaxxer.hikari.pool.HikariPool        : HikariPool-2 - keepalive: connection oracle.jdbc.driver.T4CConnection@6cb0d6a3 is alive
2026-08-05T10:16:48.989+05:30 DEBUG 2824 --- [patient-registry] [HikariPool-2:housekeeper] com.zaxxer.hikari.pool.HikariPool        : HikariPool-2 - keepalive: connection oracle.jdbc.driver.T4CConnection@263ae0e4 is alive
2026-08-05T10:17:01.674+05:30 DEBUG 2824 --- [patient-registry] [HikariPool-2:housekeeper] com.zaxxer.hikari.pool.HikariPool        : HikariPool-2 - Pool stats (total=10/10, idle=10/10, active=0, waiting=0)
2026-08-05T10:17:01.674+05:30 DEBUG 2824 --- [patient-registry] [HikariPool-2:housekeeper] com.zaxxer.hikari.pool.HikariPool        : HikariPool-2 - Fill pool skipped, pool has sufficient level or currently being filled.
2026-08-05T10:17:01.871+05:30 DEBUG 2824 --- [patient-registry] [HikariPool-2:housekeeper] com.zaxxer.hikari.pool.HikariPool        : HikariPool-2 - keepalive: connection oracle.jdbc.driver.T4CConnection@41c3ca39 is alive
2026-08-05T10:17:26.975+05:30 DEBUG 2824 --- [patient-registry] [HikariPool-2:connection-closer] com.zaxxer.hikari.pool.PoolBase          : HikariPool-2 - Closing connection oracle.jdbc.driver.T4CConnection@3d98f58: (connection has passed maxLifetime)
2026-08-05T10:17:26.978+05:30 DEBUG 2824 --- [patient-registry] [HikariPool-2:connection-adder] com.zaxxer.hikari.pool.PoolBase          : HikariPool-2 - Attempting to create/setup new connection (530ab91f-3191-4b34-bb41-b9efb52bb158)
2026-08-05T10:17:27.028+05:30 DEBUG 2824 --- [patient-registry] [HikariPool-2:connection-adder] com.zaxxer.hikari.pool.PoolBase          : HikariPool-2 - Established new connection (530ab91f-3191-4b34-bb41-b9efb52bb158)
2026-08-05T10:17:27.029+05:30 DEBUG 2824 --- [patient-registry] [HikariPool-2:connection-adder] com.zaxxer.hikari.pool.HikariPool        : HikariPool-2 - Added connection oracle.jdbc.driver.T4CConnection@73da957e
2026-08-05T10:17:31.676+05:30 DEBUG 2824 --- [patient-registry] [HikariPool-2:housekeeper] com.zaxxer.hikari.pool.HikariPool        : HikariPool-2 - Pool stats (total=10/10, idle=10/10, active=0, waiting=0)
2026-08-05T10:17:31.676+05:30 DEBUG 2824 --- [patient-registry] [HikariPool-2:housekeeper] com.zaxxer.hikari.pool.HikariPool        : HikariPool-2 - Fill pool skipped, pool has sufficient level or currently being filled.
2026-08-05T10:17:54.432+05:30 DEBUG 2824 --- [patient-registry] [HikariPool-2:housekeeper] com.zaxxer.hikari.pool.HikariPool        : HikariPool-2 - keepalive: connection oracle.jdbc.driver.T4CConnection@2b42fdca is alive
2026-08-05T10:17:55.272+05:30 DEBUG 2824 --- [patient-registry] [HikariPool-2:housekeeper] com.zaxxer.hikari.pool.HikariPool        : HikariPool-2 - keepalive: connection oracle.jdbc.driver.T4CConnection@60c84d1e is alive
2026-08-05T10:18:01.677+05:30 DEBUG 2824 --- [patient-registry] [HikariPool-2:housekeeper] com.zaxxer.hikari.pool.HikariPool        : HikariPool-2 - Pool stats (total=10/10, idle=10/10, active=0, waiting=0)
2026-08-05T10:18:01.677+05:30 DEBUG 2824 --- [patient-registry] [HikariPool-2:housekeeper] com.zaxxer.hikari.pool.HikariPool        : HikariPool-2 - Fill pool skipped, pool has sufficient level or currently being filled.
2026-08-05T10:18:03.366+05:30 DEBUG 2824 --- [patient-registry] [HikariPool-2:housekeeper] com.zaxxer.hikari.pool.HikariPool        : HikariPool-2 - keepalive: connection oracle.jdbc.driver.T4CConnection@76d84c1f is alive
2026-08-05T10:18:12.505+05:30 DEBUG 2824 --- [patient-registry] [HikariPool-2:connection-closer] com.zaxxer.hikari.pool.PoolBase          : HikariPool-2 - Closing connection oracle.jdbc.driver.T4CConnection@263ae0e4: (connection has passed maxLifetime)
2026-08-05T10:18:12.508+05:30 DEBUG 2824 --- [patient-registry] [HikariPool-2:connection-adder] com.zaxxer.hikari.pool.PoolBase          : HikariPool-2 - Attempting to create/setup new connection (e290cd85-7550-4b9c-85fd-1fdeeaac5057)
2026-08-05T10:18:12.557+05:30 DEBUG 2824 --- [patient-registry] [HikariPool-2:connection-adder] com.zaxxer.hikari.pool.PoolBase          : HikariPool-2 - Established new connection (e290cd85-7550-4b9c-85fd-1fdeeaac5057)
2026-08-05T10:18:12.557+05:30 DEBUG 2824 --- [patient-registry] [HikariPool-2:connection-adder] com.zaxxer.hikari.pool.HikariPool        : HikariPool-2 - Added connection oracle.jdbc.driver.T4CConnection@6456dd4b
2026-08-05T10:18:16.310+05:30 DEBUG 2824 --- [patient-registry] [HikariPool-2:housekeeper] com.zaxxer.hikari.pool.HikariPool        : HikariPool-2 - keepalive: connection oracle.jdbc.driver.T4CConnection@1008db4d is alive
2026-08-05T10:18:16.818+05:30 DEBUG 2824 --- [patient-registry] [HikariPool-2:housekeeper] com.zaxxer.hikari.pool.HikariPool        : HikariPool-2 - keepalive: connection oracle.jdbc.driver.T4CConnection@503db93b is alive
2026-08-05T10:18:19.673+05:30 DEBUG 2824 --- [patient-registry] [HikariPool-2:housekeeper] com.zaxxer.hikari.pool.HikariPool        : HikariPool-2 - keepalive: connection oracle.jdbc.driver.T4CConnection@6cb0d6a3 is alive
2026-08-05T10:18:31.679+05:30 DEBUG 2824 --- [patient-registry] [HikariPool-2:housekeeper] com.zaxxer.hikari.pool.HikariPool        : HikariPool-2 - Pool stats (total=10/10, idle=10/10, active=0, waiting=0)
2026-08-05T10:18:31.679+05:30 DEBUG 2824 --- [patient-registry] [HikariPool-2:housekeeper] com.zaxxer.hikari.pool.HikariPool        : HikariPool-2 - Fill pool skipped, pool has sufficient level or currently being filled.
2026-08-05T10:18:32.636+05:30 DEBUG 2824 --- [patient-registry] [HikariPool-2:housekeeper] com.zaxxer.hikari.pool.HikariPool        : HikariPool-2 - keepalive: connection oracle.jdbc.driver.T4CConnection@6a939f72 is alive
2026-08-05T10:18:50.527+05:30 DEBUG 2824 --- [patient-registry] [HikariPool-2:housekeeper] com.zaxxer.hikari.pool.HikariPool        : HikariPool-2 - keepalive: connection oracle.jdbc.driver.T4CConnection@41c3ca39 is alive
2026-08-05T10:19:01.688+05:30 DEBUG 2824 --- [patient-registry] [HikariPool-2:housekeeper] com.zaxxer.hikari.pool.HikariPool        : HikariPool-2 - Pool stats (total=10/10, idle=10/10, active=0, waiting=0)
2026-08-05T10:19:01.688+05:30 DEBUG 2824 --- [patient-registry] [HikariPool-2:housekeeper] com.zaxxer.hikari.pool.HikariPool        : HikariPool-2 - Fill pool skipped, pool has sufficient level or currently being filled.
2026-08-05T10:19:08.198+05:30 DEBUG 2824 --- [patient-registry] [HikariPool-2:housekeeper] com.zaxxer.hikari.pool.HikariPool        : HikariPool-2 - keepalive: connection oracle.jdbc.driver.T4CConnection@73da957e is alive
2026-08-05T10:19:31.694+05:30 DEBUG 2824 --- [patient-registry] [HikariPool-2:housekeeper] com.zaxxer.hikari.pool.HikariPool        : HikariPool-2 - Pool stats (total=10/10, idle=10/10, active=0, waiting=0)
2026-08-05T10:19:31.694+05:30 DEBUG 2824 --- [patient-registry] [HikariPool-2:housekeeper] com.zaxxer.hikari.pool.HikariPool        : HikariPool-2 - Fill pool skipped, pool has sufficient level or currently being filled.
2026-08-05T10:19:46.026+05:30 DEBUG 2824 --- [patient-registry] [HikariPool-2:housekeeper] com.zaxxer.hikari.pool.HikariPool        : HikariPool-2 - keepalive: connection oracle.jdbc.driver.T4CConnection@2b42fdca is alive
2026-08-05T10:19:48.119+05:30 DEBUG 2824 --- [patient-registry] [HikariPool-2:housekeeper] com.zaxxer.hikari.pool.HikariPool        : HikariPool-2 - keepalive: connection oracle.jdbc.driver.T4CConnection@60c84d1e is alive
2026-08-05T10:19:48.831+05:30 DEBUG 2824 --- [patient-registry] [HikariPool-2:housekeeper] com.zaxxer.hikari.pool.HikariPool        : HikariPool-2 - keepalive: connection oracle.jdbc.driver.T4CConnection@76d84c1f is alive
2026-08-05T10:19:55.942+05:30 DEBUG 2824 --- [patient-registry] [HikariPool-2:housekeeper] com.zaxxer.hikari.pool.HikariPool        : HikariPool-2 - keepalive: connection oracle.jdbc.driver.T4CConnection@1008db4d is alive
2026-08-05T10:19:58.405+05:30 DEBUG 2824 --- [patient-registry] [HikariPool-2:housekeeper] com.zaxxer.hikari.pool.HikariPool        : HikariPool-2 - keepalive: connection oracle.jdbc.driver.T4CConnection@6cb0d6a3 is alive
2026-08-05T10:20:01.704+05:30 DEBUG 2824 --- [patient-registry] [HikariPool-2:housekeeper] com.zaxxer.hikari.pool.HikariPool        : HikariPool-2 - Pool stats (total=10/10, idle=10/10, active=0, waiting=0)
2026-08-05T10:20:01.704+05:30 DEBUG 2824 --- [patient-registry] [HikariPool-2:housekeeper] com.zaxxer.hikari.pool.HikariPool        : HikariPool-2 - Fill pool skipped, pool has sufficient level or currently being filled.
2026-08-05T10:20:02.022+05:30 DEBUG 2824 --- [patient-registry] [HikariPool-2:housekeeper] com.zaxxer.hikari.pool.HikariPool        : HikariPool-2 - keepalive: connection oracle.jdbc.driver.T4CConnection@6456dd4b is alive
2026-08-05T10:20:02.812+05:30 DEBUG 2824 --- [patient-registry] [HikariPool-2:housekeeper] com.zaxxer.hikari.pool.HikariPool        : HikariPool-2 - keepalive: connection oracle.jdbc.driver.T4CConnection@503db93b is alive
2026-08-05T10:20:30.840+05:30 DEBUG 2824 --- [patient-registry] [HikariPool-2:housekeeper] com.zaxxer.hikari.pool.HikariPool        : HikariPool-2 - keepalive: connection oracle.jdbc.driver.T4CConnection@6a939f72 is alive
2026-08-05T10:20:31.705+05:30 DEBUG 2824 --- [patient-registry] [HikariPool-2:housekeeper] com.zaxxer.hikari.pool.HikariPool        : HikariPool-2 - Pool stats (total=10/10, idle=10/10, active=0, waiting=0)
2026-08-05T10:20:31.705+05:30 DEBUG 2824 --- [patient-registry] [HikariPool-2:housekeeper] com.zaxxer.hikari.pool.HikariPool        : HikariPool-2 - Fill pool skipped, pool has sufficient level or currently being filled.
2026-08-05T10:20:39.184+05:30 DEBUG 2824 --- [patient-registry] [HikariPool-2:housekeeper] com.zaxxer.hikari.pool.HikariPool        : HikariPool-2 - keepalive: connection oracle.jdbc.driver.T4CConnection@41c3ca39 is alive
2026-08-05T10:20:49.356+05:30 DEBUG 2824 --- [patient-registry] [HikariPool-2:housekeeper] com.zaxxer.hikari.pool.HikariPool        : HikariPool-2 - keepalive: connection oracle.jdbc.driver.T4CConnection@73da957e is alive
2026-08-05T10:21:01.720+05:30 DEBUG 2824 --- [patient-registry] [HikariPool-2:housekeeper] com.zaxxer.hikari.pool.HikariPool        : HikariPool-2 - Pool stats (total=10/10, idle=10/10, active=0, waiting=0)
2026-08-05T10:21:01.720+05:30 DEBUG 2824 --- [patient-registry] [HikariPool-2:housekeeper] com.zaxxer.hikari.pool.HikariPool        : HikariPool-2 - Fill pool skipped, pool has sufficient level or currently being filled.
2026-08-05T10:21:31.734+05:30 DEBUG 2824 --- [patient-registry] [HikariPool-2:housekeeper] com.zaxxer.hikari.pool.HikariPool        : HikariPool-2 - Pool stats (total=10/10, idle=10/10, active=0, waiting=0)
2026-08-05T10:21:31.734+05:30 DEBUG 2824 --- [patient-registry] [HikariPool-2:housekeeper] com.zaxxer.hikari.pool.HikariPool        : HikariPool-2 - Fill pool skipped, pool has sufficient level or currently being filled.
2026-08-05T10:21:34.293+05:30 DEBUG 2824 --- [patient-registry] [HikariPool-2:housekeeper] com.zaxxer.hikari.pool.HikariPool        : HikariPool-2 - keepalive: connection oracle.jdbc.driver.T4CConnection@76d84c1f is alive
2026-08-05T10:21:35.569+05:30 DEBUG 2824 --- [patient-registry] [HikariPool-2:housekeeper] com.zaxxer.hikari.pool.HikariPool        : HikariPool-2 - keepalive: connection oracle.jdbc.driver.T4CConnection@1008db4d is alive
2026-08-05T10:21:37.135+05:30 DEBUG 2824 --- [patient-registry] [HikariPool-2:housekeeper] com.zaxxer.hikari.pool.HikariPool        : HikariPool-2 - keepalive: connection oracle.jdbc.driver.T4CConnection@6cb0d6a3 is alive
2026-08-05T10:21:37.620+05:30 DEBUG 2824 --- [patient-registry] [HikariPool-2:housekeeper] com.zaxxer.hikari.pool.HikariPool        : HikariPool-2 - keepalive: connection oracle.jdbc.driver.T4CConnection@2b42fdca is alive
2026-08-05T10:21:40.975+05:30 DEBUG 2824 --- [patient-registry] [HikariPool-2:housekeeper] com.zaxxer.hikari.pool.HikariPool        : HikariPool-2 - keepalive: connection oracle.jdbc.driver.T4CConnection@60c84d1e is alive
2026-08-05T10:21:48.812+05:30 DEBUG 2824 --- [patient-registry] [HikariPool-2:housekeeper] com.zaxxer.hikari.pool.HikariPool        : HikariPool-2 - keepalive: connection oracle.jdbc.driver.T4CConnection@503db93b is alive
2026-08-05T10:21:51.486+05:30 DEBUG 2824 --- [patient-registry] [HikariPool-2:housekeeper] com.zaxxer.hikari.pool.HikariPool        : HikariPool-2 - keepalive: connection oracle.jdbc.driver.T4CConnection@6456dd4b is alive
2026-08-05T10:22:01.736+05:30 DEBUG 2824 --- [patient-registry] [HikariPool-2:housekeeper] com.zaxxer.hikari.pool.HikariPool        : HikariPool-2 - Pool stats (total=10/10, idle=10/10, active=0, waiting=0)
2026-08-05T10:22:01.736+05:30 DEBUG 2824 --- [patient-registry] [HikariPool-2:housekeeper] com.zaxxer.hikari.pool.HikariPool        : HikariPool-2 - Fill pool skipped, pool has sufficient level or currently being filled.
2026-08-05T10:22:27.848+05:30 DEBUG 2824 --- [patient-registry] [HikariPool-2:housekeeper] com.zaxxer.hikari.pool.HikariPool        : HikariPool-2 - keepalive: connection oracle.jdbc.driver.T4CConnection@41c3ca39 is alive
2026-08-05T10:22:29.057+05:30 DEBUG 2824 --- [patient-registry] [HikariPool-2:housekeeper] com.zaxxer.hikari.pool.HikariPool        : HikariPool-2 - keepalive: connection oracle.jdbc.driver.T4CConnection@6a939f72 is alive
2026-08-05T10:22:30.514+05:30 DEBUG 2824 --- [patient-registry] [HikariPool-2:housekeeper] com.zaxxer.hikari.pool.HikariPool        : HikariPool-2 - keepalive: connection oracle.jdbc.driver.T4CConnection@73da957e is alive
2026-08-05T10:22:31.738+05:30 DEBUG 2824 --- [patient-registry] [HikariPool-2:housekeeper] com.zaxxer.hikari.pool.HikariPool        : HikariPool-2 - Pool stats (total=10/10, idle=10/10, active=0, waiting=0)
2026-08-05T10:22:31.738+05:30 DEBUG 2824 --- [patient-registry] [HikariPool-2:housekeeper] com.zaxxer.hikari.pool.HikariPool        : HikariPool-2 - Fill pool skipped, pool has sufficient level or currently being filled.
2026-08-05T10:23:01.752+05:30 DEBUG 2824 --- [patient-registry] [HikariPool-2:housekeeper] com.zaxxer.hikari.pool.HikariPool        : HikariPool-2 - Pool stats (total=10/10, idle=10/10, active=0, waiting=0)
2026-08-05T10:23:01.752+05:30 DEBUG 2824 --- [patient-registry] [HikariPool-2:housekeeper] com.zaxxer.hikari.pool.HikariPool        : HikariPool-2 - Fill pool skipped, pool has sufficient level or currently being filled.
2026-08-05T10:23:15.196+05:30 DEBUG 2824 --- [patient-registry] [HikariPool-2:housekeeper] com.zaxxer.hikari.pool.HikariPool        : HikariPool-2 - keepalive: connection oracle.jdbc.driver.T4CConnection@1008db4d is alive
2026-08-05T10:23:15.875+05:30 DEBUG 2824 --- [patient-registry] [HikariPool-2:housekeeper] com.zaxxer.hikari.pool.HikariPool        : HikariPool-2 - keepalive: connection oracle.jdbc.driver.T4CConnection@6cb0d6a3 is alive
2026-08-05T10:23:19.746+05:30 DEBUG 2824 --- [patient-registry] [HikariPool-2:housekeeper] com.zaxxer.hikari.pool.HikariPool        : HikariPool-2 - keepalive: connection oracle.jdbc.driver.T4CConnection@76d84c1f is alive
2026-08-05T10:23:29.213+05:30 DEBUG 2824 --- [patient-registry] [HikariPool-2:housekeeper] com.zaxxer.hikari.pool.HikariPool        : HikariPool-2 - keepalive: connection oracle.jdbc.driver.T4CConnection@2b42fdca is alive
2026-08-05T10:23:31.767+05:30 DEBUG 2824 --- [patient-registry] [HikariPool-2:housekeeper] com.zaxxer.hikari.pool.HikariPool        : HikariPool-2 - Pool stats (total=10/10, idle=10/10, active=0, waiting=0)
2026-08-05T10:23:31.767+05:30 DEBUG 2824 --- [patient-registry] [HikariPool-2:housekeeper] com.zaxxer.hikari.pool.HikariPool        : HikariPool-2 - Fill pool skipped, pool has sufficient level or currently being filled.
2026-08-05T10:23:33.830+05:30 DEBUG 2824 --- [patient-registry] [HikariPool-2:housekeeper] com.zaxxer.hikari.pool.HikariPool        : HikariPool-2 - keepalive: connection oracle.jdbc.driver.T4CConnection@60c84d1e is alive
2026-08-05T10:23:34.803+05:30 DEBUG 2824 --- [patient-registry] [HikariPool-2:housekeeper] com.zaxxer.hikari.pool.HikariPool        : HikariPool-2 - keepalive: connection oracle.jdbc.driver.T4CConnection@503db93b is alive
2026-08-05T10:23:40.944+05:30 DEBUG 2824 --- [patient-registry] [HikariPool-2:housekeeper] com.zaxxer.hikari.pool.HikariPool        : HikariPool-2 - keepalive: connection oracle.jdbc.driver.T4CConnection@6456dd4b is alive
2026-08-05T10:24:01.769+05:30 DEBUG 2824 --- [patient-registry] [HikariPool-2:housekeeper] com.zaxxer.hikari.pool.HikariPool        : HikariPool-2 - Pool stats (total=10/10, idle=10/10, active=0, waiting=0)
2026-08-05T10:24:01.769+05:30 DEBUG 2824 --- [patient-registry] [HikariPool-2:housekeeper] com.zaxxer.hikari.pool.HikariPool        : HikariPool-2 - Fill pool skipped, pool has sufficient level or currently being filled.
2026-08-05T10:24:11.677+05:30 DEBUG 2824 --- [patient-registry] [HikariPool-2:housekeeper] com.zaxxer.hikari.pool.HikariPool        : HikariPool-2 - keepalive: connection oracle.jdbc.driver.T4CConnection@73da957e is alive
2026-08-05T10:24:16.503+05:30 DEBUG 2824 --- [patient-registry] [HikariPool-2:housekeeper] com.zaxxer.hikari.pool.HikariPool        : HikariPool-2 - keepalive: connection oracle.jdbc.driver.T4CConnection@41c3ca39 is alive
2026-08-05T10:24:27.262+05:30 DEBUG 2824 --- [patient-registry] [HikariPool-2:housekeeper] com.zaxxer.hikari.pool.HikariPool        : HikariPool-2 - keepalive: connection oracle.jdbc.driver.T4CConnection@6a939f72 is alive
2026-08-05T10:24:31.770+05:30 DEBUG 2824 --- [patient-registry] [HikariPool-2:housekeeper] com.zaxxer.hikari.pool.HikariPool        : HikariPool-2 - Pool stats (total=10/10, idle=10/10, active=0, waiting=0)
2026-08-05T10:24:31.770+05:30 DEBUG 2824 --- [patient-registry] [HikariPool-2:housekeeper] com.zaxxer.hikari.pool.HikariPool        : HikariPool-2 - Fill pool skipped, pool has sufficient level or currently being filled.
2026-08-05T10:24:54.606+05:30 DEBUG 2824 --- [patient-registry] [HikariPool-2:housekeeper] com.zaxxer.hikari.pool.HikariPool        : HikariPool-2 - keepalive: connection oracle.jdbc.driver.T4CConnection@6cb0d6a3 is alive
2026-08-05T10:24:54.816+05:30 DEBUG 2824 --- [patient-registry] [HikariPool-2:housekeeper] com.zaxxer.hikari.pool.HikariPool        : HikariPool-2 - keepalive: connection oracle.jdbc.driver.T4CConnection@1008db4d is alive
2026-08-05T10:25:01.770+05:30 DEBUG 2824 --- [patient-registry] [HikariPool-2:housekeeper] com.zaxxer.hikari.pool.HikariPool        : HikariPool-2 - Pool stats (total=10/10, idle=10/10, active=0, waiting=0)
2026-08-05T10:25:01.770+05:30 DEBUG 2824 --- [patient-registry] [HikariPool-2:housekeeper] com.zaxxer.hikari.pool.HikariPool        : HikariPool-2 - Fill pool skipped, pool has sufficient level or currently being filled.
2026-08-05T10:25:05.200+05:30 DEBUG 2824 --- [patient-registry] [HikariPool-2:housekeeper] com.zaxxer.hikari.pool.HikariPool        : HikariPool-2 - keepalive: connection oracle.jdbc.driver.T4CConnection@76d84c1f is alive
2026-08-05T10:25:20.794+05:30 DEBUG 2824 --- [patient-registry] [HikariPool-2:housekeeper] com.zaxxer.hikari.pool.HikariPool        : HikariPool-2 - keepalive: connection oracle.jdbc.driver.T4CConnection@503db93b is alive
2026-08-05T10:25:20.805+05:30 DEBUG 2824 --- [patient-registry] [HikariPool-2:housekeeper] com.zaxxer.hikari.pool.HikariPool        : HikariPool-2 - keepalive: connection oracle.jdbc.driver.T4CConnection@2b42fdca is alive
2026-08-05T10:25:26.679+05:30 DEBUG 2824 --- [patient-registry] [HikariPool-2:housekeeper] com.zaxxer.hikari.pool.HikariPool        : HikariPool-2 - keepalive: connection oracle.jdbc.driver.T4CConnection@60c84d1e is alive
2026-08-05T10:25:30.404+05:30 DEBUG 2824 --- [patient-registry] [HikariPool-2:housekeeper] com.zaxxer.hikari.pool.HikariPool        : HikariPool-2 - keepalive: connection oracle.jdbc.driver.T4CConnection@6456dd4b is alive
2026-08-05T10:25:31.771+05:30 DEBUG 2824 --- [patient-registry] [HikariPool-2:housekeeper] com.zaxxer.hikari.pool.HikariPool        : HikariPool-2 - Pool stats (total=10/10, idle=10/10, active=0, waiting=0)
2026-08-05T10:25:31.771+05:30 DEBUG 2824 --- [patient-registry] [HikariPool-2:housekeeper] com.zaxxer.hikari.pool.HikariPool        : HikariPool-2 - Fill pool skipped, pool has sufficient level or currently being filled.
2026-08-05T10:25:52.835+05:30 DEBUG 2824 --- [patient-registry] [HikariPool-2:housekeeper] com.zaxxer.hikari.pool.HikariPool        : HikariPool-2 - keepalive: connection oracle.jdbc.driver.T4CConnection@73da957e is alive
2026-08-05T10:26:01.783+05:30 DEBUG 2824 --- [patient-registry] [HikariPool-2:housekeeper] com.zaxxer.hikari.pool.HikariPool        : HikariPool-2 - Pool stats (total=10/10, idle=10/10, active=0, waiting=0)
2026-08-05T10:26:01.783+05:30 DEBUG 2824 --- [patient-registry] [HikariPool-2:housekeeper] com.zaxxer.hikari.pool.HikariPool        : HikariPool-2 - Fill pool skipped, pool has sufficient level or currently being filled.
2026-08-05T10:26:08.158+05:30 DEBUG 2824 --- [patient-registry] [HikariPool-2:housekeeper] com.zaxxer.hikari.pool.HikariPool        : HikariPool-2 - keepalive: connection oracle.jdbc.driver.T4CConnection@41c3ca39 is alive
2026-08-05T10:26:25.466+05:30 DEBUG 2824 --- [patient-registry] [HikariPool-2:housekeeper] com.zaxxer.hikari.pool.HikariPool        : HikariPool-2 - keepalive: connection oracle.jdbc.driver.T4CConnection@6a939f72 is alive
2026-08-05T10:26:31.784+05:30 DEBUG 2824 --- [patient-registry] [HikariPool-2:housekeeper] com.zaxxer.hikari.pool.HikariPool        : HikariPool-2 - Pool stats (total=10/10, idle=10/10, active=0, waiting=0)
2026-08-05T10:26:31.784+05:30 DEBUG 2824 --- [patient-registry] [HikariPool-2:housekeeper] com.zaxxer.hikari.pool.HikariPool        : HikariPool-2 - Fill pool skipped, pool has sufficient level or currently being filled.
2026-08-05T10:26:33.336+05:30 DEBUG 2824 --- [patient-registry] [HikariPool-2:housekeeper] com.zaxxer.hikari.pool.HikariPool        : HikariPool-2 - keepalive: connection oracle.jdbc.driver.T4CConnection@6cb0d6a3 is alive
2026-08-05T10:26:34.437+05:30 DEBUG 2824 --- [patient-registry] [HikariPool-2:housekeeper] com.zaxxer.hikari.pool.HikariPool        : HikariPool-2 - keepalive: connection oracle.jdbc.driver.T4CConnection@1008db4d is alive
2026-08-05T10:26:50.652+05:30 DEBUG 2824 --- [patient-registry] [HikariPool-2:housekeeper] com.zaxxer.hikari.pool.HikariPool        : HikariPool-2 - keepalive: connection oracle.jdbc.driver.T4CConnection@76d84c1f is alive
2026-08-05T10:27:01.786+05:30 DEBUG 2824 --- [patient-registry] [HikariPool-2:housekeeper] com.zaxxer.hikari.pool.HikariPool        : HikariPool-2 - Pool stats (total=10/10, idle=10/10, active=0, waiting=0)
2026-08-05T10:27:01.786+05:30 DEBUG 2824 --- [patient-registry] [HikariPool-2:housekeeper] com.zaxxer.hikari.pool.HikariPool        : HikariPool-2 - Fill pool skipped, pool has sufficient level or currently being filled.
2026-08-05T10:27:06.790+05:30 DEBUG 2824 --- [patient-registry] [HikariPool-2:housekeeper] com.zaxxer.hikari.pool.HikariPool        : HikariPool-2 - keepalive: connection oracle.jdbc.driver.T4CConnection@503db93b is alive
2026-08-05T10:27:12.399+05:30 DEBUG 2824 --- [patient-registry] [HikariPool-2:housekeeper] com.zaxxer.hikari.pool.HikariPool        : HikariPool-2 - keepalive: connection oracle.jdbc.driver.T4CConnection@2b42fdca is alive
2026-08-05T10:27:19.526+05:30 DEBUG 2824 --- [patient-registry] [HikariPool-2:housekeeper] com.zaxxer.hikari.pool.HikariPool        : HikariPool-2 - keepalive: connection oracle.jdbc.driver.T4CConnection@60c84d1e is alive
2026-08-05T10:27:19.862+05:30 DEBUG 2824 --- [patient-registry] [HikariPool-2:housekeeper] com.zaxxer.hikari.pool.HikariPool        : HikariPool-2 - keepalive: connection oracle.jdbc.driver.T4CConnection@6456dd4b is alive
2026-08-05T10:27:31.787+05:30 DEBUG 2824 --- [patient-registry] [HikariPool-2:housekeeper] com.zaxxer.hikari.pool.HikariPool        : HikariPool-2 - Pool stats (total=10/10, idle=10/10, active=0, waiting=0)
2026-08-05T10:27:31.787+05:30 DEBUG 2824 --- [patient-registry] [HikariPool-2:housekeeper] com.zaxxer.hikari.pool.HikariPool        : HikariPool-2 - Fill pool skipped, pool has sufficient level or currently being filled.
2026-08-05T10:27:33.994+05:30 DEBUG 2824 --- [patient-registry] [HikariPool-2:housekeeper] com.zaxxer.hikari.pool.HikariPool        : HikariPool-2 - keepalive: connection oracle.jdbc.driver.T4CConnection@73da957e is alive
2026-08-05T10:27:56.815+05:30 DEBUG 2824 --- [patient-registry] [HikariPool-2:housekeeper] com.zaxxer.hikari.pool.HikariPool        : HikariPool-2 - keepalive: connection oracle.jdbc.driver.T4CConnection@41c3ca39 is alive
2026-08-05T10:28:01.789+05:30 DEBUG 2824 --- [patient-registry] [HikariPool-2:housekeeper] com.zaxxer.hikari.pool.HikariPool        : HikariPool-2 - Pool stats (total=10/10, idle=10/10, active=0, waiting=0)
2026-08-05T10:28:01.789+05:30 DEBUG 2824 --- [patient-registry] [HikariPool-2:housekeeper] com.zaxxer.hikari.pool.HikariPool        : HikariPool-2 - Fill pool skipped, pool has sufficient level or currently being filled.
2026-08-05T10:28:12.068+05:30 DEBUG 2824 --- [patient-registry] [HikariPool-2:housekeeper] com.zaxxer.hikari.pool.HikariPool        : HikariPool-2 - keepalive: connection oracle.jdbc.driver.T4CConnection@6cb0d6a3 is alive
2026-08-05T10:28:14.068+05:30 DEBUG 2824 --- [patient-registry] [HikariPool-2:housekeeper] com.zaxxer.hikari.pool.HikariPool        : HikariPool-2 - keepalive: connection oracle.jdbc.driver.T4CConnection@1008db4d is alive
2026-08-05T10:28:23.673+05:30 DEBUG 2824 --- [patient-registry] [HikariPool-2:housekeeper] com.zaxxer.hikari.pool.HikariPool        : HikariPool-2 - keepalive: connection oracle.jdbc.driver.T4CConnection@6a939f72 is alive
2026-08-05T10:28:31.791+05:30 DEBUG 2824 --- [patient-registry] [HikariPool-2:housekeeper] com.zaxxer.hikari.pool.HikariPool        : HikariPool-2 - Pool stats (total=10/10, idle=10/10, active=0, waiting=0)
2026-08-05T10:28:31.791+05:30 DEBUG 2824 --- [patient-registry] [HikariPool-2:housekeeper] com.zaxxer.hikari.pool.HikariPool        : HikariPool-2 - Fill pool skipped, pool has sufficient level or currently being filled.
2026-08-05T10:28:36.113+05:30 DEBUG 2824 --- [patient-registry] [HikariPool-2:housekeeper] com.zaxxer.hikari.pool.HikariPool        : HikariPool-2 - keepalive: connection oracle.jdbc.driver.T4CConnection@76d84c1f is alive
2026-08-05T10:28:52.790+05:30 DEBUG 2824 --- [patient-registry] [HikariPool-2:housekeeper] com.zaxxer.hikari.pool.HikariPool        : HikariPool-2 - keepalive: connection oracle.jdbc.driver.T4CConnection@503db93b is alive
2026-08-05T10:29:01.793+05:30 DEBUG 2824 --- [patient-registry] [HikariPool-2:housekeeper] com.zaxxer.hikari.pool.HikariPool        : HikariPool-2 - Pool stats (total=10/10, idle=10/10, active=0, waiting=0)
2026-08-05T10:29:01.793+05:30 DEBUG 2824 --- [patient-registry] [HikariPool-2:housekeeper] com.zaxxer.hikari.pool.HikariPool        : HikariPool-2 - Fill pool skipped, pool has sufficient level or currently being filled.
2026-08-05T10:29:03.992+05:30 DEBUG 2824 --- [patient-registry] [HikariPool-2:housekeeper] com.zaxxer.hikari.pool.HikariPool        : HikariPool-2 - keepalive: connection oracle.jdbc.driver.T4CConnection@2b42fdca is alive
2026-08-05T10:29:09.321+05:30 DEBUG 2824 --- [patient-registry] [HikariPool-2:housekeeper] com.zaxxer.hikari.pool.HikariPool        : HikariPool-2 - keepalive: connection oracle.jdbc.driver.T4CConnection@6456dd4b is alive
2026-08-05T10:29:12.374+05:30 DEBUG 2824 --- [patient-registry] [HikariPool-2:housekeeper] com.zaxxer.hikari.pool.HikariPool        : HikariPool-2 - keepalive: connection oracle.jdbc.driver.T4CConnection@60c84d1e is alive
2026-08-05T10:29:15.152+05:30 DEBUG 2824 --- [patient-registry] [HikariPool-2:housekeeper] com.zaxxer.hikari.pool.HikariPool        : HikariPool-2 - keepalive: connection oracle.jdbc.driver.T4CConnection@73da957e is alive
2026-08-05T10:29:31.793+05:30 DEBUG 2824 --- [patient-registry] [HikariPool-2:housekeeper] com.zaxxer.hikari.pool.HikariPool        : HikariPool-2 - Pool stats (total=10/10, idle=10/10, active=0, waiting=0)
2026-08-05T10:29:31.793+05:30 DEBUG 2824 --- [patient-registry] [HikariPool-2:housekeeper] com.zaxxer.hikari.pool.HikariPool        : HikariPool-2 - Fill pool skipped, pool has sufficient level or currently being filled.
2026-08-05T10:29:45.470+05:30 DEBUG 2824 --- [patient-registry] [HikariPool-2:housekeeper] com.zaxxer.hikari.pool.HikariPool        : HikariPool-2 - keepalive: connection oracle.jdbc.driver.T4CConnection@41c3ca39 is alive
2026-08-05T10:29:50.799+05:30 DEBUG 2824 --- [patient-registry] [HikariPool-2:housekeeper] com.zaxxer.hikari.pool.HikariPool        : HikariPool-2 - keepalive: connection oracle.jdbc.driver.T4CConnection@6cb0d6a3 is alive
2026-08-05T10:29:53.688+05:30 DEBUG 2824 --- [patient-registry] [HikariPool-2:housekeeper] com.zaxxer.hikari.pool.HikariPool        : HikariPool-2 - keepalive: connection oracle.jdbc.driver.T4CConnection@1008db4d is alive
2026-08-05T10:30:01.794+05:30 DEBUG 2824 --- [patient-registry] [HikariPool-2:housekeeper] com.zaxxer.hikari.pool.HikariPool        : HikariPool-2 - Pool stats (total=10/10, idle=10/10, active=0, waiting=0)
2026-08-05T10:30:01.794+05:30 DEBUG 2824 --- [patient-registry] [HikariPool-2:housekeeper] com.zaxxer.hikari.pool.HikariPool        : HikariPool-2 - Fill pool skipped, pool has sufficient level or currently being filled.
2026-08-05T10:30:21.565+05:30 DEBUG 2824 --- [patient-registry] [HikariPool-2:housekeeper] com.zaxxer.hikari.pool.HikariPool        : HikariPool-2 - keepalive: connection oracle.jdbc.driver.T4CConnection@76d84c1f is alive
2026-08-05T10:30:21.879+05:30 DEBUG 2824 --- [patient-registry] [HikariPool-2:housekeeper] com.zaxxer.hikari.pool.HikariPool        : HikariPool-2 - keepalive: connection oracle.jdbc.driver.T4CConnection@6a939f72 is alive
2026-08-05T10:30:31.795+05:30 DEBUG 2824 --- [patient-registry] [HikariPool-2:housekeeper] com.zaxxer.hikari.pool.HikariPool        : HikariPool-2 - Pool stats (total=10/10, idle=10/10, active=0, waiting=0)
2026-08-05T10:30:31.795+05:30 DEBUG 2824 --- [patient-registry] [HikariPool-2:housekeeper] com.zaxxer.hikari.pool.HikariPool        : HikariPool-2 - Fill pool skipped, pool has sufficient level or currently being filled.
2026-08-05T10:30:38.783+05:30 DEBUG 2824 --- [patient-registry] [HikariPool-2:housekeeper] com.zaxxer.hikari.pool.HikariPool        : HikariPool-2 - keepalive: connection oracle.jdbc.driver.T4CConnection@503db93b is alive
2026-08-05T10:30:55.584+05:30 DEBUG 2824 --- [patient-registry] [HikariPool-2:housekeeper] com.zaxxer.hikari.pool.HikariPool        : HikariPool-2 - keepalive: connection oracle.jdbc.driver.T4CConnection@2b42fdca is alive
2026-08-05T10:30:56.310+05:30 DEBUG 2824 --- [patient-registry] [HikariPool-2:housekeeper] com.zaxxer.hikari.pool.HikariPool        : HikariPool-2 - keepalive: connection oracle.jdbc.driver.T4CConnection@73da957e is alive
2026-08-05T10:30:58.779+05:30 DEBUG 2824 --- [patient-registry] [HikariPool-2:housekeeper] com.zaxxer.hikari.pool.HikariPool        : HikariPool-2 - keepalive: connection oracle.jdbc.driver.T4CConnection@6456dd4b is alive
2026-08-05T10:31:01.798+05:30 DEBUG 2824 --- [patient-registry] [HikariPool-2:housekeeper] com.zaxxer.hikari.pool.HikariPool        : HikariPool-2 - Pool stats (total=10/10, idle=10/10, active=0, waiting=0)
2026-08-05T10:31:01.798+05:30 DEBUG 2824 --- [patient-registry] [HikariPool-2:housekeeper] com.zaxxer.hikari.pool.HikariPool        : HikariPool-2 - Fill pool skipped, pool has sufficient level or currently being filled.
2026-08-05T10:31:05.228+05:30 DEBUG 2824 --- [patient-registry] [HikariPool-2:housekeeper] com.zaxxer.hikari.pool.HikariPool        : HikariPool-2 - keepalive: connection oracle.jdbc.driver.T4CConnection@60c84d1e is alive
2026-08-05T10:31:29.529+05:30 DEBUG 2824 --- [patient-registry] [HikariPool-2:housekeeper] com.zaxxer.hikari.pool.HikariPool        : HikariPool-2 - keepalive: connection oracle.jdbc.driver.T4CConnection@6cb0d6a3 is alive
2026-08-05T10:31:31.799+05:30 DEBUG 2824 --- [patient-registry] [HikariPool-2:housekeeper] com.zaxxer.hikari.pool.HikariPool        : HikariPool-2 - Pool stats (total=10/10, idle=10/10, active=0, waiting=0)
2026-08-05T10:31:31.799+05:30 DEBUG 2824 --- [patient-registry] [HikariPool-2:housekeeper] com.zaxxer.hikari.pool.HikariPool        : HikariPool-2 - Fill pool skipped, pool has sufficient level or currently being filled.
2026-08-05T10:31:33.308+05:30 DEBUG 2824 --- [patient-registry] [HikariPool-2:housekeeper] com.zaxxer.hikari.pool.HikariPool        : HikariPool-2 - keepalive: connection oracle.jdbc.driver.T4CConnection@1008db4d is alive
2026-08-05T10:31:34.126+05:30 DEBUG 2824 --- [patient-registry] [HikariPool-2:housekeeper] com.zaxxer.hikari.pool.HikariPool        : HikariPool-2 - keepalive: connection oracle.jdbc.driver.T4CConnection@41c3ca39 is alive
2026-08-05T10:32:01.799+05:30 DEBUG 2824 --- [patient-registry] [HikariPool-2:housekeeper] com.zaxxer.hikari.pool.HikariPool        : HikariPool-2 - Pool stats (total=10/10, idle=10/10, active=0, waiting=0)
2026-08-05T10:32:01.799+05:30 DEBUG 2824 --- [patient-registry] [HikariPool-2:housekeeper] com.zaxxer.hikari.pool.HikariPool        : HikariPool-2 - Fill pool skipped, pool has sufficient level or currently being filled.
2026-08-05T10:32:07.019+05:30 DEBUG 2824 --- [patient-registry] [HikariPool-2:housekeeper] com.zaxxer.hikari.pool.HikariPool        : HikariPool-2 - keepalive: connection oracle.jdbc.driver.T4CConnection@76d84c1f is alive
2026-08-05T10:32:20.084+05:30 DEBUG 2824 --- [patient-registry] [HikariPool-2:housekeeper] com.zaxxer.hikari.pool.HikariPool        : HikariPool-2 - keepalive: connection oracle.jdbc.driver.T4CConnection@6a939f72 is alive
2026-08-05T10:32:24.783+05:30 DEBUG 2824 --- [patient-registry] [HikariPool-2:housekeeper] com.zaxxer.hikari.pool.HikariPool        : HikariPool-2 - keepalive: connection oracle.jdbc.driver.T4CConnection@503db93b is alive
2026-08-05T10:32:31.801+05:30 DEBUG 2824 --- [patient-registry] [HikariPool-2:housekeeper] com.zaxxer.hikari.pool.HikariPool        : HikariPool-2 - Pool stats (total=10/10, idle=10/10, active=0, waiting=0)
2026-08-05T10:32:31.801+05:30 DEBUG 2824 --- [patient-registry] [HikariPool-2:housekeeper] com.zaxxer.hikari.pool.HikariPool        : HikariPool-2 - Fill pool skipped, pool has sufficient level or currently being filled.
2026-08-05T10:32:37.468+05:30 DEBUG 2824 --- [patient-registry] [HikariPool-2:housekeeper] com.zaxxer.hikari.pool.HikariPool        : HikariPool-2 - keepalive: connection oracle.jdbc.driver.T4CConnection@73da957e is alive
2026-08-05T10:32:47.178+05:30 DEBUG 2824 --- [patient-registry] [HikariPool-2:housekeeper] com.zaxxer.hikari.pool.HikariPool        : HikariPool-2 - keepalive: connection oracle.jdbc.driver.T4CConnection@2b42fdca is alive
2026-08-05T10:32:48.237+05:30 DEBUG 2824 --- [patient-registry] [HikariPool-2:housekeeper] com.zaxxer.hikari.pool.HikariPool        : HikariPool-2 - keepalive: connection oracle.jdbc.driver.T4CConnection@6456dd4b is alive
2026-08-05T10:32:58.075+05:30 DEBUG 2824 --- [patient-registry] [HikariPool-2:housekeeper] com.zaxxer.hikari.pool.HikariPool        : HikariPool-2 - keepalive: connection oracle.jdbc.driver.T4CConnection@60c84d1e is alive
2026-08-05T10:33:01.803+05:30 DEBUG 2824 --- [patient-registry] [HikariPool-2:housekeeper] com.zaxxer.hikari.pool.HikariPool        : HikariPool-2 - Pool stats (total=10/10, idle=10/10, active=0, waiting=0)
2026-08-05T10:33:01.803+05:30 DEBUG 2824 --- [patient-registry] [HikariPool-2:housekeeper] com.zaxxer.hikari.pool.HikariPool        : HikariPool-2 - Fill pool skipped, pool has sufficient level or currently being filled.
2026-08-05T10:33:08.260+05:30 DEBUG 2824 --- [patient-registry] [HikariPool-2:housekeeper] com.zaxxer.hikari.pool.HikariPool        : HikariPool-2 - keepalive: connection oracle.jdbc.driver.T4CConnection@6cb0d6a3 is alive
2026-08-05T10:33:12.929+05:30 DEBUG 2824 --- [patient-registry] [HikariPool-2:housekeeper] com.zaxxer.hikari.pool.HikariPool        : HikariPool-2 - keepalive: connection oracle.jdbc.driver.T4CConnection@1008db4d is alive
2026-08-05T10:33:22.782+05:30 DEBUG 2824 --- [patient-registry] [HikariPool-2:housekeeper] com.zaxxer.hikari.pool.HikariPool        : HikariPool-2 - keepalive: connection oracle.jdbc.driver.T4CConnection@41c3ca39 is alive
2026-08-05T10:33:31.803+05:30 DEBUG 2824 --- [patient-registry] [HikariPool-2:housekeeper] com.zaxxer.hikari.pool.HikariPool        : HikariPool-2 - Pool stats (total=10/10, idle=10/10, active=0, waiting=0)
2026-08-05T10:33:31.803+05:30 DEBUG 2824 --- [patient-registry] [HikariPool-2:housekeeper] com.zaxxer.hikari.pool.HikariPool        : HikariPool-2 - Fill pool skipped, pool has sufficient level or currently being filled.
2026-08-05T10:33:52.471+05:30 DEBUG 2824 --- [patient-registry] [HikariPool-2:housekeeper] com.zaxxer.hikari.pool.HikariPool        : HikariPool-2 - keepalive: connection oracle.jdbc.driver.T4CConnection@76d84c1f is alive
2026-08-05T16:14:10.626+05:30  INFO 16000 --- [patient-registry] [restartedMain] c.p.p.PatientRegistryApplication         : Starting PatientRegistryApplication using Java 17.0.8 with PID 16000 (D:\CurrentRunningProgram\PremDev\SPRINGWEB\patient-registry\patient-registry\target\classes started by mutha in D:\CurrentRunningProgram\PremDev\SPRINGWEB\patient-registry)
2026-08-05T16:14:10.641+05:30 DEBUG 16000 --- [patient-registry] [restartedMain] c.p.p.PatientRegistryApplication         : Running with Spring Boot v4.0.7, Spring v7.0.8
2026-08-05T16:14:10.643+05:30  INFO 16000 --- [patient-registry] [restartedMain] c.p.p.PatientRegistryApplication         : No active profile set, falling back to 1 default profile: "default"
2026-08-05T16:14:10.643+05:30 DEBUG 16000 --- [patient-registry] [restartedMain] o.s.boot.SpringApplication               : Loading source class com.premit.patient_registry.PatientRegistryApplication
2026-08-05T16:14:10.780+05:30  INFO 16000 --- [patient-registry] [restartedMain] o.s.b.devtools.restart.ChangeableUrls    : The Class-Path manifest attribute in C:\Users\mutha\.m2\repository\com\oracle\database\jdbc\ojdbc11\23.9.0.25.07\ojdbc11-23.9.0.25.07.jar referenced one or more files that do not exist: file:/C:/Users/mutha/.m2/repository/com/oracle/database/jdbc/ojdbc11/23.9.0.25.07/oraclepki.jar
2026-08-05T16:14:10.780+05:30 DEBUG 16000 --- [patient-registry] [restartedMain] o.s.b.devtools.restart.ChangeableUrls    : Matching URLs for reloading : [file:/D:/CurrentRunningProgram/PremDev/SPRINGWEB/patient-registry/patient-registry/target/classes/]
2026-08-05T16:14:10.780+05:30 DEBUG 16000 --- [patient-registry] [restartedMain] o.s.b.d.settings.DevToolsSettings        : Included patterns for restart : []
2026-08-05T16:14:10.780+05:30 DEBUG 16000 --- [patient-registry] [restartedMain] o.s.b.d.settings.DevToolsSettings        : Excluded patterns for restart : [/spring-boot-starter-[\w-]+/, /spring-boot/(bin|build|out)/, /spring-boot-starter/(bin|build|out)/, /spring-boot-devtools/(bin|build|out)/, /spring-boot-actuator/(bin|build|out)/, /spring-boot-autoconfigure/(bin|build|out)/]
2026-08-05T16:14:10.780+05:30  INFO 16000 --- [patient-registry] [restartedMain] .e.DevToolsPropertyDefaultsPostProcessor : Devtools property defaults active! Set 'spring.devtools.add-properties' to 'false' to disable
2026-08-05T16:14:10.780+05:30  INFO 16000 --- [patient-registry] [restartedMain] .e.DevToolsPropertyDefaultsPostProcessor : For additional web related logging consider setting the 'logging.level.web' property to 'DEBUG'
2026-08-05T16:14:10.780+05:30 DEBUG 16000 --- [patient-registry] [restartedMain] ConfigServletWebServerApplicationContext : Refreshing org.springframework.boot.web.server.servlet.context.AnnotationConfigServletWebServerApplicationContext@7b87e222
2026-08-05T16:14:10.813+05:30 DEBUG 16000 --- [patient-registry] [restartedMain] o.s.b.f.s.DefaultListableBeanFactory     : Creating shared instance of singleton bean 'org.springframework.context.annotation.internalConfigurationAnnotationProcessor'
2026-08-05T16:14:10.854+05:30 DEBUG 16000 --- [patient-registry] [restartedMain] o.s.b.f.s.DefaultListableBeanFactory     : Creating shared instance of singleton bean 'org.springframework.boot.autoconfigure.internalCachingMetadataReaderFactory'
2026-08-05T16:14:10.988+05:30 DEBUG 16000 --- [patient-registry] [restartedMain] o.s.c.a.ClassPathBeanDefinitionScanner   : Identified candidate component class: file [D:\CurrentRunningProgram\PremDev\SPRINGWEB\patient-registry\patient-registry\target\classes\com\premit\patient_registry\controller\PatientController.class]
2026-08-05T16:14:11.009+05:30 DEBUG 16000 --- [patient-registry] [restartedMain] o.s.c.a.ClassPathBeanDefinitionScanner   : Identified candidate component class: file [D:\CurrentRunningProgram\PremDev\SPRINGWEB\patient-registry\patient-registry\target\classes\com\premit\patient_registry\exceptionHandler\GlobalExceptionHandler.class]
2026-08-05T16:14:11.009+05:30 DEBUG 16000 --- [patient-registry] [restartedMain] o.s.c.a.ClassPathBeanDefinitionScanner   : Identified candidate component class: file [D:\CurrentRunningProgram\PremDev\SPRINGWEB\patient-registry\patient-registry\target\classes\com\premit\patient_registry\mapper\PatientMapperImpl.class]
2026-08-05T16:14:11.015+05:30 DEBUG 16000 --- [patient-registry] [restartedMain] o.s.c.a.ClassPathBeanDefinitionScanner   : Ignored because not a concrete top-level class: file [D:\CurrentRunningProgram\PremDev\SPRINGWEB\patient-registry\patient-registry\target\classes\com\premit\patient_registry\repository\PatientRepository.class]
2026-08-05T16:14:11.023+05:30 DEBUG 16000 --- [patient-registry] [restartedMain] o.s.c.a.ClassPathBeanDefinitionScanner   : Identified candidate component class: file [D:\CurrentRunningProgram\PremDev\SPRINGWEB\patient-registry\patient-registry\target\classes\com\premit\patient_registry\service\PatientServiceImpl.class]
2026-08-05T16:14:12.335+05:30  INFO 16000 --- [patient-registry] [restartedMain] .s.d.r.c.RepositoryConfigurationDelegate : Bootstrapping Spring Data JPA repositories in DEFAULT mode.
2026-08-05T16:14:12.346+05:30 DEBUG 16000 --- [patient-registry] [restartedMain] o.s.b.f.s.DefaultListableBeanFactory     : Creating shared instance of singleton bean 'org.springframework.boot.autoconfigure.AutoConfigurationPackages'
2026-08-05T16:14:12.366+05:30 DEBUG 16000 --- [patient-registry] [restartedMain] o.s.b.a.AutoConfigurationPackages        : @EnableAutoConfiguration was declared on a class in the package 'com.premit.patient_registry'. Automatic @Repository and @Entity scanning is enabled.
2026-08-05T16:14:12.366+05:30 DEBUG 16000 --- [patient-registry] [restartedMain] .s.d.r.c.RepositoryConfigurationDelegate : Scanning for JPA repositories in packages com.premit.patient_registry.
2026-08-05T16:14:12.398+05:30 DEBUG 16000 --- [patient-registry] [restartedMain] o.s.d.r.c.RepositoryComponentProvider    : Identified candidate component class: file [D:\CurrentRunningProgram\PremDev\SPRINGWEB\patient-registry\patient-registry\target\classes\com\premit\patient_registry\repository\PatientRepository.class]
2026-08-05T16:14:12.439+05:30 DEBUG 16000 --- [patient-registry] [restartedMain] ssPathScanningCandidateComponentProvider : Identified candidate component class: file [D:\CurrentRunningProgram\PremDev\SPRINGWEB\patient-registry\patient-registry\target\classes\com\premit\patient_registry\mapper\PatientMapperImpl.class]
2026-08-05T16:14:12.441+05:30 DEBUG 16000 --- [patient-registry] [restartedMain] ssPathScanningCandidateComponentProvider : Identified candidate component class: file [D:\CurrentRunningProgram\PremDev\SPRINGWEB\patient-registry\patient-registry\target\classes\com\premit\patient_registry\service\PatientServiceImpl.class]
2026-08-05T16:14:12.458+05:30  INFO 16000 --- [patient-registry] [restartedMain] .s.d.r.c.RepositoryConfigurationDelegate : Finished Spring Data repository scanning in 86 ms. Found 1 JPA repository interface.
2026-08-05T16:14:12.645+05:30 DEBUG 16000 --- [patient-registry] [restartedMain] o.s.b.f.s.DefaultListableBeanFactory     : Creating shared instance of singleton bean 'propertySourcesPlaceholderConfigurer'
2026-08-05T16:14:12.653+05:30 DEBUG 16000 --- [patient-registry] [restartedMain] o.s.b.f.s.DefaultListableBeanFactory     : Creating shared instance of singleton bean 'org.springframework.boot.devtools.autoconfigure.DevToolsDataSourceAutoConfiguration$DatabaseShutdownExecutorEntityManagerFactoryDependsOnPostProcessor'
2026-08-05T16:14:12.655+05:30 DEBUG 16000 --- [patient-registry] [restartedMain] o.s.b.f.s.DefaultListableBeanFactory     : Creating shared instance of singleton bean 'org.springframework.boot.sql.init.dependency.DatabaseInitializationDependencyConfigurer$DependsOnDatabaseInitializationPostProcessor'
2026-08-05T16:14:12.735+05:30 DEBUG 16000 --- [patient-registry] [restartedMain] o.s.b.f.s.DefaultListableBeanFactory     : Creating shared instance of singleton bean 'org.springframework.context.event.internalEventListenerProcessor'
2026-08-05T16:14:12.740+05:30 DEBUG 16000 --- [patient-registry] [restartedMain] o.s.b.f.s.DefaultListableBeanFactory     : Creating shared instance of singleton bean 'bootstrapExecutorAliasPostProcessor'
2026-08-05T16:14:12.745+05:30 DEBUG 16000 --- [patient-registry] [restartedMain] o.s.b.f.s.DefaultListableBeanFactory     : Creating shared instance of singleton bean 'preserveErrorControllerTargetClassPostProcessor'
2026-08-05T16:14:12.745+05:30 DEBUG 16000 --- [patient-registry] [restartedMain] o.s.b.f.s.DefaultListableBeanFactory     : Creating shared instance of singleton bean 'org.springframework.context.event.internalEventListenerFactory'
2026-08-05T16:14:12.749+05:30 DEBUG 16000 --- [patient-registry] [restartedMain] o.s.b.f.s.DefaultListableBeanFactory     : Creating shared instance of singleton bean 'org.springframework.transaction.config.internalTransactionalEventListenerFactory'
2026-08-05T16:14:12.757+05:30 DEBUG 16000 --- [patient-registry] [restartedMain] o.s.b.f.s.DefaultListableBeanFactory     : Creating shared instance of singleton bean 'org.springframework.context.annotation.internalAutowiredAnnotationProcessor'
2026-08-05T16:14:12.759+05:30 DEBUG 16000 --- [patient-registry] [restartedMain] o.s.b.f.s.DefaultListableBeanFactory     : Creating shared instance of singleton bean 'org.springframework.context.annotation.internalCommonAnnotationProcessor'
2026-08-05T16:14:12.765+05:30 DEBUG 16000 --- [patient-registry] [restartedMain] o.s.b.f.s.DefaultListableBeanFactory     : Creating shared instance of singleton bean 'org.springframework.context.annotation.internalPersistenceAnnotationProcessor'
2026-08-05T16:14:12.765+05:30 DEBUG 16000 --- [patient-registry] [restartedMain] o.s.b.f.s.DefaultListableBeanFactory     : Creating shared instance of singleton bean 'org.springframework.boot.context.properties.ConfigurationPropertiesBindingPostProcessor'
2026-08-05T16:14:12.765+05:30 DEBUG 16000 --- [patient-registry] [restartedMain] o.s.b.f.s.DefaultListableBeanFactory     : Creating shared instance of singleton bean 'org.springframework.boot.context.internalConfigurationPropertiesBinder'
2026-08-05T16:14:12.773+05:30 DEBUG 16000 --- [patient-registry] [restartedMain] o.s.b.f.s.DefaultListableBeanFactory     : Creating shared instance of singleton bean 'jdbcConnectionDetailsHikariBeanPostProcessor'
2026-08-05T16:14:12.775+05:30 DEBUG 16000 --- [patient-registry] [restartedMain] o.s.b.f.s.DefaultListableBeanFactory     : Creating shared instance of singleton bean 'methodValidationPostProcessor'
2026-08-05T16:14:12.781+05:30 DEBUG 16000 --- [patient-registry] [restartedMain] o.s.b.f.s.DefaultListableBeanFactory     : Autowiring by type from bean name 'methodValidationPostProcessor' via factory method to bean named 'environment'
2026-08-05T16:14:12.800+05:30 DEBUG 16000 --- [patient-registry] [restartedMain] o.s.b.f.s.DefaultListableBeanFactory     : Creating shared instance of singleton bean 'org.springframework.boot.context.properties.EnableConfigurationPropertiesRegistrar.methodValidationExcludeFilter'
2026-08-05T16:14:12.822+05:30 DEBUG 16000 --- [patient-registry] [restartedMain] o.s.b.f.s.DefaultListableBeanFactory     : Creating shared instance of singleton bean 'org.springframework.aop.framework.autoproxy.defaultProxyConfig'
2026-08-05T16:14:12.833+05:30 DEBUG 16000 --- [patient-registry] [restartedMain] o.s.b.f.s.DefaultListableBeanFactory     : Creating shared instance of singleton bean 'org.springframework.aop.config.internalAutoProxyCreator'
2026-08-05T16:14:12.851+05:30 DEBUG 16000 --- [patient-registry] [restartedMain] o.s.b.f.s.DefaultListableBeanFactory     : Creating shared instance of singleton bean 'persistenceExceptionTranslationPostProcessor'
2026-08-05T16:14:12.851+05:30 DEBUG 16000 --- [patient-registry] [restartedMain] o.s.b.f.s.DefaultListableBeanFactory     : Autowiring by type from bean name 'persistenceExceptionTranslationPostProcessor' via factory method to bean named 'environment'
2026-08-05T16:14:12.851+05:30 DEBUG 16000 --- [patient-registry] [restartedMain] o.s.b.f.s.DefaultListableBeanFactory     : Creating shared instance of singleton bean 'projectingArgumentResolverBeanPostProcessor'
2026-08-05T16:14:12.867+05:30 DEBUG 16000 --- [patient-registry] [restartedMain] o.s.b.f.s.DefaultListableBeanFactory     : Creating shared instance of singleton bean 'org.springframework.transaction.config.internalTransactionAdvisor'
2026-08-05T16:14:12.869+05:30 DEBUG 16000 --- [patient-registry] [restartedMain] o.s.b.f.s.DefaultListableBeanFactory     : Creating shared instance of singleton bean 'org.springframework.transaction.annotation.ProxyTransactionManagementConfiguration'
2026-08-05T16:14:12.890+05:30 DEBUG 16000 --- [patient-registry] [restartedMain] o.s.b.f.s.DefaultListableBeanFactory     : Creating shared instance of singleton bean 'transactionAttributeSource'
2026-08-05T16:14:12.897+05:30 DEBUG 16000 --- [patient-registry] [restartedMain] o.s.b.f.s.DefaultListableBeanFactory     : Creating shared instance of singleton bean 'transactionInterceptor'
2026-08-05T16:14:12.897+05:30 DEBUG 16000 --- [patient-registry] [restartedMain] o.s.b.f.s.DefaultListableBeanFactory     : Autowiring by type from bean name 'transactionInterceptor' via factory method to bean named 'transactionAttributeSource'
2026-08-05T16:14:12.923+05:30 DEBUG 16000 --- [patient-registry] [restartedMain] o.s.b.f.s.DefaultListableBeanFactory     : Autowiring by type from bean name 'org.springframework.transaction.config.internalTransactionAdvisor' via factory method to bean named 'transactionAttributeSource'
2026-08-05T16:14:12.923+05:30 DEBUG 16000 --- [patient-registry] [restartedMain] o.s.b.f.s.DefaultListableBeanFactory     : Autowiring by type from bean name 'org.springframework.transaction.config.internalTransactionAdvisor' via factory method to bean named 'transactionInterceptor'
2026-08-05T16:14:12.960+05:30 DEBUG 16000 --- [patient-registry] [restartedMain] o.s.b.f.s.DefaultListableBeanFactory     : Creating shared instance of singleton bean 'webServerFactoryCustomizerBeanPostProcessor'
2026-08-05T16:14:12.960+05:30 DEBUG 16000 --- [patient-registry] [restartedMain] o.s.b.f.s.DefaultListableBeanFactory     : Creating shared instance of singleton bean 'errorPageRegistrarBeanPostProcessor'
2026-08-05T16:14:12.966+05:30 DEBUG 16000 --- [patient-registry] [restartedMain] o.s.b.f.s.DefaultListableBeanFactory     : Creating shared instance of singleton bean 'tomcatServletWebServerFactory'
2026-08-05T16:14:12.966+05:30 DEBUG 16000 --- [patient-registry] [restartedMain] o.s.b.f.s.DefaultListableBeanFactory     : Creating shared instance of singleton bean 'org.springframework.boot.tomcat.autoconfigure.servlet.TomcatServletWebServerAutoConfiguration'
2026-08-05T16:14:12.970+05:30 DEBUG 16000 --- [patient-registry] [restartedMain] o.s.b.f.s.DefaultListableBeanFactory     : Creating shared instance of singleton bean 'server.tomcat-org.springframework.boot.tomcat.autoconfigure.TomcatServerProperties'
2026-08-05T16:14:12.975+05:30 DEBUG 16000 --- [patient-registry] [restartedMain] o.s.b.f.s.DefaultListableBeanFactory     : Creating shared instance of singleton bean 'org.springframework.boot.context.properties.BoundConfigurationProperties'
2026-08-05T16:14:12.997+05:30 DEBUG 16000 --- [patient-registry] [restartedMain] o.s.b.f.s.DefaultListableBeanFactory     : Autowiring by type from bean name 'org.springframework.boot.tomcat.autoconfigure.servlet.TomcatServletWebServerAutoConfiguration' via constructor to bean named 'server.tomcat-org.springframework.boot.tomcat.autoconfigure.TomcatServerProperties'
2026-08-05T16:14:13.038+05:30 DEBUG 16000 --- [patient-registry] [restartedMain] o.s.b.f.s.DefaultListableBeanFactory     : Creating shared instance of singleton bean 'servletWebServerFactoryCustomizer'
2026-08-05T16:14:13.038+05:30 DEBUG 16000 --- [patient-registry] [restartedMain] o.s.b.f.s.DefaultListableBeanFactory     : Creating shared instance of singleton bean 'org.springframework.boot.web.server.autoconfigure.servlet.ServletWebServerConfiguration'
2026-08-05T16:14:13.038+05:30 DEBUG 16000 --- [patient-registry] [restartedMain] o.s.b.f.s.DefaultListableBeanFactory     : Creating shared instance of singleton bean 'server-org.springframework.boot.web.server.autoconfigure.ServerProperties'
2026-08-05T16:14:13.054+05:30 DEBUG 16000 --- [patient-registry] [restartedMain] o.s.b.f.s.DefaultListableBeanFactory     : Autowiring by type from bean name 'servletWebServerFactoryCustomizer' via factory method to bean named 'server-org.springframework.boot.web.server.autoconfigure.ServerProperties'
2026-08-05T16:14:13.062+05:30 DEBUG 16000 --- [patient-registry] [restartedMain] o.s.b.f.s.DefaultListableBeanFactory     : Creating shared instance of singleton bean 'sslBundleRegistry'
2026-08-05T16:14:13.062+05:30 DEBUG 16000 --- [patient-registry] [restartedMain] o.s.b.f.s.DefaultListableBeanFactory     : Creating shared instance of singleton bean 'org.springframework.boot.autoconfigure.ssl.SslAutoConfiguration'
2026-08-05T16:14:13.062+05:30 DEBUG 16000 --- [patient-registry] [restartedMain] o.s.b.f.s.DefaultListableBeanFactory     : Creating shared instance of singleton bean 'spring.ssl-org.springframework.boot.autoconfigure.ssl.SslProperties'
2026-08-05T16:14:13.062+05:30 DEBUG 16000 --- [patient-registry] [restartedMain] o.s.b.f.s.DefaultListableBeanFactory     : Autowiring by type from bean name 'org.springframework.boot.autoconfigure.ssl.SslAutoConfiguration' via constructor to bean named 'org.springframework.boot.web.server.servlet.context.AnnotationConfigServletWebServerApplicationContext@7b87e222'
2026-08-05T16:14:13.062+05:30 DEBUG 16000 --- [patient-registry] [restartedMain] o.s.b.f.s.DefaultListableBeanFactory     : Autowiring by type from bean name 'org.springframework.boot.autoconfigure.ssl.SslAutoConfiguration' via constructor to bean named 'spring.ssl-org.springframework.boot.autoconfigure.ssl.SslProperties'
2026-08-05T16:14:13.072+05:30 DEBUG 16000 --- [patient-registry] [restartedMain] o.s.b.f.s.DefaultListableBeanFactory     : Creating shared instance of singleton bean 'sslPropertiesSslBundleRegistrar'
2026-08-05T16:14:13.072+05:30 DEBUG 16000 --- [patient-registry] [restartedMain] o.s.b.f.s.DefaultListableBeanFactory     : Creating shared instance of singleton bean 'fileWatcher'
2026-08-05T16:14:13.072+05:30 DEBUG 16000 --- [patient-registry] [restartedMain] o.s.b.f.s.DefaultListableBeanFactory     : Autowiring by type from bean name 'sslPropertiesSslBundleRegistrar' via factory method to bean named 'fileWatcher'
2026-08-05T16:14:13.090+05:30 DEBUG 16000 --- [patient-registry] [restartedMain] o.s.b.f.s.DefaultListableBeanFactory     : Creating shared instance of singleton bean 'webSocketWebServerCustomizer'
2026-08-05T16:14:13.090+05:30 DEBUG 16000 --- [patient-registry] [restartedMain] o.s.b.f.s.DefaultListableBeanFactory     : Creating shared instance of singleton bean 'org.springframework.boot.tomcat.autoconfigure.TomcatWebServerConfiguration$TomcatWebSocketConfiguration'
2026-08-05T16:14:13.092+05:30 DEBUG 16000 --- [patient-registry] [restartedMain] o.s.b.f.s.DefaultListableBeanFactory     : Creating shared instance of singleton bean 'tomcatWebServerFactoryCustomizer'
2026-08-05T16:14:13.092+05:30 DEBUG 16000 --- [patient-registry] [restartedMain] o.s.b.f.s.DefaultListableBeanFactory     : Creating shared instance of singleton bean 'org.springframework.boot.tomcat.autoconfigure.TomcatWebServerConfiguration'
2026-08-05T16:14:13.096+05:30 DEBUG 16000 --- [patient-registry] [restartedMain] o.s.b.f.s.DefaultListableBeanFactory     : Creating shared instance of singleton bean 'spring.web-org.springframework.boot.autoconfigure.web.WebProperties'
2026-08-05T16:14:13.114+05:30 DEBUG 16000 --- [patient-registry] [restartedMain] o.s.b.f.s.DefaultListableBeanFactory     : Autowiring by type from bean name 'tomcatWebServerFactoryCustomizer' via factory method to bean named 'environment'
2026-08-05T16:14:13.114+05:30 DEBUG 16000 --- [patient-registry] [restartedMain] o.s.b.f.s.DefaultListableBeanFactory     : Autowiring by type from bean name 'tomcatWebServerFactoryCustomizer' via factory method to bean named 'server-org.springframework.boot.web.server.autoconfigure.ServerProperties'
2026-08-05T16:14:13.114+05:30 DEBUG 16000 --- [patient-registry] [restartedMain] o.s.b.f.s.DefaultListableBeanFactory     : Autowiring by type from bean name 'tomcatWebServerFactoryCustomizer' via factory method to bean named 'server.tomcat-org.springframework.boot.tomcat.autoconfigure.TomcatServerProperties'
2026-08-05T16:14:13.114+05:30 DEBUG 16000 --- [patient-registry] [restartedMain] o.s.b.f.s.DefaultListableBeanFactory     : Autowiring by type from bean name 'tomcatWebServerFactoryCustomizer' via factory method to bean named 'spring.web-org.springframework.boot.autoconfigure.web.WebProperties'
2026-08-05T16:14:13.116+05:30 DEBUG 16000 --- [patient-registry] [restartedMain] o.s.b.f.s.DefaultListableBeanFactory     : Creating shared instance of singleton bean 'tomcatServletWebServerFactoryCustomizer'
2026-08-05T16:14:13.118+05:30 DEBUG 16000 --- [patient-registry] [restartedMain] o.s.b.f.s.DefaultListableBeanFactory     : Autowiring by type from bean name 'tomcatServletWebServerFactoryCustomizer' via factory method to bean named 'server.tomcat-org.springframework.boot.tomcat.autoconfigure.TomcatServerProperties'
2026-08-05T16:14:13.170+05:30 DEBUG 16000 --- [patient-registry] [restartedMain] o.s.b.f.s.DefaultListableBeanFactory     : Creating shared instance of singleton bean 'errorPageCustomizer'
2026-08-05T16:14:13.172+05:30 DEBUG 16000 --- [patient-registry] [restartedMain] o.s.b.f.s.DefaultListableBeanFactory     : Creating shared instance of singleton bean 'org.springframework.boot.webmvc.autoconfigure.error.ErrorMvcAutoConfiguration'
2026-08-05T16:14:13.174+05:30 DEBUG 16000 --- [patient-registry] [restartedMain] o.s.b.f.s.DefaultListableBeanFactory     : Autowiring by type from bean name 'org.springframework.boot.webmvc.autoconfigure.error.ErrorMvcAutoConfiguration' via constructor to bean named 'spring.web-org.springframework.boot.autoconfigure.web.WebProperties'
2026-08-05T16:14:13.176+05:30 DEBUG 16000 --- [patient-registry] [restartedMain] o.s.b.f.s.DefaultListableBeanFactory     : Creating shared instance of singleton bean 'dispatcherServletRegistration'
2026-08-05T16:14:13.176+05:30 DEBUG 16000 --- [patient-registry] [restartedMain] o.s.b.f.s.DefaultListableBeanFactory     : Creating shared instance of singleton bean 'org.springframework.boot.webmvc.autoconfigure.DispatcherServletAutoConfiguration$DispatcherServletRegistrationConfiguration'
2026-08-05T16:14:13.178+05:30 DEBUG 16000 --- [patient-registry] [restartedMain] o.s.b.f.s.DefaultListableBeanFactory     : Creating shared instance of singleton bean 'dispatcherServlet'
2026-08-05T16:14:13.178+05:30 DEBUG 16000 --- [patient-registry] [restartedMain] o.s.b.f.s.DefaultListableBeanFactory     : Creating shared instance of singleton bean 'org.springframework.boot.webmvc.autoconfigure.DispatcherServletAutoConfiguration$DispatcherServletConfiguration'
2026-08-05T16:14:13.181+05:30 DEBUG 16000 --- [patient-registry] [restartedMain] o.s.b.f.s.DefaultListableBeanFactory     : Creating shared instance of singleton bean 'spring.mvc-org.springframework.boot.webmvc.autoconfigure.WebMvcProperties'
2026-08-05T16:14:13.185+05:30 DEBUG 16000 --- [patient-registry] [restartedMain] o.s.b.f.s.DefaultListableBeanFactory     : Autowiring by type from bean name 'dispatcherServlet' via factory method to bean named 'spring.mvc-org.springframework.boot.webmvc.autoconfigure.WebMvcProperties'
2026-08-05T16:14:13.204+05:30 DEBUG 16000 --- [patient-registry] [restartedMain] o.s.b.f.s.DefaultListableBeanFactory     : Autowiring by type from bean name 'dispatcherServletRegistration' via factory method to bean named 'dispatcherServlet'
2026-08-05T16:14:13.204+05:30 DEBUG 16000 --- [patient-registry] [restartedMain] o.s.b.f.s.DefaultListableBeanFactory     : Autowiring by type from bean name 'dispatcherServletRegistration' via factory method to bean named 'spring.mvc-org.springframework.boot.webmvc.autoconfigure.WebMvcProperties'
2026-08-05T16:14:13.204+05:30 DEBUG 16000 --- [patient-registry] [restartedMain] o.s.b.f.s.DefaultListableBeanFactory     : Creating shared instance of singleton bean 'multipartConfigElement'
2026-08-05T16:14:13.204+05:30 DEBUG 16000 --- [patient-registry] [restartedMain] o.s.b.f.s.DefaultListableBeanFactory     : Creating shared instance of singleton bean 'org.springframework.boot.servlet.autoconfigure.MultipartAutoConfiguration'
2026-08-05T16:14:13.204+05:30 DEBUG 16000 --- [patient-registry] [restartedMain] o.s.b.f.s.DefaultListableBeanFactory     : Creating shared instance of singleton bean 'spring.servlet.multipart-org.springframework.boot.servlet.autoconfigure.MultipartProperties'
2026-08-05T16:14:13.213+05:30 DEBUG 16000 --- [patient-registry] [restartedMain] o.s.b.f.s.DefaultListableBeanFactory     : Autowiring by type from bean name 'org.springframework.boot.servlet.autoconfigure.MultipartAutoConfiguration' via constructor to bean named 'spring.servlet.multipart-org.springframework.boot.servlet.autoconfigure.MultipartProperties'
2026-08-05T16:14:13.221+05:30 DEBUG 16000 --- [patient-registry] [restartedMain] o.s.b.f.s.DefaultListableBeanFactory     : Autowiring by type from bean name 'errorPageCustomizer' via factory method to bean named 'dispatcherServletRegistration'
2026-08-05T16:14:13.428+05:30 DEBUG 16000 --- [patient-registry] [restartedMain] o.s.b.t.s.TomcatServletWebServerFactory  : Code archive: C:\Users\mutha\.m2\repository\org\springframework\boot\spring-boot-web-server\4.0.7\spring-boot-web-server-4.0.7.jar
2026-08-05T16:14:13.428+05:30 DEBUG 16000 --- [patient-registry] [restartedMain] o.s.b.t.s.TomcatServletWebServerFactory  : Code archive: C:\Users\mutha\.m2\repository\org\springframework\boot\spring-boot-web-server\4.0.7\spring-boot-web-server-4.0.7.jar
2026-08-05T16:14:13.428+05:30 DEBUG 16000 --- [patient-registry] [restartedMain] o.s.b.t.s.TomcatServletWebServerFactory  : None of the document roots [src/main/webapp, public, static] point to a directory and will be ignored.
2026-08-05T16:14:13.513+05:30  INFO 16000 --- [patient-registry] [restartedMain] o.s.boot.tomcat.TomcatWebServer          : Tomcat initialized with port 9999 (http)
2026-08-05T16:14:13.538+05:30  INFO 16000 --- [patient-registry] [restartedMain] o.apache.catalina.core.StandardService   : Starting service [Tomcat]
2026-08-05T16:14:13.538+05:30  INFO 16000 --- [patient-registry] [restartedMain] o.apache.catalina.core.StandardEngine    : Starting Servlet engine: [Apache Tomcat/11.0.22]
2026-08-05T16:14:13.625+05:30 DEBUG 16000 --- [patient-registry] [restartedMain] b.w.c.s.WebApplicationContextInitializer : Published root WebApplicationContext as ServletContext attribute with name [org.springframework.web.context.WebApplicationContext.ROOT]
2026-08-05T16:14:13.625+05:30  INFO 16000 --- [patient-registry] [restartedMain] b.w.c.s.WebApplicationContextInitializer : Root WebApplicationContext: initialization completed in 2845 ms
2026-08-05T16:14:13.634+05:30 DEBUG 16000 --- [patient-registry] [restartedMain] o.s.b.f.s.DefaultListableBeanFactory     : Creating shared instance of singleton bean 'requestContextFilter'
2026-08-05T16:14:13.636+05:30 DEBUG 16000 --- [patient-registry] [restartedMain] o.s.b.f.s.DefaultListableBeanFactory     : Creating shared instance of singleton bean 'formContentFilter'
2026-08-05T16:14:13.636+05:30 DEBUG 16000 --- [patient-registry] [restartedMain] o.s.b.f.s.DefaultListableBeanFactory     : Creating shared instance of singleton bean 'org.springframework.boot.webmvc.autoconfigure.WebMvcAutoConfiguration'
2026-08-05T16:14:13.642+05:30 DEBUG 16000 --- [patient-registry] [restartedMain] o.s.b.f.s.DefaultListableBeanFactory     : Creating shared instance of singleton bean 'characterEncodingFilter'
2026-08-05T16:14:13.642+05:30 DEBUG 16000 --- [patient-registry] [restartedMain] o.s.b.f.s.DefaultListableBeanFactory     : Creating shared instance of singleton bean 'org.springframework.boot.servlet.autoconfigure.HttpEncodingAutoConfiguration'
2026-08-05T16:14:13.642+05:30 DEBUG 16000 --- [patient-registry] [restartedMain] o.s.b.f.s.DefaultListableBeanFactory     : Creating shared instance of singleton bean 'spring.servlet.encoding-org.springframework.boot.servlet.autoconfigure.ServletEncodingProperties'
2026-08-05T16:14:13.642+05:30 DEBUG 16000 --- [patient-registry] [restartedMain] o.s.b.f.s.DefaultListableBeanFactory     : Autowiring by type from bean name 'characterEncodingFilter' via factory method to bean named 'spring.servlet.encoding-org.springframework.boot.servlet.autoconfigure.ServletEncodingProperties'
2026-08-05T16:14:13.657+05:30 DEBUG 16000 --- [patient-registry] [restartedMain] o.s.b.w.s.ServletContextInitializerBeans : Mapping filters: characterEncodingFilter urls=[/*] order=-2147483648, formContentFilter urls=[/*] order=-9900, requestContextFilter urls=[/*] order=-105
2026-08-05T16:14:13.659+05:30 DEBUG 16000 --- [patient-registry] [restartedMain] o.s.b.w.s.ServletContextInitializerBeans : Mapping servlets: dispatcherServlet urls=[/]
2026-08-05T16:14:13.704+05:30 DEBUG 16000 --- [patient-registry] [restartedMain] o.s.b.s.f.OrderedRequestContextFilter    : Filter 'requestContextFilter' configured for use
2026-08-05T16:14:13.710+05:30 DEBUG 16000 --- [patient-registry] [restartedMain] o.s.b.s.f.OrderedCharacterEncodingFilter : Filter 'characterEncodingFilter' configured for use
2026-08-05T16:14:13.710+05:30 DEBUG 16000 --- [patient-registry] [restartedMain] o.s.b.s.filter.OrderedFormContentFilter  : Filter 'formContentFilter' configured for use
2026-08-05T16:14:13.719+05:30 DEBUG 16000 --- [patient-registry] [restartedMain] o.s.b.f.s.DefaultListableBeanFactory     : Creating shared instance of singleton bean 'applicationTaskExecutor'
2026-08-05T16:14:13.719+05:30 DEBUG 16000 --- [patient-registry] [restartedMain] o.s.b.f.s.DefaultListableBeanFactory     : Creating shared instance of singleton bean 'org.springframework.boot.autoconfigure.task.TaskExecutorConfigurations$TaskExecutorConfiguration'
2026-08-05T16:14:13.719+05:30 DEBUG 16000 --- [patient-registry] [restartedMain] o.s.b.f.s.DefaultListableBeanFactory     : Creating shared instance of singleton bean 'threadPoolTaskExecutorBuilder'
2026-08-05T16:14:13.719+05:30 DEBUG 16000 --- [patient-registry] [restartedMain] o.s.b.f.s.DefaultListableBeanFactory     : Creating shared instance of singleton bean 'org.springframework.boot.autoconfigure.task.TaskExecutorConfigurations$ThreadPoolTaskExecutorBuilderConfiguration'
2026-08-05T16:14:13.719+05:30 DEBUG 16000 --- [patient-registry] [restartedMain] o.s.b.f.s.DefaultListableBeanFactory     : Creating shared instance of singleton bean 'spring.task.execution-org.springframework.boot.autoconfigure.task.TaskExecutionProperties'
2026-08-05T16:14:13.719+05:30 DEBUG 16000 --- [patient-registry] [restartedMain] o.s.b.f.s.DefaultListableBeanFactory     : Autowiring by type from bean name 'threadPoolTaskExecutorBuilder' via factory method to bean named 'spring.task.execution-org.springframework.boot.autoconfigure.task.TaskExecutionProperties'
2026-08-05T16:14:13.719+05:30 DEBUG 16000 --- [patient-registry] [restartedMain] o.s.b.f.s.DefaultListableBeanFactory     : Autowiring by type from bean name 'applicationTaskExecutor' via factory method to bean named 'threadPoolTaskExecutorBuilder'
2026-08-05T16:14:13.734+05:30 DEBUG 16000 --- [patient-registry] [restartedMain] o.s.s.concurrent.ThreadPoolTaskExecutor  : Initializing ExecutorService 'applicationTaskExecutor'
2026-08-05T16:14:13.734+05:30 DEBUG 16000 --- [patient-registry] [restartedMain] o.s.b.f.s.DefaultListableBeanFactory     : Creating shared instance of singleton bean 'inMemoryDatabaseShutdownExecutor'
2026-08-05T16:14:13.734+05:30 DEBUG 16000 --- [patient-registry] [restartedMain] o.s.b.f.s.DefaultListableBeanFactory     : Creating shared instance of singleton bean 'org.springframework.boot.devtools.autoconfigure.DevToolsDataSourceAutoConfiguration'
2026-08-05T16:14:13.750+05:30 DEBUG 16000 --- [patient-registry] [restartedMain] o.s.b.f.s.DefaultListableBeanFactory     : Creating shared instance of singleton bean 'dataSource'
2026-08-05T16:14:13.750+05:30 DEBUG 16000 --- [patient-registry] [restartedMain] o.s.b.f.s.DefaultListableBeanFactory     : Creating shared instance of singleton bean 'org.springframework.boot.jdbc.autoconfigure.DataSourceConfiguration$Hikari'
2026-08-05T16:14:13.752+05:30 DEBUG 16000 --- [patient-registry] [restartedMain] o.s.b.f.s.DefaultListableBeanFactory     : Creating shared instance of singleton bean 'spring.datasource-org.springframework.boot.jdbc.autoconfigure.DataSourceProperties'
2026-08-05T16:14:13.752+05:30 DEBUG 16000 --- [patient-registry] [restartedMain] o.s.b.f.s.DefaultListableBeanFactory     : Creating shared instance of singleton bean 'jdbcConnectionDetails'
2026-08-05T16:14:13.752+05:30 DEBUG 16000 --- [patient-registry] [restartedMain] o.s.b.f.s.DefaultListableBeanFactory     : Creating shared instance of singleton bean 'org.springframework.boot.jdbc.autoconfigure.DataSourceAutoConfiguration$PooledDataSourceConfiguration'
2026-08-05T16:14:13.752+05:30 DEBUG 16000 --- [patient-registry] [restartedMain] o.s.b.f.s.DefaultListableBeanFactory     : Autowiring by type from bean name 'jdbcConnectionDetails' via factory method to bean named 'spring.datasource-org.springframework.boot.jdbc.autoconfigure.DataSourceProperties'
2026-08-05T16:14:13.752+05:30 DEBUG 16000 --- [patient-registry] [restartedMain] o.s.b.f.s.DefaultListableBeanFactory     : Autowiring by type from bean name 'dataSource' via factory method to bean named 'spring.datasource-org.springframework.boot.jdbc.autoconfigure.DataSourceProperties'
2026-08-05T16:14:13.752+05:30 DEBUG 16000 --- [patient-registry] [restartedMain] o.s.b.f.s.DefaultListableBeanFactory     : Autowiring by type from bean name 'dataSource' via factory method to bean named 'jdbcConnectionDetails'
2026-08-05T16:14:13.752+05:30 DEBUG 16000 --- [patient-registry] [restartedMain] o.s.b.f.s.DefaultListableBeanFactory     : Autowiring by type from bean name 'dataSource' via factory method to bean named 'environment'
2026-08-05T16:14:13.939+05:30 DEBUG 16000 --- [patient-registry] [restartedMain] o.s.b.f.s.DefaultListableBeanFactory     : Autowiring by type from bean name 'inMemoryDatabaseShutdownExecutor' via factory method to bean named 'dataSource'
2026-08-05T16:14:13.939+05:30 DEBUG 16000 --- [patient-registry] [restartedMain] o.s.b.f.s.DefaultListableBeanFactory     : Autowiring by type from bean name 'inMemoryDatabaseShutdownExecutor' via factory method to bean named 'spring.datasource-org.springframework.boot.jdbc.autoconfigure.DataSourceProperties'
2026-08-05T16:14:13.939+05:30 DEBUG 16000 --- [patient-registry] [restartedMain] o.s.b.f.s.DefaultListableBeanFactory     : Creating shared instance of singleton bean 'dataSourceScriptDatabaseInitializer'
2026-08-05T16:14:13.939+05:30 DEBUG 16000 --- [patient-registry] [restartedMain] o.s.b.f.s.DefaultListableBeanFactory     : Creating shared instance of singleton bean 'org.springframework.boot.jdbc.autoconfigure.DataSourceInitializationAutoConfiguration'
2026-08-05T16:14:13.946+05:30 DEBUG 16000 --- [patient-registry] [restartedMain] o.s.b.f.s.DefaultListableBeanFactory     : Creating shared instance of singleton bean 'spring.sql.init-org.springframework.boot.sql.autoconfigure.init.SqlInitializationProperties'
2026-08-05T16:14:13.948+05:30 DEBUG 16000 --- [patient-registry] [restartedMain] o.s.b.f.s.DefaultListableBeanFactory     : Autowiring by type from bean name 'dataSourceScriptDatabaseInitializer' via factory method to bean named 'dataSource'
2026-08-05T16:14:13.948+05:30 DEBUG 16000 --- [patient-registry] [restartedMain] o.s.b.f.s.DefaultListableBeanFactory     : Autowiring by type from bean name 'dataSourceScriptDatabaseInitializer' via factory method to bean named 'spring.sql.init-org.springframework.boot.sql.autoconfigure.init.SqlInitializationProperties'
2026-08-05T16:14:13.955+05:30 DEBUG 16000 --- [patient-registry] [restartedMain] o.s.b.f.s.DefaultListableBeanFactory     : Creating shared instance of singleton bean 'entityManagerFactory'
2026-08-05T16:14:13.955+05:30 DEBUG 16000 --- [patient-registry] [restartedMain] o.s.b.f.s.DefaultListableBeanFactory     : Creating shared instance of singleton bean 'org.springframework.boot.hibernate.autoconfigure.HibernateJpaConfiguration'
2026-08-05T16:14:13.960+05:30 DEBUG 16000 --- [patient-registry] [restartedMain] o.s.b.f.s.DefaultListableBeanFactory     : Creating shared instance of singleton bean 'spring.jpa-org.springframework.boot.jpa.autoconfigure.JpaProperties'
2026-08-05T16:14:13.966+05:30 DEBUG 16000 --- [patient-registry] [restartedMain] o.s.b.f.s.DefaultListableBeanFactory     : Creating shared instance of singleton bean 'spring.jpa.hibernate-org.springframework.boot.hibernate.autoconfigure.HibernateProperties'
2026-08-05T16:14:13.968+05:30 DEBUG 16000 --- [patient-registry] [restartedMain] o.s.b.f.s.DefaultListableBeanFactory     : Autowiring by type from bean name 'org.springframework.boot.hibernate.autoconfigure.HibernateJpaConfiguration' via constructor to bean named 'dataSource'
2026-08-05T16:14:13.970+05:30 DEBUG 16000 --- [patient-registry] [restartedMain] o.s.b.f.s.DefaultListableBeanFactory     : Autowiring by type from bean name 'org.springframework.boot.hibernate.autoconfigure.HibernateJpaConfiguration' via constructor to bean named 'spring.jpa-org.springframework.boot.jpa.autoconfigure.JpaProperties'
2026-08-05T16:14:13.970+05:30 DEBUG 16000 --- [patient-registry] [restartedMain] o.s.b.f.s.DefaultListableBeanFactory     : Autowiring by type from bean name 'org.springframework.boot.hibernate.autoconfigure.HibernateJpaConfiguration' via constructor to bean named 'org.springframework.beans.factory.support.DefaultListableBeanFactory@2a64a3dd'
2026-08-05T16:14:13.970+05:30 DEBUG 16000 --- [patient-registry] [restartedMain] o.s.b.f.s.DefaultListableBeanFactory     : Autowiring by type from bean name 'org.springframework.boot.hibernate.autoconfigure.HibernateJpaConfiguration' via constructor to bean named 'spring.jpa.hibernate-org.springframework.boot.hibernate.autoconfigure.HibernateProperties'
2026-08-05T16:14:13.975+05:30 DEBUG 16000 --- [patient-registry] [restartedMain] o.s.b.f.s.DefaultListableBeanFactory     : Creating shared instance of singleton bean 'hikariPoolDataSourceMetadataProvider'
2026-08-05T16:14:13.975+05:30 DEBUG 16000 --- [patient-registry] [restartedMain] o.s.b.f.s.DefaultListableBeanFactory     : Creating shared instance of singleton bean 'org.springframework.boot.jdbc.autoconfigure.DataSourcePoolMetadataProvidersConfiguration$HikariPoolDataSourceMetadataProviderConfiguration'
2026-08-05T16:14:13.986+05:30 DEBUG 16000 --- [patient-registry] [restartedMain] o.s.b.f.s.DefaultListableBeanFactory     : Creating shared instance of singleton bean 'entityManagerFactoryBuilder'
2026-08-05T16:14:13.987+05:30 DEBUG 16000 --- [patient-registry] [restartedMain] o.s.b.f.s.DefaultListableBeanFactory     : Creating shared instance of singleton bean 'jpaVendorAdapter'
2026-08-05T16:14:14.048+05:30 DEBUG 16000 --- [patient-registry] [restartedMain] o.s.b.f.s.DefaultListableBeanFactory     : Autowiring by type from bean name 'entityManagerFactoryBuilder' via factory method to bean named 'jpaVendorAdapter'
2026-08-05T16:14:14.055+05:30 DEBUG 16000 --- [patient-registry] [restartedMain] o.s.b.f.s.DefaultListableBeanFactory     : Creating shared instance of singleton bean 'persistenceManagedTypes'
2026-08-05T16:14:14.057+05:30 DEBUG 16000 --- [patient-registry] [restartedMain] o.s.b.f.s.DefaultListableBeanFactory     : Autowiring by type from bean name 'persistenceManagedTypes' via factory method to bean named 'org.springframework.beans.factory.support.DefaultListableBeanFactory@2a64a3dd'
2026-08-05T16:14:14.057+05:30 DEBUG 16000 --- [patient-registry] [restartedMain] o.s.b.f.s.DefaultListableBeanFactory     : Autowiring by type from bean name 'persistenceManagedTypes' via factory method to bean named 'org.springframework.boot.web.server.servlet.context.AnnotationConfigServletWebServerApplicationContext@7b87e222'
2026-08-05T16:14:14.073+05:30 DEBUG 16000 --- [patient-registry] [restartedMain] o.s.b.f.s.DefaultListableBeanFactory     : Autowiring by type from bean name 'entityManagerFactory' via factory method to bean named 'entityManagerFactoryBuilder'
2026-08-05T16:14:14.073+05:30 DEBUG 16000 --- [patient-registry] [restartedMain] o.s.b.f.s.DefaultListableBeanFactory     : Autowiring by type from bean name 'entityManagerFactory' via factory method to bean named 'persistenceManagedTypes'
2026-08-05T16:14:14.129+05:30 DEBUG 16000 --- [patient-registry] [restartedMain] j.LocalContainerEntityManagerFactoryBean : Building JPA container EntityManagerFactory for persistence unit 'default'
2026-08-05T16:14:14.142+05:30  INFO 16000 --- [patient-registry] [restartedMain] org.hibernate.orm.jpa                    : HHH008540: Processing PersistenceUnitInfo [name: default]
2026-08-05T16:14:14.266+05:30  INFO 16000 --- [patient-registry] [restartedMain] org.hibernate.orm.core                   : HHH000001: Hibernate ORM core version 7.2.19.Final
2026-08-05T16:14:14.318+05:30 DEBUG 16000 --- [patient-registry] [restartedMain] o.s.o.jpa.hibernate.SpringBeanContainer  : Falling back to Hibernate's default producer after bean creation failure for interface org.hibernate.engine.jdbc.connections.spi.MultiTenantConnectionProvider: org.springframework.beans.factory.BeanCreationException: Error creating bean with name 'org.hibernate.engine.jdbc.connections.spi.MultiTenantConnectionProvider': Failed to instantiate [org.hibernate.engine.jdbc.connections.spi.MultiTenantConnectionProvider]: Specified class is an interface
2026-08-05T16:14:15.189+05:30  INFO 16000 --- [patient-registry] [restartedMain] o.s.o.j.p.SpringPersistenceUnitInfo      : No LoadTimeWeaver setup: ignoring JPA class transformer
2026-08-05T16:14:15.236+05:30  INFO 16000 --- [patient-registry] [restartedMain] com.zaxxer.hikari.HikariDataSource       : HikariPool-1 - Starting...
2026-08-05T16:14:15.244+05:30  WARN 16000 --- [patient-registry] [restartedMain] c.zaxxer.hikari.util.DriverDataSource    : Registered driver with driverClassName=oracle.jdbc.driver.OracleDriver was not found, trying direct instantiation.
2026-08-05T16:14:15.829+05:30  INFO 16000 --- [patient-registry] [restartedMain] com.zaxxer.hikari.pool.HikariPool        : HikariPool-1 - Added connection oracle.jdbc.driver.T4CConnection@638acee3
2026-08-05T16:14:15.833+05:30  INFO 16000 --- [patient-registry] [restartedMain] com.zaxxer.hikari.HikariDataSource       : HikariPool-1 - Start completed.
2026-08-05T16:14:16.183+05:30  WARN 16000 --- [patient-registry] [restartedMain] org.hibernate.orm.jdbc                   : HHH100123: Low default JDBC fetch size: 10 (consider setting 'hibernate.jdbc.fetch_size')
2026-08-05T16:14:16.200+05:30  INFO 16000 --- [patient-registry] [restartedMain] org.hibernate.orm.connections.pooling    : HHH10001005: Database info:
	Database JDBC URL [jdbc:oracle:thin:@localhost:1521:orcl]
	Database driver: Oracle JDBC driver
	Database dialect: OracleDialect
	Database version: 19.3
	Default catalog/schema: undefined/C##PREMSAI
	Autocommit mode: undefined/unknown
	Isolation level: READ_COMMITTED [default READ_COMMITTED]
	JDBC fetch size: 10
	Pool: DataSourceConnectionProvider
	Minimum pool size: undefined/unknown
	Maximum pool size: undefined/unknown
2026-08-05T16:14:16.482+05:30 DEBUG 16000 --- [patient-registry] [restartedMain] o.s.o.jpa.hibernate.SpringBeanContainer  : Falling back to Hibernate's default producer after bean creation failure for interface org.hibernate.context.spi.CurrentTenantIdentifierResolver: org.springframework.beans.factory.NoSuchBeanDefinitionException: No qualifying bean of type 'org.hibernate.context.spi.CurrentTenantIdentifierResolver<?>' available
2026-08-05T16:14:16.483+05:30 DEBUG 16000 --- [patient-registry] [restartedMain] o.s.o.jpa.hibernate.SpringBeanContainer  : Falling back to Hibernate's default producer after bean creation failure for interface org.hibernate.context.spi.TenantSchemaMapper: org.springframework.beans.factory.NoSuchBeanDefinitionException: No qualifying bean of type 'org.hibernate.context.spi.TenantSchemaMapper<?>' available
2026-08-05T16:14:17.462+05:30  INFO 16000 --- [patient-registry] [restartedMain] org.hibernate.orm.core                   : HHH000489: No JTA platform available (set 'hibernate.transaction.jta.platform' to enable JTA platform integration)
2026-08-05T16:14:17.470+05:30  INFO 16000 --- [patient-registry] [restartedMain] j.LocalContainerEntityManagerFactoryBean : Initialized JPA EntityManagerFactory for persistence unit 'default'
2026-08-05T16:14:17.496+05:30 DEBUG 16000 --- [patient-registry] [restartedMain] o.s.b.f.s.DefaultListableBeanFactory     : Creating shared instance of singleton bean 'patientRegistryApplication'
2026-08-05T16:14:17.496+05:30 DEBUG 16000 --- [patient-registry] [restartedMain] o.s.b.f.s.DefaultListableBeanFactory     : Creating shared instance of singleton bean 'patientController'
2026-08-05T16:14:17.505+05:30 DEBUG 16000 --- [patient-registry] [restartedMain] o.s.b.f.s.DefaultListableBeanFactory     : Creating shared instance of singleton bean 'patientServiceImpl'
2026-08-05T16:14:17.507+05:30 DEBUG 16000 --- [patient-registry] [restartedMain] o.s.b.f.s.DefaultListableBeanFactory     : Creating shared instance of singleton bean 'patientMapperImpl'
2026-08-05T16:14:17.510+05:30 DEBUG 16000 --- [patient-registry] [restartedMain] o.s.b.f.s.DefaultListableBeanFactory     : Creating shared instance of singleton bean 'patientRepository'
2026-08-05T16:14:17.518+05:30 DEBUG 16000 --- [patient-registry] [restartedMain] o.s.b.f.s.DefaultListableBeanFactory     : Creating shared instance of singleton bean 'jpa.named-queries#0'
2026-08-05T16:14:17.522+05:30 DEBUG 16000 --- [patient-registry] [restartedMain] o.s.b.f.s.DefaultListableBeanFactory     : Creating shared instance of singleton bean 'jpa.PatientRepository.fragments#0'
2026-08-05T16:14:17.527+05:30 DEBUG 16000 --- [patient-registry] [restartedMain] o.s.b.f.s.DefaultListableBeanFactory     : Creating shared instance of singleton bean 'jpaSharedEM_entityManagerFactory'
2026-08-05T16:14:17.543+05:30 DEBUG 16000 --- [patient-registry] [restartedMain] o.s.b.f.s.DefaultListableBeanFactory     : Creating shared instance of singleton bean 'jpaMappingContext'
2026-08-05T16:14:17.544+05:30 DEBUG 16000 --- [patient-registry] [restartedMain] .c.JpaMetamodelMappingContextFactoryBean : Initializing JpaMetamodelMappingContext…
2026-08-05T16:14:17.569+05:30 DEBUG 16000 --- [patient-registry] [restartedMain] .c.JpaMetamodelMappingContextFactoryBean : Finished initializing JpaMetamodelMappingContext
2026-08-05T16:14:17.613+05:30  INFO 16000 --- [patient-registry] [restartedMain] o.s.d.j.r.query.QueryEnhancerFactories   : Hibernate is in classpath; If applicable, HQL parser will be used.
2026-08-05T16:14:17.647+05:30 DEBUG 16000 --- [patient-registry] [restartedMain] o.s.beans.CachedIntrospectionResults     : Not strongly caching class [com.premit.patient_registry.entity.Patient] because it is not cache-safe
2026-08-05T16:14:17.694+05:30 DEBUG 16000 --- [patient-registry] [restartedMain] o.s.d.r.c.s.RepositoryFactorySupport     : Initializing repository instance for com.premit.patient_registry.repository.PatientRepository…
2026-08-05T16:14:17.773+05:30 DEBUG 16000 --- [patient-registry] [restartedMain] o.s.d.r.c.s.RepositoryFactorySupport     : Finished creation of repository instance for com.premit.patient_registry.repository.PatientRepository.
2026-08-05T16:14:17.782+05:30 DEBUG 16000 --- [patient-registry] [restartedMain] o.s.b.f.s.DefaultListableBeanFactory     : Creating shared instance of singleton bean 'globalExceptionHandler'
2026-08-05T16:14:17.789+05:30 DEBUG 16000 --- [patient-registry] [restartedMain] o.s.b.f.s.DefaultListableBeanFactory     : Creating shared instance of singleton bean 'org.springframework.boot.autoconfigure.context.PropertyPlaceholderAutoConfiguration'
2026-08-05T16:14:17.790+05:30 DEBUG 16000 --- [patient-registry] [restartedMain] o.s.b.f.s.DefaultListableBeanFactory     : Creating shared instance of singleton bean 'org.springframework.boot.webmvc.autoconfigure.DispatcherServletAutoConfiguration'
2026-08-05T16:14:17.791+05:30 DEBUG 16000 --- [patient-registry] [restartedMain] o.s.b.f.s.DefaultListableBeanFactory     : Creating shared instance of singleton bean 'org.springframework.boot.autoconfigure.task.TaskExecutorConfigurations$SimpleAsyncTaskExecutorBuilderConfiguration'
2026-08-05T16:14:17.793+05:30 DEBUG 16000 --- [patient-registry] [restartedMain] o.s.b.f.s.DefaultListableBeanFactory     : Autowiring by type from bean name 'org.springframework.boot.autoconfigure.task.TaskExecutorConfigurations$SimpleAsyncTaskExecutorBuilderConfiguration' via constructor to bean named 'spring.task.execution-org.springframework.boot.autoconfigure.task.TaskExecutionProperties'
2026-08-05T16:14:17.794+05:30 DEBUG 16000 --- [patient-registry] [restartedMain] o.s.b.f.s.DefaultListableBeanFactory     : Creating shared instance of singleton bean 'simpleAsyncTaskExecutorBuilder'
2026-08-05T16:14:17.798+05:30 DEBUG 16000 --- [patient-registry] [restartedMain] o.s.b.f.s.DefaultListableBeanFactory     : Creating shared instance of singleton bean 'org.springframework.boot.autoconfigure.task.TaskExecutorConfigurations$AsyncConfigurerConfiguration'
2026-08-05T16:14:17.798+05:30 DEBUG 16000 --- [patient-registry] [restartedMain] o.s.b.f.s.DefaultListableBeanFactory     : Creating shared instance of singleton bean 'applicationTaskExecutorAsyncConfigurer'
2026-08-05T16:14:17.799+05:30 DEBUG 16000 --- [patient-registry] [restartedMain] o.s.b.f.s.DefaultListableBeanFactory     : Autowiring by type from bean name 'applicationTaskExecutorAsyncConfigurer' via factory method to bean named 'org.springframework.beans.factory.support.DefaultListableBeanFactory@2a64a3dd'
2026-08-05T16:14:17.801+05:30 DEBUG 16000 --- [patient-registry] [restartedMain] o.s.b.f.s.DefaultListableBeanFactory     : Creating shared instance of singleton bean 'org.springframework.boot.autoconfigure.task.TaskExecutorConfigurations$BootstrapExecutorConfiguration'
2026-08-05T16:14:17.801+05:30 DEBUG 16000 --- [patient-registry] [restartedMain] o.s.b.f.s.DefaultListableBeanFactory     : Creating shared instance of singleton bean 'org.springframework.boot.autoconfigure.task.TaskExecutionAutoConfiguration'
2026-08-05T16:14:17.802+05:30 DEBUG 16000 --- [patient-registry] [restartedMain] o.s.b.f.s.DefaultListableBeanFactory     : Creating shared instance of singleton bean 'org.springframework.boot.validation.autoconfigure.ValidationAutoConfiguration'
2026-08-05T16:14:17.803+05:30 DEBUG 16000 --- [patient-registry] [restartedMain] o.s.b.f.s.DefaultListableBeanFactory     : Creating shared instance of singleton bean 'defaultValidator'
2026-08-05T16:14:17.804+05:30 DEBUG 16000 --- [patient-registry] [restartedMain] o.s.b.f.s.DefaultListableBeanFactory     : Autowiring by type from bean name 'defaultValidator' via factory method to bean named 'org.springframework.boot.web.server.servlet.context.AnnotationConfigServletWebServerApplicationContext@7b87e222'
2026-08-05T16:14:17.816+05:30 DEBUG 16000 --- [patient-registry] [restartedMain] o.s.b.f.s.DefaultListableBeanFactory     : Creating shared instance of singleton bean 'org.springframework.boot.webmvc.autoconfigure.error.ErrorMvcAutoConfiguration$WhitelabelErrorViewConfiguration'
2026-08-05T16:14:17.819+05:30 DEBUG 16000 --- [patient-registry] [restartedMain] o.s.b.f.s.DefaultListableBeanFactory     : Creating shared instance of singleton bean 'error'
2026-08-05T16:14:17.821+05:30 DEBUG 16000 --- [patient-registry] [restartedMain] o.s.b.f.s.DefaultListableBeanFactory     : Creating shared instance of singleton bean 'beanNameViewResolver'
2026-08-05T16:14:17.823+05:30 DEBUG 16000 --- [patient-registry] [restartedMain] o.s.b.f.s.DefaultListableBeanFactory     : Creating shared instance of singleton bean 'org.springframework.boot.webmvc.autoconfigure.error.ErrorMvcAutoConfiguration$DefaultErrorViewResolverConfiguration'
2026-08-05T16:14:17.824+05:30 DEBUG 16000 --- [patient-registry] [restartedMain] o.s.b.f.s.DefaultListableBeanFactory     : Autowiring by type from bean name 'org.springframework.boot.webmvc.autoconfigure.error.ErrorMvcAutoConfiguration$DefaultErrorViewResolverConfiguration' via constructor to bean named 'org.springframework.boot.web.server.servlet.context.AnnotationConfigServletWebServerApplicationContext@7b87e222'
2026-08-05T16:14:17.824+05:30 DEBUG 16000 --- [patient-registry] [restartedMain] o.s.b.f.s.DefaultListableBeanFactory     : Autowiring by type from bean name 'org.springframework.boot.webmvc.autoconfigure.error.ErrorMvcAutoConfiguration$DefaultErrorViewResolverConfiguration' via constructor to bean named 'spring.web-org.springframework.boot.autoconfigure.web.WebProperties'
2026-08-05T16:14:17.825+05:30 DEBUG 16000 --- [patient-registry] [restartedMain] o.s.b.f.s.DefaultListableBeanFactory     : Creating shared instance of singleton bean 'conventionErrorViewResolver'
2026-08-05T16:14:17.826+05:30 DEBUG 16000 --- [patient-registry] [restartedMain] o.s.b.f.s.DefaultListableBeanFactory     : Creating shared instance of singleton bean 'errorAttributes'
2026-08-05T16:14:17.829+05:30 DEBUG 16000 --- [patient-registry] [restartedMain] o.s.b.f.s.DefaultListableBeanFactory     : Creating shared instance of singleton bean 'basicErrorController'
2026-08-05T16:14:17.829+05:30 DEBUG 16000 --- [patient-registry] [restartedMain] o.s.b.f.s.DefaultListableBeanFactory     : Autowiring by type from bean name 'basicErrorController' via factory method to bean named 'errorAttributes'
2026-08-05T16:14:17.833+05:30 DEBUG 16000 --- [patient-registry] [restartedMain] o.s.b.f.s.DefaultListableBeanFactory     : Creating shared instance of singleton bean 'org.springframework.boot.webmvc.autoconfigure.WebMvcAutoConfiguration$EnableWebMvcConfiguration'
2026-08-05T16:14:17.836+05:30 DEBUG 16000 --- [patient-registry] [restartedMain] o.s.b.f.s.DefaultListableBeanFactory     : Autowiring by type from bean name 'org.springframework.boot.webmvc.autoconfigure.WebMvcAutoConfiguration$EnableWebMvcConfiguration' via constructor to bean named 'spring.mvc-org.springframework.boot.webmvc.autoconfigure.WebMvcProperties'
2026-08-05T16:14:17.836+05:30 DEBUG 16000 --- [patient-registry] [restartedMain] o.s.b.f.s.DefaultListableBeanFactory     : Autowiring by type from bean name 'org.springframework.boot.webmvc.autoconfigure.WebMvcAutoConfiguration$EnableWebMvcConfiguration' via constructor to bean named 'spring.web-org.springframework.boot.autoconfigure.web.WebProperties'
2026-08-05T16:14:17.836+05:30 DEBUG 16000 --- [patient-registry] [restartedMain] o.s.b.f.s.DefaultListableBeanFactory     : Autowiring by type from bean name 'org.springframework.boot.webmvc.autoconfigure.WebMvcAutoConfiguration$EnableWebMvcConfiguration' via constructor to bean named 'org.springframework.beans.factory.support.DefaultListableBeanFactory@2a64a3dd'
2026-08-05T16:14:17.841+05:30 DEBUG 16000 --- [patient-registry] [restartedMain] o.s.b.f.s.DefaultListableBeanFactory     : Creating shared instance of singleton bean 'org.springframework.boot.webmvc.autoconfigure.WebMvcAutoConfiguration$WebMvcAutoConfigurationAdapter'
2026-08-05T16:14:17.843+05:30 DEBUG 16000 --- [patient-registry] [restartedMain] o.s.b.f.s.DefaultListableBeanFactory     : Autowiring by type from bean name 'org.springframework.boot.webmvc.autoconfigure.WebMvcAutoConfiguration$WebMvcAutoConfigurationAdapter' via constructor to bean named 'spring.web-org.springframework.boot.autoconfigure.web.WebProperties'
2026-08-05T16:14:17.843+05:30 DEBUG 16000 --- [patient-registry] [restartedMain] o.s.b.f.s.DefaultListableBeanFactory     : Autowiring by type from bean name 'org.springframework.boot.webmvc.autoconfigure.WebMvcAutoConfiguration$WebMvcAutoConfigurationAdapter' via constructor to bean named 'spring.mvc-org.springframework.boot.webmvc.autoconfigure.WebMvcProperties'
2026-08-05T16:14:17.844+05:30 DEBUG 16000 --- [patient-registry] [restartedMain] o.s.b.f.s.DefaultListableBeanFactory     : Autowiring by type from bean name 'org.springframework.boot.webmvc.autoconfigure.WebMvcAutoConfiguration$WebMvcAutoConfigurationAdapter' via constructor to bean named 'org.springframework.beans.factory.support.DefaultListableBeanFactory@2a64a3dd'
2026-08-05T16:14:17.844+05:30 DEBUG 16000 --- [patient-registry] [restartedMain] o.s.b.f.s.DefaultListableBeanFactory     : Creating shared instance of singleton bean 'resourceHandlerRegistrationCustomizer'
2026-08-05T16:14:17.845+05:30 DEBUG 16000 --- [patient-registry] [restartedMain] o.s.b.f.s.DefaultListableBeanFactory     : Creating shared instance of singleton bean 'org.springframework.boot.webmvc.autoconfigure.WebMvcAutoConfiguration$ResourceChainCustomizerConfiguration'
2026-08-05T16:14:17.846+05:30 DEBUG 16000 --- [patient-registry] [restartedMain] o.s.b.f.s.DefaultListableBeanFactory     : Autowiring by type from bean name 'resourceHandlerRegistrationCustomizer' via factory method to bean named 'spring.web-org.springframework.boot.autoconfigure.web.WebProperties'
2026-08-05T16:14:17.849+05:30 DEBUG 16000 --- [patient-registry] [restartedMain] o.s.b.f.s.DefaultListableBeanFactory     : Creating shared instance of singleton bean 'swaggerWebMvcConfigurer'
2026-08-05T16:14:17.849+05:30 DEBUG 16000 --- [patient-registry] [restartedMain] o.s.b.f.s.DefaultListableBeanFactory     : Creating shared instance of singleton bean 'org.springdoc.webmvc.ui.SwaggerConfig'
2026-08-05T16:14:17.850+05:30 DEBUG 16000 --- [patient-registry] [restartedMain] o.s.b.f.s.DefaultListableBeanFactory     : Creating shared instance of singleton bean 'org.springdoc.core.properties.SwaggerUiConfigProperties'
2026-08-05T16:14:17.864+05:30 DEBUG 16000 --- [patient-registry] [restartedMain] o.s.b.f.s.DefaultListableBeanFactory     : Creating shared instance of singleton bean 'indexPageTransformer'
2026-08-05T16:14:17.866+05:30 DEBUG 16000 --- [patient-registry] [restartedMain] o.s.b.f.s.DefaultListableBeanFactory     : Creating shared instance of singleton bean 'org.springdoc.core.properties.SwaggerUiOAuthProperties'
2026-08-05T16:14:17.869+05:30 DEBUG 16000 --- [patient-registry] [restartedMain] o.s.b.f.s.DefaultListableBeanFactory     : Creating shared instance of singleton bean 'swaggerWelcome'
2026-08-05T16:14:17.871+05:30 DEBUG 16000 --- [patient-registry] [restartedMain] o.s.b.f.s.DefaultListableBeanFactory     : Creating shared instance of singleton bean 'org.springdoc.core.properties.SpringDocConfigProperties'
2026-08-05T16:14:17.878+05:30 DEBUG 16000 --- [patient-registry] [restartedMain] o.s.b.f.s.DefaultListableBeanFactory     : Autowiring by type from bean name 'swaggerWelcome' via factory method to bean named 'org.springdoc.core.properties.SwaggerUiConfigProperties'
2026-08-05T16:14:17.879+05:30 DEBUG 16000 --- [patient-registry] [restartedMain] o.s.b.f.s.DefaultListableBeanFactory     : Autowiring by type from bean name 'swaggerWelcome' via factory method to bean named 'org.springdoc.core.properties.SpringDocConfigProperties'
2026-08-05T16:14:17.945+05:30 DEBUG 16000 --- [patient-registry] [restartedMain] o.s.b.f.s.DefaultListableBeanFactory     : Creating shared instance of singleton bean 'springdocObjectMapperProvider'
2026-08-05T16:14:17.946+05:30 DEBUG 16000 --- [patient-registry] [restartedMain] o.s.b.f.s.DefaultListableBeanFactory     : Creating shared instance of singleton bean 'org.springdoc.core.configuration.SpringDocConfiguration'
2026-08-05T16:14:17.955+05:30 DEBUG 16000 --- [patient-registry] [restartedMain] o.s.b.f.s.DefaultListableBeanFactory     : Autowiring by type from bean name 'springdocObjectMapperProvider' via factory method to bean named 'org.springdoc.core.properties.SpringDocConfigProperties'
2026-08-05T16:14:18.012+05:30 DEBUG 16000 --- [patient-registry] [restartedMain] o.s.b.f.s.DefaultListableBeanFactory     : Autowiring by type from bean name 'indexPageTransformer' via factory method to bean named 'org.springdoc.core.properties.SwaggerUiConfigProperties'
2026-08-05T16:14:18.012+05:30 DEBUG 16000 --- [patient-registry] [restartedMain] o.s.b.f.s.DefaultListableBeanFactory     : Autowiring by type from bean name 'indexPageTransformer' via factory method to bean named 'org.springdoc.core.properties.SwaggerUiOAuthProperties'
2026-08-05T16:14:18.013+05:30 DEBUG 16000 --- [patient-registry] [restartedMain] o.s.b.f.s.DefaultListableBeanFactory     : Autowiring by type from bean name 'indexPageTransformer' via factory method to bean named 'swaggerWelcome'
2026-08-05T16:14:18.014+05:30 DEBUG 16000 --- [patient-registry] [restartedMain] o.s.b.f.s.DefaultListableBeanFactory     : Autowiring by type from bean name 'indexPageTransformer' via factory method to bean named 'springdocObjectMapperProvider'
2026-08-05T16:14:18.017+05:30 DEBUG 16000 --- [patient-registry] [restartedMain] o.s.b.f.s.DefaultListableBeanFactory     : Creating shared instance of singleton bean 'swaggerResourceResolver'
2026-08-05T16:14:18.018+05:30 DEBUG 16000 --- [patient-registry] [restartedMain] o.s.b.f.s.DefaultListableBeanFactory     : Autowiring by type from bean name 'swaggerResourceResolver' via factory method to bean named 'org.springdoc.core.properties.SwaggerUiConfigProperties'
2026-08-05T16:14:18.023+05:30 DEBUG 16000 --- [patient-registry] [restartedMain] o.s.b.f.s.DefaultListableBeanFactory     : Autowiring by type from bean name 'swaggerWebMvcConfigurer' via factory method to bean named 'org.springdoc.core.properties.SwaggerUiConfigProperties'
2026-08-05T16:14:18.023+05:30 DEBUG 16000 --- [patient-registry] [restartedMain] o.s.b.f.s.DefaultListableBeanFactory     : Autowiring by type from bean name 'swaggerWebMvcConfigurer' via factory method to bean named 'spring.web-org.springframework.boot.autoconfigure.web.WebProperties'
2026-08-05T16:14:18.023+05:30 DEBUG 16000 --- [patient-registry] [restartedMain] o.s.b.f.s.DefaultListableBeanFactory     : Autowiring by type from bean name 'swaggerWebMvcConfigurer' via factory method to bean named 'spring.mvc-org.springframework.boot.webmvc.autoconfigure.WebMvcProperties'
2026-08-05T16:14:18.024+05:30 DEBUG 16000 --- [patient-registry] [restartedMain] o.s.b.f.s.DefaultListableBeanFactory     : Autowiring by type from bean name 'swaggerWebMvcConfigurer' via factory method to bean named 'indexPageTransformer'
2026-08-05T16:14:18.024+05:30 DEBUG 16000 --- [patient-registry] [restartedMain] o.s.b.f.s.DefaultListableBeanFactory     : Autowiring by type from bean name 'swaggerWebMvcConfigurer' via factory method to bean named 'swaggerResourceResolver'
2026-08-05T16:14:18.024+05:30 DEBUG 16000 --- [patient-registry] [restartedMain] o.s.b.f.s.DefaultListableBeanFactory     : Autowiring by type from bean name 'swaggerWebMvcConfigurer' via factory method to bean named 'swaggerWelcome'
2026-08-05T16:14:18.029+05:30 DEBUG 16000 --- [patient-registry] [restartedMain] o.s.b.f.s.DefaultListableBeanFactory     : Creating shared instance of singleton bean 'org.springframework.data.web.config.SpringDataWebConfiguration'
2026-08-05T16:14:18.031+05:30 DEBUG 16000 --- [patient-registry] [restartedMain] o.s.b.f.s.DefaultListableBeanFactory     : Autowiring by type from bean name 'org.springframework.data.web.config.SpringDataWebConfiguration' via constructor to bean named 'org.springframework.boot.web.server.servlet.context.AnnotationConfigServletWebServerApplicationContext@7b87e222'
2026-08-05T16:14:18.037+05:30 DEBUG 16000 --- [patient-registry] [restartedMain] o.s.b.f.s.DefaultListableBeanFactory     : Creating shared instance of singleton bean 'openEntityManagerInViewInterceptorConfigurer'
2026-08-05T16:14:18.038+05:30 DEBUG 16000 --- [patient-registry] [restartedMain] o.s.b.f.s.DefaultListableBeanFactory     : Creating shared instance of singleton bean 'org.springframework.boot.jpa.autoconfigure.JpaBaseConfiguration$JpaWebConfiguration'
2026-08-05T16:14:18.040+05:30 DEBUG 16000 --- [patient-registry] [restartedMain] o.s.b.f.s.DefaultListableBeanFactory     : Autowiring by type from bean name 'org.springframework.boot.jpa.autoconfigure.JpaBaseConfiguration$JpaWebConfiguration' via constructor to bean named 'spring.jpa-org.springframework.boot.jpa.autoconfigure.JpaProperties'
2026-08-05T16:14:18.041+05:30 DEBUG 16000 --- [patient-registry] [restartedMain] o.s.b.f.s.DefaultListableBeanFactory     : Creating shared instance of singleton bean 'openEntityManagerInViewInterceptor'
2026-08-05T16:14:18.042+05:30  WARN 16000 --- [patient-registry] [restartedMain] JpaBaseConfiguration$JpaWebConfiguration : spring.jpa.open-in-view is enabled by default. Therefore, database queries may be performed during view rendering. Explicitly configure spring.jpa.open-in-view to disable this warning
2026-08-05T16:14:18.048+05:30 DEBUG 16000 --- [patient-registry] [restartedMain] o.s.b.f.s.DefaultListableBeanFactory     : Autowiring by type from bean name 'openEntityManagerInViewInterceptorConfigurer' via factory method to bean named 'openEntityManagerInViewInterceptor'
2026-08-05T16:14:18.053+05:30 DEBUG 16000 --- [patient-registry] [restartedMain] o.s.b.f.s.DefaultListableBeanFactory     : Creating shared instance of singleton bean 'welcomePageHandlerMapping'
2026-08-05T16:14:18.054+05:30 DEBUG 16000 --- [patient-registry] [restartedMain] o.s.b.f.s.DefaultListableBeanFactory     : Creating shared instance of singleton bean 'mvcConversionService'
2026-08-05T16:14:18.072+05:30 DEBUG 16000 --- [patient-registry] [restartedMain] o.s.b.f.s.DefaultListableBeanFactory     : Creating shared instance of singleton bean 'mvcResourceUrlProvider'
2026-08-05T16:14:18.075+05:30 DEBUG 16000 --- [patient-registry] [restartedMain] o.s.b.f.s.DefaultListableBeanFactory     : Autowiring by type from bean name 'welcomePageHandlerMapping' via factory method to bean named 'org.springframework.boot.web.server.servlet.context.AnnotationConfigServletWebServerApplicationContext@7b87e222'
2026-08-05T16:14:18.075+05:30 DEBUG 16000 --- [patient-registry] [restartedMain] o.s.b.f.s.DefaultListableBeanFactory     : Autowiring by type from bean name 'welcomePageHandlerMapping' via factory method to bean named 'mvcConversionService'
2026-08-05T16:14:18.076+05:30 DEBUG 16000 --- [patient-registry] [restartedMain] o.s.b.f.s.DefaultListableBeanFactory     : Autowiring by type from bean name 'welcomePageHandlerMapping' via factory method to bean named 'mvcResourceUrlProvider'
2026-08-05T16:14:18.097+05:30 DEBUG 16000 --- [patient-registry] [restartedMain] o.s.b.f.s.DefaultListableBeanFactory     : Creating shared instance of singleton bean 'welcomePageNotAcceptableHandlerMapping'
2026-08-05T16:14:18.098+05:30 DEBUG 16000 --- [patient-registry] [restartedMain] o.s.b.f.s.DefaultListableBeanFactory     : Autowiring by type from bean name 'welcomePageNotAcceptableHandlerMapping' via factory method to bean named 'org.springframework.boot.web.server.servlet.context.AnnotationConfigServletWebServerApplicationContext@7b87e222'
2026-08-05T16:14:18.098+05:30 DEBUG 16000 --- [patient-registry] [restartedMain] o.s.b.f.s.DefaultListableBeanFactory     : Autowiring by type from bean name 'welcomePageNotAcceptableHandlerMapping' via factory method to bean named 'mvcConversionService'
2026-08-05T16:14:18.098+05:30 DEBUG 16000 --- [patient-registry] [restartedMain] o.s.b.f.s.DefaultListableBeanFactory     : Autowiring by type from bean name 'welcomePageNotAcceptableHandlerMapping' via factory method to bean named 'mvcResourceUrlProvider'
2026-08-05T16:14:18.103+05:30 DEBUG 16000 --- [patient-registry] [restartedMain] o.s.b.f.s.DefaultListableBeanFactory     : Creating shared instance of singleton bean 'localeResolver'
2026-08-05T16:14:18.106+05:30 DEBUG 16000 --- [patient-registry] [restartedMain] o.s.b.f.s.DefaultListableBeanFactory     : Creating shared instance of singleton bean 'flashMapManager'
2026-08-05T16:14:18.111+05:30 DEBUG 16000 --- [patient-registry] [restartedMain] o.s.b.f.s.DefaultListableBeanFactory     : Creating shared instance of singleton bean 'viewNameTranslator'
2026-08-05T16:14:18.114+05:30 DEBUG 16000 --- [patient-registry] [restartedMain] o.s.b.f.s.DefaultListableBeanFactory     : Creating shared instance of singleton bean 'mvcValidator'
2026-08-05T16:14:18.117+05:30 DEBUG 16000 --- [patient-registry] [restartedMain] o.s.b.f.s.DefaultListableBeanFactory     : Creating shared instance of singleton bean 'requestMappingHandlerMapping'
2026-08-05T16:14:18.119+05:30 DEBUG 16000 --- [patient-registry] [restartedMain] o.s.b.f.s.DefaultListableBeanFactory     : Creating shared instance of singleton bean 'mvcContentNegotiationManager'
2026-08-05T16:14:18.124+05:30 DEBUG 16000 --- [patient-registry] [restartedMain] o.s.b.f.s.DefaultListableBeanFactory     : Creating shared instance of singleton bean 'stringHttpMessageConvertersCustomizer'
2026-08-05T16:14:18.125+05:30 DEBUG 16000 --- [patient-registry] [restartedMain] o.s.b.f.s.DefaultListableBeanFactory     : Creating shared instance of singleton bean 'org.springframework.boot.http.converter.autoconfigure.HttpMessageConvertersAutoConfiguration$StringHttpMessageConverterConfiguration'
2026-08-05T16:14:18.126+05:30 DEBUG 16000 --- [patient-registry] [restartedMain] o.s.b.f.s.DefaultListableBeanFactory     : Creating shared instance of singleton bean 'spring.http.converters-org.springframework.boot.http.converter.autoconfigure.HttpMessageConvertersProperties'
2026-08-05T16:14:18.128+05:30 DEBUG 16000 --- [patient-registry] [restartedMain] o.s.b.f.s.DefaultListableBeanFactory     : Autowiring by type from bean name 'stringHttpMessageConvertersCustomizer' via factory method to bean named 'spring.http.converters-org.springframework.boot.http.converter.autoconfigure.HttpMessageConvertersProperties'
2026-08-05T16:14:18.129+05:30 DEBUG 16000 --- [patient-registry] [restartedMain] o.s.b.f.s.DefaultListableBeanFactory     : Creating shared instance of singleton bean 'jacksonJsonHttpMessageConvertersCustomizer'
2026-08-05T16:14:18.129+05:30 DEBUG 16000 --- [patient-registry] [restartedMain] o.s.b.f.s.DefaultListableBeanFactory     : Creating shared instance of singleton bean 'org.springframework.boot.http.converter.autoconfigure.JacksonHttpMessageConvertersConfiguration$JacksonJsonHttpMessageConverterConfiguration'
2026-08-05T16:14:18.131+05:30 DEBUG 16000 --- [patient-registry] [restartedMain] o.s.b.f.s.DefaultListableBeanFactory     : Creating shared instance of singleton bean 'jacksonJsonMapper'
2026-08-05T16:14:18.131+05:30 DEBUG 16000 --- [patient-registry] [restartedMain] o.s.b.f.s.DefaultListableBeanFactory     : Creating shared instance of singleton bean 'org.springframework.boot.jackson.autoconfigure.JacksonAutoConfiguration'
2026-08-05T16:14:18.133+05:30 DEBUG 16000 --- [patient-registry] [restartedMain] o.s.b.f.s.DefaultListableBeanFactory     : Creating shared instance of singleton bean 'problemDetailJsonMapperBuilderCustomizer'
2026-08-05T16:14:18.133+05:30 DEBUG 16000 --- [patient-registry] [restartedMain] o.s.b.f.s.DefaultListableBeanFactory     : Creating shared instance of singleton bean 'org.springframework.boot.jackson.autoconfigure.JacksonAutoConfiguration$JsonProblemDetailsConfiguration'
2026-08-05T16:14:18.134+05:30 DEBUG 16000 --- [patient-registry] [restartedMain] o.s.b.f.s.DefaultListableBeanFactory     : Creating shared instance of singleton bean 'standardJsonMapperBuilderCustomizer'
2026-08-05T16:14:18.135+05:30 DEBUG 16000 --- [patient-registry] [restartedMain] o.s.b.f.s.DefaultListableBeanFactory     : Creating shared instance of singleton bean 'org.springframework.boot.jackson.autoconfigure.JacksonAutoConfiguration$JacksonJsonMapperBuilderCustomizerConfiguration'
2026-08-05T16:14:18.136+05:30 DEBUG 16000 --- [patient-registry] [restartedMain] o.s.b.f.s.DefaultListableBeanFactory     : Creating shared instance of singleton bean 'spring.jackson-org.springframework.boot.jackson.autoconfigure.JacksonProperties'
2026-08-05T16:14:18.139+05:30 DEBUG 16000 --- [patient-registry] [restartedMain] o.s.b.f.s.DefaultListableBeanFactory     : Autowiring by type from bean name 'standardJsonMapperBuilderCustomizer' via factory method to bean named 'spring.jackson-org.springframework.boot.jackson.autoconfigure.JacksonProperties'
2026-08-05T16:14:18.141+05:30 DEBUG 16000 --- [patient-registry] [restartedMain] o.s.b.f.s.DefaultListableBeanFactory     : Creating shared instance of singleton bean 'jackson3GeoModule'
2026-08-05T16:14:18.141+05:30 DEBUG 16000 --- [patient-registry] [restartedMain] o.s.b.f.s.DefaultListableBeanFactory     : Creating shared instance of singleton bean 'org.springframework.data.web.config.SpringDataJackson3Configuration'
2026-08-05T16:14:18.142+05:30 DEBUG 16000 --- [patient-registry] [restartedMain] o.s.b.f.s.DefaultListableBeanFactory     : Creating shared instance of singleton bean 'springDataWebSettings'
2026-08-05T16:14:18.142+05:30 DEBUG 16000 --- [patient-registry] [restartedMain] o.s.b.f.s.DefaultListableBeanFactory     : Creating shared instance of singleton bean 'org.springframework.boot.data.autoconfigure.web.DataWebAutoConfiguration'
2026-08-05T16:14:18.143+05:30 DEBUG 16000 --- [patient-registry] [restartedMain] o.s.b.f.s.DefaultListableBeanFactory     : Creating shared instance of singleton bean 'spring.data.web-org.springframework.boot.data.autoconfigure.web.DataWebProperties'
2026-08-05T16:14:18.144+05:30 DEBUG 16000 --- [patient-registry] [restartedMain] o.s.b.f.s.DefaultListableBeanFactory     : Autowiring by type from bean name 'org.springframework.boot.data.autoconfigure.web.DataWebAutoConfiguration' via constructor to bean named 'spring.data.web-org.springframework.boot.data.autoconfigure.web.DataWebProperties'
2026-08-05T16:14:18.169+05:30 DEBUG 16000 --- [patient-registry] [restartedMain] o.s.b.f.s.DefaultListableBeanFactory     : Creating shared instance of singleton bean 'jackson3pageModule'
2026-08-05T16:14:18.174+05:30 DEBUG 16000 --- [patient-registry] [restartedMain] o.s.b.f.s.DefaultListableBeanFactory     : Creating shared instance of singleton bean 'jacksonMixinModule'
2026-08-05T16:14:18.175+05:30 DEBUG 16000 --- [patient-registry] [restartedMain] o.s.b.f.s.DefaultListableBeanFactory     : Creating shared instance of singleton bean 'org.springframework.boot.jackson.autoconfigure.JacksonAutoConfiguration$JacksonMixinConfiguration'
2026-08-05T16:14:18.177+05:30 DEBUG 16000 --- [patient-registry] [restartedMain] o.s.b.f.s.DefaultListableBeanFactory     : Creating shared instance of singleton bean 'jacksonMixinModuleEntries'
2026-08-05T16:14:18.177+05:30 DEBUG 16000 --- [patient-registry] [restartedMain] o.s.b.f.s.DefaultListableBeanFactory     : Autowiring by type from bean name 'jacksonMixinModuleEntries' via factory method to bean named 'org.springframework.boot.web.server.servlet.context.AnnotationConfigServletWebServerApplicationContext@7b87e222'
2026-08-05T16:14:18.186+05:30 DEBUG 16000 --- [patient-registry] [restartedMain] o.s.b.f.s.DefaultListableBeanFactory     : Autowiring by type from bean name 'jacksonMixinModule' via factory method to bean named 'org.springframework.boot.web.server.servlet.context.AnnotationConfigServletWebServerApplicationContext@7b87e222'
2026-08-05T16:14:18.186+05:30 DEBUG 16000 --- [patient-registry] [restartedMain] o.s.b.f.s.DefaultListableBeanFactory     : Autowiring by type from bean name 'jacksonMixinModule' via factory method to bean named 'jacksonMixinModuleEntries'
2026-08-05T16:14:18.194+05:30 DEBUG 16000 --- [patient-registry] [restartedMain] o.s.b.f.s.DefaultListableBeanFactory     : Creating shared instance of singleton bean 'jsonComponentModule'
2026-08-05T16:14:18.200+05:30 DEBUG 16000 --- [patient-registry] [restartedMain] o.s.b.f.s.DefaultListableBeanFactory     : Autowiring by type from bean name 'jsonMapperBuilder' via factory method to bean named 'problemDetailJsonMapperBuilderCustomizer'
2026-08-05T16:14:18.200+05:30 DEBUG 16000 --- [patient-registry] [restartedMain] o.s.b.f.s.DefaultListableBeanFactory     : Autowiring by type from bean name 'jsonMapperBuilder' via factory method to bean named 'standardJsonMapperBuilderCustomizer'
2026-08-05T16:14:18.261+05:30 DEBUG 16000 --- [patient-registry] [restartedMain] o.s.b.f.s.DefaultListableBeanFactory     : Autowiring by type from bean name 'jacksonJsonMapper' via factory method to bean named 'jsonMapperBuilder'
2026-08-05T16:14:18.294+05:30 DEBUG 16000 --- [patient-registry] [restartedMain] o.s.b.f.s.DefaultListableBeanFactory     : Autowiring by type from bean name 'jacksonJsonHttpMessageConvertersCustomizer' via factory method to bean named 'jacksonJsonMapper'
2026-08-05T16:14:18.296+05:30 DEBUG 16000 --- [patient-registry] [restartedMain] o.s.b.f.s.DefaultListableBeanFactory     : Creating shared instance of singleton bean 'serverConvertersCustomizer'
2026-08-05T16:14:18.296+05:30 DEBUG 16000 --- [patient-registry] [restartedMain] o.s.b.f.s.DefaultListableBeanFactory     : Creating shared instance of singleton bean 'org.springframework.boot.http.converter.autoconfigure.HttpMessageConvertersAutoConfiguration'
2026-08-05T16:14:18.316+05:30 DEBUG 16000 --- [patient-registry] [restartedMain] o.s.b.f.s.DefaultListableBeanFactory     : Creating shared instance of singleton bean 'mvcApiVersionStrategy'
2026-08-05T16:14:18.331+05:30 DEBUG 16000 --- [patient-registry] [restartedMain] o.s.b.f.s.DefaultListableBeanFactory     : Autowiring by type from bean name 'requestMappingHandlerMapping' via factory method to bean named 'mvcContentNegotiationManager'
2026-08-05T16:14:18.331+05:30 DEBUG 16000 --- [patient-registry] [restartedMain] o.s.b.f.s.DefaultListableBeanFactory     : Autowiring by type from bean name 'requestMappingHandlerMapping' via factory method to bean named 'mvcApiVersionStrategy'
2026-08-05T16:14:18.331+05:30 DEBUG 16000 --- [patient-registry] [restartedMain] o.s.b.f.s.DefaultListableBeanFactory     : Autowiring by type from bean name 'requestMappingHandlerMapping' via factory method to bean named 'mvcConversionService'
2026-08-05T16:14:18.331+05:30 DEBUG 16000 --- [patient-registry] [restartedMain] o.s.b.f.s.DefaultListableBeanFactory     : Autowiring by type from bean name 'requestMappingHandlerMapping' via factory method to bean named 'mvcResourceUrlProvider'
2026-08-05T16:14:18.429+05:30 DEBUG 16000 --- [patient-registry] [restartedMain] s.w.s.m.m.a.RequestMappingHandlerMapping : 7 mappings in 'requestMappingHandlerMapping'
2026-08-05T16:14:18.435+05:30 DEBUG 16000 --- [patient-registry] [restartedMain] o.s.b.f.s.DefaultListableBeanFactory     : Creating shared instance of singleton bean 'mvcPatternParser'
2026-08-05T16:14:18.436+05:30 DEBUG 16000 --- [patient-registry] [restartedMain] o.s.b.f.s.DefaultListableBeanFactory     : Creating shared instance of singleton bean 'mvcUrlPathHelper'
2026-08-05T16:14:18.438+05:30 DEBUG 16000 --- [patient-registry] [restartedMain] o.s.b.f.s.DefaultListableBeanFactory     : Creating shared instance of singleton bean 'mvcPathMatcher'
2026-08-05T16:14:18.441+05:30 DEBUG 16000 --- [patient-registry] [restartedMain] o.s.b.f.s.DefaultListableBeanFactory     : Creating shared instance of singleton bean 'viewControllerHandlerMapping'
2026-08-05T16:14:18.445+05:30 DEBUG 16000 --- [patient-registry] [restartedMain] o.s.b.f.s.DefaultListableBeanFactory     : Autowiring by type from bean name 'viewControllerHandlerMapping' via factory method to bean named 'mvcConversionService'
2026-08-05T16:14:18.447+05:30 DEBUG 16000 --- [patient-registry] [restartedMain] o.s.b.f.s.DefaultListableBeanFactory     : Autowiring by type from bean name 'viewControllerHandlerMapping' via factory method to bean named 'mvcResourceUrlProvider'
2026-08-05T16:14:18.448+05:30 DEBUG 16000 --- [patient-registry] [restartedMain] o.s.b.f.s.DefaultListableBeanFactory     : Creating shared instance of singleton bean 'beanNameHandlerMapping'
2026-08-05T16:14:18.449+05:30 DEBUG 16000 --- [patient-registry] [restartedMain] o.s.b.f.s.DefaultListableBeanFactory     : Autowiring by type from bean name 'beanNameHandlerMapping' via factory method to bean named 'mvcConversionService'
2026-08-05T16:14:18.449+05:30 DEBUG 16000 --- [patient-registry] [restartedMain] o.s.b.f.s.DefaultListableBeanFactory     : Autowiring by type from bean name 'beanNameHandlerMapping' via factory method to bean named 'mvcResourceUrlProvider'
2026-08-05T16:14:18.454+05:30 DEBUG 16000 --- [patient-registry] [restartedMain] o.s.b.f.s.DefaultListableBeanFactory     : Creating shared instance of singleton bean 'routerFunctionMapping'
2026-08-05T16:14:18.458+05:30 DEBUG 16000 --- [patient-registry] [restartedMain] o.s.b.f.s.DefaultListableBeanFactory     : Autowiring by type from bean name 'routerFunctionMapping' via factory method to bean named 'mvcConversionService'
2026-08-05T16:14:18.458+05:30 DEBUG 16000 --- [patient-registry] [restartedMain] o.s.b.f.s.DefaultListableBeanFactory     : Autowiring by type from bean name 'routerFunctionMapping' via factory method to bean named 'mvcResourceUrlProvider'
2026-08-05T16:14:18.458+05:30 DEBUG 16000 --- [patient-registry] [restartedMain] o.s.b.f.s.DefaultListableBeanFactory     : Autowiring by type from bean name 'routerFunctionMapping' via factory method to bean named 'mvcApiVersionStrategy'
2026-08-05T16:14:18.467+05:30 DEBUG 16000 --- [patient-registry] [restartedMain] o.s.b.f.s.DefaultListableBeanFactory     : Creating shared instance of singleton bean 'resourceHandlerMapping'
2026-08-05T16:14:18.468+05:30 DEBUG 16000 --- [patient-registry] [restartedMain] o.s.b.f.s.DefaultListableBeanFactory     : Autowiring by type from bean name 'resourceHandlerMapping' via factory method to bean named 'mvcContentNegotiationManager'
2026-08-05T16:14:18.468+05:30 DEBUG 16000 --- [patient-registry] [restartedMain] o.s.b.f.s.DefaultListableBeanFactory     : Autowiring by type from bean name 'resourceHandlerMapping' via factory method to bean named 'mvcConversionService'
2026-08-05T16:14:18.468+05:30 DEBUG 16000 --- [patient-registry] [restartedMain] o.s.b.f.s.DefaultListableBeanFactory     : Autowiring by type from bean name 'resourceHandlerMapping' via factory method to bean named 'mvcResourceUrlProvider'
2026-08-05T16:14:18.510+05:30 DEBUG 16000 --- [patient-registry] [restartedMain] o.s.w.s.handler.SimpleUrlHandlerMapping  : Patterns [/webjars/**, /**, /swagger-ui/**, /swagger-ui/*swagger-initializer.js, /webjars/*swagger-ui/**, /webjars/*swagger-ui/*swagger-initializer.js, /webjars/*swagger-ui/5.32.0/*swagger-initializer.js] in 'resourceHandlerMapping'
2026-08-05T16:14:18.511+05:30 DEBUG 16000 --- [patient-registry] [restartedMain] o.s.b.f.s.DefaultListableBeanFactory     : Creating shared instance of singleton bean 'defaultServletHandlerMapping'
2026-08-05T16:14:18.512+05:30 DEBUG 16000 --- [patient-registry] [restartedMain] o.s.b.f.s.DefaultListableBeanFactory     : Creating shared instance of singleton bean 'requestMappingHandlerAdapter'
2026-08-05T16:14:18.513+05:30 DEBUG 16000 --- [patient-registry] [restartedMain] o.s.b.f.s.DefaultListableBeanFactory     : Autowiring by type from bean name 'requestMappingHandlerAdapter' via factory method to bean named 'mvcContentNegotiationManager'
2026-08-05T16:14:18.513+05:30 DEBUG 16000 --- [patient-registry] [restartedMain] o.s.b.f.s.DefaultListableBeanFactory     : Autowiring by type from bean name 'requestMappingHandlerAdapter' via factory method to bean named 'mvcConversionService'
2026-08-05T16:14:18.513+05:30 DEBUG 16000 --- [patient-registry] [restartedMain] o.s.b.f.s.DefaultListableBeanFactory     : Autowiring by type from bean name 'requestMappingHandlerAdapter' via factory method to bean named 'mvcValidator'
2026-08-05T16:14:18.523+05:30 DEBUG 16000 --- [patient-registry] [restartedMain] o.s.b.f.s.DefaultListableBeanFactory     : Creating shared instance of singleton bean 'sortResolver'
2026-08-05T16:14:18.524+05:30 DEBUG 16000 --- [patient-registry] [restartedMain] o.s.b.f.s.DefaultListableBeanFactory     : Creating shared instance of singleton bean 'sortCustomizer'
2026-08-05T16:14:18.527+05:30 DEBUG 16000 --- [patient-registry] [restartedMain] o.s.b.f.s.DefaultListableBeanFactory     : Creating shared instance of singleton bean 'pageableResolver'
2026-08-05T16:14:18.530+05:30 DEBUG 16000 --- [patient-registry] [restartedMain] o.s.b.f.s.DefaultListableBeanFactory     : Creating shared instance of singleton bean 'pageableCustomizer'
2026-08-05T16:14:18.543+05:30 DEBUG 16000 --- [patient-registry] [restartedMain] o.s.b.f.s.DefaultListableBeanFactory     : Creating shared instance of singleton bean 'org.springdoc.core.configuration.SpringDocConfiguration$OpenApiResourceAdvice'
2026-08-05T16:14:18.545+05:30 DEBUG 16000 --- [patient-registry] [restartedMain] o.s.b.f.s.DefaultListableBeanFactory     : Autowiring by type from bean name 'org.springdoc.core.configuration.SpringDocConfiguration$OpenApiResourceAdvice' via constructor to bean named 'org.springdoc.core.configuration.SpringDocConfiguration'
2026-08-05T16:14:18.553+05:30 DEBUG 16000 --- [patient-registry] [restartedMain] s.w.s.m.m.a.RequestMappingHandlerAdapter : ControllerAdvice beans: 0 @ModelAttribute, 0 @InitBinder, 2 RequestBodyAdvice, 1 ResponseBodyAdvice
2026-08-05T16:14:18.585+05:30 DEBUG 16000 --- [patient-registry] [restartedMain] o.s.b.f.s.DefaultListableBeanFactory     : Creating shared instance of singleton bean 'mvcViewResolver'
2026-08-05T16:14:18.586+05:30 DEBUG 16000 --- [patient-registry] [restartedMain] o.s.b.f.s.DefaultListableBeanFactory     : Autowiring by type from bean name 'mvcViewResolver' via factory method to bean named 'mvcContentNegotiationManager'
2026-08-05T16:14:18.590+05:30 DEBUG 16000 --- [patient-registry] [restartedMain] o.s.b.f.s.DefaultListableBeanFactory     : Creating shared instance of singleton bean 'defaultViewResolver'
2026-08-05T16:14:18.596+05:30 DEBUG 16000 --- [patient-registry] [restartedMain] o.s.b.f.s.DefaultListableBeanFactory     : Creating shared instance of singleton bean 'viewResolver'
2026-08-05T16:14:18.597+05:30 DEBUG 16000 --- [patient-registry] [restartedMain] o.s.b.f.s.DefaultListableBeanFactory     : Autowiring by type from bean name 'viewResolver' via factory method to bean named 'org.springframework.beans.factory.support.DefaultListableBeanFactory@2a64a3dd'
2026-08-05T16:14:18.599+05:30 DEBUG 16000 --- [patient-registry] [restartedMain] o.s.b.f.s.DefaultListableBeanFactory     : Creating shared instance of singleton bean 'viewResolver'
2026-08-05T16:14:18.608+05:30 DEBUG 16000 --- [patient-registry] [restartedMain] o.s.b.f.s.DefaultListableBeanFactory     : Creating shared instance of singleton bean 'handlerFunctionAdapter'
2026-08-05T16:14:18.611+05:30 DEBUG 16000 --- [patient-registry] [restartedMain] o.s.b.f.s.DefaultListableBeanFactory     : Creating shared instance of singleton bean 'mvcUriComponentsContributor'
2026-08-05T16:14:18.612+05:30 DEBUG 16000 --- [patient-registry] [restartedMain] o.s.b.f.s.DefaultListableBeanFactory     : Autowiring by type from bean name 'mvcUriComponentsContributor' via factory method to bean named 'mvcConversionService'
2026-08-05T16:14:18.612+05:30 DEBUG 16000 --- [patient-registry] [restartedMain] o.s.b.f.s.DefaultListableBeanFactory     : Autowiring by type from bean name 'mvcUriComponentsContributor' via factory method to bean named 'requestMappingHandlerAdapter'
2026-08-05T16:14:18.613+05:30 DEBUG 16000 --- [patient-registry] [restartedMain] o.s.b.f.s.DefaultListableBeanFactory     : Creating shared instance of singleton bean 'httpRequestHandlerAdapter'
2026-08-05T16:14:18.614+05:30 DEBUG 16000 --- [patient-registry] [restartedMain] o.s.b.f.s.DefaultListableBeanFactory     : Creating shared instance of singleton bean 'simpleControllerHandlerAdapter'
2026-08-05T16:14:18.615+05:30 DEBUG 16000 --- [patient-registry] [restartedMain] o.s.b.f.s.DefaultListableBeanFactory     : Creating shared instance of singleton bean 'handlerExceptionResolver'
2026-08-05T16:14:18.615+05:30 DEBUG 16000 --- [patient-registry] [restartedMain] o.s.b.f.s.DefaultListableBeanFactory     : Autowiring by type from bean name 'handlerExceptionResolver' via factory method to bean named 'mvcContentNegotiationManager'
2026-08-05T16:14:18.624+05:30 DEBUG 16000 --- [patient-registry] [restartedMain] .m.m.a.ExceptionHandlerExceptionResolver : ControllerAdvice beans: 2 @ExceptionHandler, 1 ResponseBodyAdvice
2026-08-05T16:14:18.629+05:30 DEBUG 16000 --- [patient-registry] [restartedMain] o.s.b.f.s.DefaultListableBeanFactory     : Creating shared instance of singleton bean 'org.springdoc.core.configuration.SpringDocConfiguration$QuerydslProvider'
2026-08-05T16:14:18.630+05:30 DEBUG 16000 --- [patient-registry] [restartedMain] o.s.b.f.s.DefaultListableBeanFactory     : Creating shared instance of singleton bean 'queryDslQuerydslPredicateOperationCustomizer'
2026-08-05T16:14:18.631+05:30 DEBUG 16000 --- [patient-registry] [restartedMain] o.s.b.f.s.DefaultListableBeanFactory     : Autowiring by type from bean name 'queryDslQuerydslPredicateOperationCustomizer' via factory method to bean named 'org.springdoc.core.properties.SpringDocConfigProperties'
2026-08-05T16:14:18.631+05:30 DEBUG 16000 --- [patient-registry] [restartedMain] o.s.b.f.s.DefaultListableBeanFactory     : Creating shared instance of singleton bean 'org.springdoc.core.configuration.SpringDocConfiguration$SpringDocSpringDataWebPropertiesProvider'
2026-08-05T16:14:18.632+05:30 DEBUG 16000 --- [patient-registry] [restartedMain] o.s.b.f.s.DefaultListableBeanFactory     : Creating shared instance of singleton bean 'springDataWebPropertiesProvider'
2026-08-05T16:14:18.634+05:30 DEBUG 16000 --- [patient-registry] [restartedMain] o.s.b.f.s.DefaultListableBeanFactory     : Autowiring by type from bean name 'springDataWebPropertiesProvider' via factory method to bean named 'spring.data.web-org.springframework.boot.data.autoconfigure.web.DataWebProperties'
2026-08-05T16:14:18.635+05:30 DEBUG 16000 --- [patient-registry] [restartedMain] o.s.b.f.s.DefaultListableBeanFactory     : Creating shared instance of singleton bean 'org.springdoc.core.configuration.SpringDocConfiguration$WebConversionServiceConfiguration'
2026-08-05T16:14:18.636+05:30 DEBUG 16000 --- [patient-registry] [restartedMain] o.s.b.f.s.DefaultListableBeanFactory     : Creating shared instance of singleton bean 'webConversionServiceProvider'
2026-08-05T16:14:18.637+05:30 DEBUG 16000 --- [patient-registry] [restartedMain] o.s.b.f.s.DefaultListableBeanFactory     : Creating shared instance of singleton bean 'initExtraSchemas'
2026-08-05T16:14:18.651+05:30 DEBUG 16000 --- [patient-registry] [restartedMain] o.s.b.f.s.DefaultListableBeanFactory     : Creating shared instance of singleton bean 'localSpringDocParameterNameDiscoverer'
2026-08-05T16:14:18.652+05:30 DEBUG 16000 --- [patient-registry] [restartedMain] o.s.b.f.s.DefaultListableBeanFactory     : Creating shared instance of singleton bean 'additionalModelsConverter'
2026-08-05T16:14:18.653+05:30 DEBUG 16000 --- [patient-registry] [restartedMain] o.s.b.f.s.DefaultListableBeanFactory     : Autowiring by type from bean name 'additionalModelsConverter' via factory method to bean named 'springdocObjectMapperProvider'
2026-08-05T16:14:18.657+05:30 DEBUG 16000 --- [patient-registry] [restartedMain] o.s.b.f.s.DefaultListableBeanFactory     : Creating shared instance of singleton bean 'fileSupportConverter'
2026-08-05T16:14:18.657+05:30 DEBUG 16000 --- [patient-registry] [restartedMain] o.s.b.f.s.DefaultListableBeanFactory     : Autowiring by type from bean name 'fileSupportConverter' via factory method to bean named 'springdocObjectMapperProvider'
2026-08-05T16:14:18.658+05:30 DEBUG 16000 --- [patient-registry] [restartedMain] o.s.b.f.s.DefaultListableBeanFactory     : Creating shared instance of singleton bean 'responseSupportConverter'
2026-08-05T16:14:18.659+05:30 DEBUG 16000 --- [patient-registry] [restartedMain] o.s.b.f.s.DefaultListableBeanFactory     : Autowiring by type from bean name 'responseSupportConverter' via factory method to bean named 'springdocObjectMapperProvider'
2026-08-05T16:14:18.659+05:30 DEBUG 16000 --- [patient-registry] [restartedMain] o.s.b.f.s.DefaultListableBeanFactory     : Creating shared instance of singleton bean 'schemaPropertyDeprecatingConverter'
2026-08-05T16:14:18.661+05:30 DEBUG 16000 --- [patient-registry] [restartedMain] o.s.b.f.s.DefaultListableBeanFactory     : Creating shared instance of singleton bean 'polymorphicModelConverter'
2026-08-05T16:14:18.661+05:30 DEBUG 16000 --- [patient-registry] [restartedMain] o.s.b.f.s.DefaultListableBeanFactory     : Autowiring by type from bean name 'polymorphicModelConverter' via factory method to bean named 'springdocObjectMapperProvider'
2026-08-05T16:14:18.664+05:30 DEBUG 16000 --- [patient-registry] [restartedMain] o.s.b.f.s.DefaultListableBeanFactory     : Creating shared instance of singleton bean 'openAPIBuilder'
2026-08-05T16:14:18.667+05:30 DEBUG 16000 --- [patient-registry] [restartedMain] o.s.b.f.s.DefaultListableBeanFactory     : Creating shared instance of singleton bean 'securityParser'
2026-08-05T16:14:18.667+05:30 DEBUG 16000 --- [patient-registry] [restartedMain] o.s.b.f.s.DefaultListableBeanFactory     : Creating shared instance of singleton bean 'propertyResolverUtils'
2026-08-05T16:14:18.668+05:30 DEBUG 16000 --- [patient-registry] [restartedMain] o.s.b.f.s.DefaultListableBeanFactory     : Autowiring by type from bean name 'propertyResolverUtils' via factory method to bean named 'org.springframework.beans.factory.support.DefaultListableBeanFactory@2a64a3dd'
2026-08-05T16:14:18.668+05:30 DEBUG 16000 --- [patient-registry] [restartedMain] o.s.b.f.s.DefaultListableBeanFactory     : Autowiring by type from bean name 'propertyResolverUtils' via factory method to bean named 'messageSource'
2026-08-05T16:14:18.668+05:30 DEBUG 16000 --- [patient-registry] [restartedMain] o.s.b.f.s.DefaultListableBeanFactory     : Autowiring by type from bean name 'propertyResolverUtils' via factory method to bean named 'org.springdoc.core.properties.SpringDocConfigProperties'
2026-08-05T16:14:18.670+05:30 DEBUG 16000 --- [patient-registry] [restartedMain] o.s.b.f.s.DefaultListableBeanFactory     : Autowiring by type from bean name 'securityParser' via factory method to bean named 'propertyResolverUtils'
2026-08-05T16:14:18.675+05:30 DEBUG 16000 --- [patient-registry] [restartedMain] o.s.b.f.s.DefaultListableBeanFactory     : Autowiring by type from bean name 'openAPIBuilder' via factory method to bean named 'securityParser'
2026-08-05T16:14:18.676+05:30 DEBUG 16000 --- [patient-registry] [restartedMain] o.s.b.f.s.DefaultListableBeanFactory     : Autowiring by type from bean name 'openAPIBuilder' via factory method to bean named 'org.springdoc.core.properties.SpringDocConfigProperties'
2026-08-05T16:14:18.676+05:30 DEBUG 16000 --- [patient-registry] [restartedMain] o.s.b.f.s.DefaultListableBeanFactory     : Autowiring by type from bean name 'openAPIBuilder' via factory method to bean named 'propertyResolverUtils'
2026-08-05T16:14:18.680+05:30 DEBUG 16000 --- [patient-registry] [restartedMain] o.s.b.f.s.DefaultListableBeanFactory     : Creating shared instance of singleton bean 'modelConverterRegistrar'
2026-08-05T16:14:18.682+05:30 DEBUG 16000 --- [patient-registry] [restartedMain] o.s.b.f.s.DefaultListableBeanFactory     : Creating shared instance of singleton bean 'pageableOpenAPIConverter'
2026-08-05T16:14:18.682+05:30 DEBUG 16000 --- [patient-registry] [restartedMain] o.s.b.f.s.DefaultListableBeanFactory     : Creating shared instance of singleton bean 'org.springdoc.core.configuration.SpringDocPageableConfiguration'
2026-08-05T16:14:18.683+05:30 DEBUG 16000 --- [patient-registry] [restartedMain] o.s.b.f.s.DefaultListableBeanFactory     : Autowiring by type from bean name 'pageableOpenAPIConverter' via factory method to bean named 'springdocObjectMapperProvider'
2026-08-05T16:14:18.685+05:30 DEBUG 16000 --- [patient-registry] [restartedMain] o.s.b.f.s.DefaultListableBeanFactory     : Creating shared instance of singleton bean 'pageOpenAPIConverter'
2026-08-05T16:14:18.686+05:30 DEBUG 16000 --- [patient-registry] [restartedMain] o.s.b.f.s.DefaultListableBeanFactory     : Autowiring by type from bean name 'pageOpenAPIConverter' via factory method to bean named 'springDataWebSettings'
2026-08-05T16:14:18.686+05:30 DEBUG 16000 --- [patient-registry] [restartedMain] o.s.b.f.s.DefaultListableBeanFactory     : Autowiring by type from bean name 'pageOpenAPIConverter' via factory method to bean named 'springdocObjectMapperProvider'
2026-08-05T16:14:18.687+05:30 DEBUG 16000 --- [patient-registry] [restartedMain] o.s.b.f.s.DefaultListableBeanFactory     : Creating shared instance of singleton bean 'sortOpenAPIConverter'
2026-08-05T16:14:18.687+05:30 DEBUG 16000 --- [patient-registry] [restartedMain] o.s.b.f.s.DefaultListableBeanFactory     : Creating shared instance of singleton bean 'org.springdoc.core.configuration.SpringDocSortConfiguration'
2026-08-05T16:14:18.688+05:30 DEBUG 16000 --- [patient-registry] [restartedMain] o.s.b.f.s.DefaultListableBeanFactory     : Autowiring by type from bean name 'sortOpenAPIConverter' via factory method to bean named 'springdocObjectMapperProvider'
2026-08-05T16:14:18.690+05:30 DEBUG 16000 --- [patient-registry] [restartedMain] o.s.b.f.s.DefaultListableBeanFactory     : Autowiring by type from bean name 'modelConverterRegistrar' via factory method to bean named 'additionalModelsConverter'
2026-08-05T16:14:18.690+05:30 DEBUG 16000 --- [patient-registry] [restartedMain] o.s.b.f.s.DefaultListableBeanFactory     : Autowiring by type from bean name 'modelConverterRegistrar' via factory method to bean named 'fileSupportConverter'
2026-08-05T16:14:18.690+05:30 DEBUG 16000 --- [patient-registry] [restartedMain] o.s.b.f.s.DefaultListableBeanFactory     : Autowiring by type from bean name 'modelConverterRegistrar' via factory method to bean named 'responseSupportConverter'
2026-08-05T16:14:18.690+05:30 DEBUG 16000 --- [patient-registry] [restartedMain] o.s.b.f.s.DefaultListableBeanFactory     : Autowiring by type from bean name 'modelConverterRegistrar' via factory method to bean named 'schemaPropertyDeprecatingConverter'
2026-08-05T16:14:18.691+05:30 DEBUG 16000 --- [patient-registry] [restartedMain] o.s.b.f.s.DefaultListableBeanFactory     : Autowiring by type from bean name 'modelConverterRegistrar' via factory method to bean named 'polymorphicModelConverter'
2026-08-05T16:14:18.691+05:30 DEBUG 16000 --- [patient-registry] [restartedMain] o.s.b.f.s.DefaultListableBeanFactory     : Autowiring by type from bean name 'modelConverterRegistrar' via factory method to bean named 'pageableOpenAPIConverter'
2026-08-05T16:14:18.691+05:30 DEBUG 16000 --- [patient-registry] [restartedMain] o.s.b.f.s.DefaultListableBeanFactory     : Autowiring by type from bean name 'modelConverterRegistrar' via factory method to bean named 'pageOpenAPIConverter'
2026-08-05T16:14:18.691+05:30 DEBUG 16000 --- [patient-registry] [restartedMain] o.s.b.f.s.DefaultListableBeanFactory     : Autowiring by type from bean name 'modelConverterRegistrar' via factory method to bean named 'sortOpenAPIConverter'
2026-08-05T16:14:18.691+05:30 DEBUG 16000 --- [patient-registry] [restartedMain] o.s.b.f.s.DefaultListableBeanFactory     : Autowiring by type from bean name 'modelConverterRegistrar' via factory method to bean named 'org.springdoc.core.properties.SpringDocConfigProperties'
2026-08-05T16:14:18.712+05:30 DEBUG 16000 --- [patient-registry] [restartedMain] o.s.b.f.s.DefaultListableBeanFactory     : Creating shared instance of singleton bean 'operationBuilder'
2026-08-05T16:14:18.712+05:30 DEBUG 16000 --- [patient-registry] [restartedMain] o.s.b.f.s.DefaultListableBeanFactory     : Creating shared instance of singleton bean 'parameterBuilder'
2026-08-05T16:14:18.713+05:30 DEBUG 16000 --- [patient-registry] [restartedMain] o.s.b.f.s.DefaultListableBeanFactory     : Autowiring by type from bean name 'parameterBuilder' via factory method to bean named 'propertyResolverUtils'
2026-08-05T16:14:18.713+05:30 DEBUG 16000 --- [patient-registry] [restartedMain] o.s.b.f.s.DefaultListableBeanFactory     : Autowiring by type from bean name 'parameterBuilder' via factory method to bean named 'webConversionServiceProvider'
2026-08-05T16:14:18.713+05:30 DEBUG 16000 --- [patient-registry] [restartedMain] o.s.b.f.s.DefaultListableBeanFactory     : Autowiring by type from bean name 'parameterBuilder' via factory method to bean named 'springdocObjectMapperProvider'
2026-08-05T16:14:18.717+05:30 DEBUG 16000 --- [patient-registry] [restartedMain] o.s.b.f.s.DefaultListableBeanFactory     : Creating shared instance of singleton bean 'requestBodyBuilder'
2026-08-05T16:14:18.717+05:30 DEBUG 16000 --- [patient-registry] [restartedMain] o.s.b.f.s.DefaultListableBeanFactory     : Autowiring by type from bean name 'requestBodyBuilder' via factory method to bean named 'parameterBuilder'
2026-08-05T16:14:18.717+05:30 DEBUG 16000 --- [patient-registry] [restartedMain] o.s.b.f.s.DefaultListableBeanFactory     : Autowiring by type from bean name 'requestBodyBuilder' via factory method to bean named 'propertyResolverUtils'
2026-08-05T16:14:18.721+05:30 DEBUG 16000 --- [patient-registry] [restartedMain] o.s.b.f.s.DefaultListableBeanFactory     : Autowiring by type from bean name 'operationBuilder' via factory method to bean named 'parameterBuilder'
2026-08-05T16:14:18.721+05:30 DEBUG 16000 --- [patient-registry] [restartedMain] o.s.b.f.s.DefaultListableBeanFactory     : Autowiring by type from bean name 'operationBuilder' via factory method to bean named 'requestBodyBuilder'
2026-08-05T16:14:18.721+05:30 DEBUG 16000 --- [patient-registry] [restartedMain] o.s.b.f.s.DefaultListableBeanFactory     : Autowiring by type from bean name 'operationBuilder' via factory method to bean named 'securityParser'
2026-08-05T16:14:18.721+05:30 DEBUG 16000 --- [patient-registry] [restartedMain] o.s.b.f.s.DefaultListableBeanFactory     : Autowiring by type from bean name 'operationBuilder' via factory method to bean named 'propertyResolverUtils'
2026-08-05T16:14:18.723+05:30 DEBUG 16000 --- [patient-registry] [restartedMain] o.s.b.f.s.DefaultListableBeanFactory     : Creating shared instance of singleton bean 'springDocProviders'
2026-08-05T16:14:18.727+05:30 DEBUG 16000 --- [patient-registry] [restartedMain] o.s.b.f.s.DefaultListableBeanFactory     : Creating shared instance of singleton bean 'routerFunctionProvider'
2026-08-05T16:14:18.727+05:30 DEBUG 16000 --- [patient-registry] [restartedMain] o.s.b.f.s.DefaultListableBeanFactory     : Creating shared instance of singleton bean 'org.springdoc.webmvc.core.configuration.SpringDocWebMvcConfiguration$SpringDocWebMvcRouterConfiguration'
2026-08-05T16:14:18.728+05:30 DEBUG 16000 --- [patient-registry] [restartedMain] o.s.b.f.s.DefaultListableBeanFactory     : Creating shared instance of singleton bean 'springWebProvider'
2026-08-05T16:14:18.728+05:30 DEBUG 16000 --- [patient-registry] [restartedMain] o.s.b.f.s.DefaultListableBeanFactory     : Creating shared instance of singleton bean 'org.springdoc.webmvc.core.configuration.SpringDocWebMvcConfiguration'
2026-08-05T16:14:18.732+05:30 DEBUG 16000 --- [patient-registry] [restartedMain] o.s.b.f.s.DefaultListableBeanFactory     : Autowiring by type from bean name 'springWebProvider' via factory method to bean named 'mvcApiVersionStrategy'
2026-08-05T16:14:18.742+05:30 DEBUG 16000 --- [patient-registry] [restartedMain] o.s.b.f.s.DefaultListableBeanFactory     : Autowiring by type from bean name 'springDocProviders' via factory method to bean named 'routerFunctionProvider'
2026-08-05T16:14:18.743+05:30 DEBUG 16000 --- [patient-registry] [restartedMain] o.s.b.f.s.DefaultListableBeanFactory     : Autowiring by type from bean name 'springDocProviders' via factory method to bean named 'springWebProvider'
2026-08-05T16:14:18.743+05:30 DEBUG 16000 --- [patient-registry] [restartedMain] o.s.b.f.s.DefaultListableBeanFactory     : Autowiring by type from bean name 'springDocProviders' via factory method to bean named 'springdocObjectMapperProvider'
2026-08-05T16:14:18.745+05:30 DEBUG 16000 --- [patient-registry] [restartedMain] o.s.b.f.s.DefaultListableBeanFactory     : Creating shared instance of singleton bean 'springDocCustomizers'
2026-08-05T16:14:18.747+05:30 DEBUG 16000 --- [patient-registry] [restartedMain] o.s.b.f.s.DefaultListableBeanFactory     : Creating shared instance of singleton bean 'globalOpenApiCustomizer'
2026-08-05T16:14:18.753+05:30 DEBUG 16000 --- [patient-registry] [restartedMain] o.s.b.f.s.DefaultListableBeanFactory     : Creating shared instance of singleton bean 'parameterObjectNamingStrategyCustomizer'
2026-08-05T16:14:18.753+05:30 DEBUG 16000 --- [patient-registry] [restartedMain] o.s.b.f.s.DefaultListableBeanFactory     : Creating shared instance of singleton bean 'dataRestDelegatingMethodParameterCustomizer'
2026-08-05T16:14:18.755+05:30 DEBUG 16000 --- [patient-registry] [restartedMain] o.s.b.f.s.DefaultListableBeanFactory     : Autowiring by type from bean name 'dataRestDelegatingMethodParameterCustomizer' via factory method to bean named 'springDataWebPropertiesProvider'
2026-08-05T16:14:18.758+05:30 DEBUG 16000 --- [patient-registry] [restartedMain] o.s.b.f.s.DefaultListableBeanFactory     : Autowiring by type from bean name 'springDocCustomizers' via factory method to bean named 'globalOpenApiCustomizer'
2026-08-05T16:14:18.759+05:30 DEBUG 16000 --- [patient-registry] [restartedMain] o.s.b.f.s.DefaultListableBeanFactory     : Autowiring by type from bean name 'springDocCustomizers' via factory method to bean named 'parameterObjectNamingStrategyCustomizer'
2026-08-05T16:14:18.759+05:30 DEBUG 16000 --- [patient-registry] [restartedMain] o.s.b.f.s.DefaultListableBeanFactory     : Autowiring by type from bean name 'springDocCustomizers' via factory method to bean named 'dataRestDelegatingMethodParameterCustomizer'
2026-08-05T16:14:18.760+05:30 DEBUG 16000 --- [patient-registry] [restartedMain] o.s.b.f.s.DefaultListableBeanFactory     : Creating shared instance of singleton bean 'schemaUtils'
2026-08-05T16:14:18.763+05:30 DEBUG 16000 --- [patient-registry] [restartedMain] o.s.b.f.s.DefaultListableBeanFactory     : Creating shared instance of singleton bean 'methodParameterPojoExtractor'
2026-08-05T16:14:18.763+05:30 DEBUG 16000 --- [patient-registry] [restartedMain] o.s.b.f.s.DefaultListableBeanFactory     : Autowiring by type from bean name 'methodParameterPojoExtractor' via factory method to bean named 'schemaUtils'
2026-08-05T16:14:18.766+05:30 DEBUG 16000 --- [patient-registry] [restartedMain] o.s.b.f.s.DefaultListableBeanFactory     : Creating shared instance of singleton bean 'springDocAppInitializer'
2026-08-05T16:14:18.766+05:30 DEBUG 16000 --- [patient-registry] [restartedMain] o.s.b.f.s.DefaultListableBeanFactory     : Autowiring by type from bean name 'springDocAppInitializer' via factory method to bean named 'org.springdoc.core.properties.SpringDocConfigProperties'
2026-08-05T16:14:18.769+05:30 DEBUG 16000 --- [patient-registry] [restartedMain] o.s.b.f.s.DefaultListableBeanFactory     : Creating shared instance of singleton bean 'org.springdoc.core.configuration.SpringDocWebServerConfiguration$EmbeddedWebServerConfiguration'
2026-08-05T16:14:18.770+05:30 DEBUG 16000 --- [patient-registry] [restartedMain] o.s.b.f.s.DefaultListableBeanFactory     : Creating shared instance of singleton bean 'webServerPortProvider'
2026-08-05T16:14:18.773+05:30 DEBUG 16000 --- [patient-registry] [restartedMain] o.s.b.f.s.DefaultListableBeanFactory     : Creating shared instance of singleton bean 'org.springdoc.webmvc.core.configuration.SpringDocWebMvcConfiguration$SpringDocWebMvcActuatorConfiguration'
2026-08-05T16:14:18.776+05:30 DEBUG 16000 --- [patient-registry] [restartedMain] o.s.b.f.s.DefaultListableBeanFactory     : Creating shared instance of singleton bean 'openApiResource'
2026-08-05T16:14:18.776+05:30 DEBUG 16000 --- [patient-registry] [restartedMain] o.s.b.f.s.DefaultListableBeanFactory     : Creating shared instance of singleton bean 'requestBuilder'
2026-08-05T16:14:18.777+05:30 DEBUG 16000 --- [patient-registry] [restartedMain] o.s.b.f.s.DefaultListableBeanFactory     : Autowiring by type from bean name 'requestBuilder' via factory method to bean named 'parameterBuilder'
2026-08-05T16:14:18.777+05:30 DEBUG 16000 --- [patient-registry] [restartedMain] o.s.b.f.s.DefaultListableBeanFactory     : Autowiring by type from bean name 'requestBuilder' via factory method to bean named 'requestBodyBuilder'
2026-08-05T16:14:18.777+05:30 DEBUG 16000 --- [patient-registry] [restartedMain] o.s.b.f.s.DefaultListableBeanFactory     : Autowiring by type from bean name 'requestBuilder' via factory method to bean named 'springDocCustomizers'
2026-08-05T16:14:18.777+05:30 DEBUG 16000 --- [patient-registry] [restartedMain] o.s.b.f.s.DefaultListableBeanFactory     : Autowiring by type from bean name 'requestBuilder' via factory method to bean named 'localSpringDocParameterNameDiscoverer'
2026-08-05T16:14:18.777+05:30 DEBUG 16000 --- [patient-registry] [restartedMain] o.s.b.f.s.DefaultListableBeanFactory     : Autowiring by type from bean name 'requestBuilder' via factory method to bean named 'methodParameterPojoExtractor'
2026-08-05T16:14:18.782+05:30 DEBUG 16000 --- [patient-registry] [restartedMain] o.s.b.f.s.DefaultListableBeanFactory     : Creating shared instance of singleton bean 'responseBuilder'
2026-08-05T16:14:18.783+05:30 DEBUG 16000 --- [patient-registry] [restartedMain] o.s.b.f.s.DefaultListableBeanFactory     : Autowiring by type from bean name 'responseBuilder' via factory method to bean named 'operationBuilder'
2026-08-05T16:14:18.783+05:30 DEBUG 16000 --- [patient-registry] [restartedMain] o.s.b.f.s.DefaultListableBeanFactory     : Autowiring by type from bean name 'responseBuilder' via factory method to bean named 'org.springdoc.core.properties.SpringDocConfigProperties'
2026-08-05T16:14:18.783+05:30 DEBUG 16000 --- [patient-registry] [restartedMain] o.s.b.f.s.DefaultListableBeanFactory     : Autowiring by type from bean name 'responseBuilder' via factory method to bean named 'propertyResolverUtils'
2026-08-05T16:14:18.786+05:30 DEBUG 16000 --- [patient-registry] [restartedMain] o.s.b.f.s.DefaultListableBeanFactory     : Autowiring by type from bean name 'openApiResource' via factory method to bean named 'requestBuilder'
2026-08-05T16:14:18.786+05:30 DEBUG 16000 --- [patient-registry] [restartedMain] o.s.b.f.s.DefaultListableBeanFactory     : Autowiring by type from bean name 'openApiResource' via factory method to bean named 'responseBuilder'
2026-08-05T16:14:18.786+05:30 DEBUG 16000 --- [patient-registry] [restartedMain] o.s.b.f.s.DefaultListableBeanFactory     : Autowiring by type from bean name 'openApiResource' via factory method to bean named 'operationBuilder'
2026-08-05T16:14:18.786+05:30 DEBUG 16000 --- [patient-registry] [restartedMain] o.s.b.f.s.DefaultListableBeanFactory     : Autowiring by type from bean name 'openApiResource' via factory method to bean named 'org.springdoc.core.properties.SpringDocConfigProperties'
2026-08-05T16:14:18.786+05:30 DEBUG 16000 --- [patient-registry] [restartedMain] o.s.b.f.s.DefaultListableBeanFactory     : Autowiring by type from bean name 'openApiResource' via factory method to bean named 'springDocProviders'
2026-08-05T16:14:18.786+05:30 DEBUG 16000 --- [patient-registry] [restartedMain] o.s.b.f.s.DefaultListableBeanFactory     : Autowiring by type from bean name 'openApiResource' via factory method to bean named 'springDocCustomizers'
2026-08-05T16:14:18.789+05:30 DEBUG 16000 --- [patient-registry] [restartedMain] o.s.b.f.s.DefaultListableBeanFactory     : Creating shared instance of singleton bean 'springDocApiVersionCustomizer'
2026-08-05T16:14:18.791+05:30 DEBUG 16000 --- [patient-registry] [restartedMain] o.s.b.f.s.DefaultListableBeanFactory     : Autowiring by type from bean name 'springDocApiVersionCustomizer' via factory method to bean named 'mvcApiVersionStrategy'
2026-08-05T16:14:18.791+05:30 DEBUG 16000 --- [patient-registry] [restartedMain] o.s.b.f.s.DefaultListableBeanFactory     : Autowiring by type from bean name 'springDocApiVersionCustomizer' via factory method to bean named 'org.springdoc.core.properties.SpringDocConfigProperties'
2026-08-05T16:14:18.791+05:30 DEBUG 16000 --- [patient-registry] [restartedMain] o.s.b.f.s.DefaultListableBeanFactory     : Autowiring by type from bean name 'springDocApiVersionCustomizer' via factory method to bean named 'org.springdoc.core.properties.SwaggerUiConfigProperties'
2026-08-05T16:14:18.791+05:30 DEBUG 16000 --- [patient-registry] [restartedMain] o.s.b.f.s.DefaultListableBeanFactory     : Autowiring by type from bean name 'springDocApiVersionCustomizer' via factory method to bean named 'requestMappingHandlerMapping'
2026-08-05T16:14:18.792+05:30 DEBUG 16000 --- [patient-registry] [restartedMain] o.s.b.f.s.DefaultListableBeanFactory     : Creating shared instance of singleton bean 'swaggerConfigResource'
2026-08-05T16:14:18.793+05:30 DEBUG 16000 --- [patient-registry] [restartedMain] o.s.b.f.s.DefaultListableBeanFactory     : Autowiring by type from bean name 'swaggerConfigResource' via factory method to bean named 'swaggerWelcome'
2026-08-05T16:14:18.793+05:30 DEBUG 16000 --- [patient-registry] [restartedMain] o.s.b.f.s.DefaultListableBeanFactory     : Creating shared instance of singleton bean 'springDocSwaggerInitializer'
2026-08-05T16:14:18.793+05:30 DEBUG 16000 --- [patient-registry] [restartedMain] o.s.b.f.s.DefaultListableBeanFactory     : Autowiring by type from bean name 'springDocSwaggerInitializer' via factory method to bean named 'org.springdoc.core.properties.SwaggerUiConfigProperties'
2026-08-05T16:14:18.794+05:30 DEBUG 16000 --- [patient-registry] [restartedMain] o.s.b.f.s.DefaultListableBeanFactory     : Creating shared instance of singleton bean 'org.springframework.boot.autoconfigure.aop.AopAutoConfiguration$AspectJAutoProxyingConfiguration$CglibAutoProxyConfiguration'
2026-08-05T16:14:18.794+05:30 DEBUG 16000 --- [patient-registry] [restartedMain] o.s.b.f.s.DefaultListableBeanFactory     : Creating shared instance of singleton bean 'org.springframework.boot.autoconfigure.aop.AopAutoConfiguration$AspectJAutoProxyingConfiguration'
2026-08-05T16:14:18.795+05:30 DEBUG 16000 --- [patient-registry] [restartedMain] o.s.b.f.s.DefaultListableBeanFactory     : Creating shared instance of singleton bean 'org.springframework.boot.autoconfigure.aop.AopAutoConfiguration'
2026-08-05T16:14:18.795+05:30 DEBUG 16000 --- [patient-registry] [restartedMain] o.s.b.f.s.DefaultListableBeanFactory     : Creating shared instance of singleton bean 'org.springframework.boot.autoconfigure.availability.ApplicationAvailabilityAutoConfiguration'
2026-08-05T16:14:18.795+05:30 DEBUG 16000 --- [patient-registry] [restartedMain] o.s.b.f.s.DefaultListableBeanFactory     : Creating shared instance of singleton bean 'applicationAvailability'
2026-08-05T16:14:18.798+05:30 DEBUG 16000 --- [patient-registry] [restartedMain] o.s.b.f.s.DefaultListableBeanFactory     : Creating shared instance of singleton bean 'org.springframework.boot.autoconfigure.context.ConfigurationPropertiesAutoConfiguration'
2026-08-05T16:14:18.799+05:30 DEBUG 16000 --- [patient-registry] [restartedMain] o.s.b.f.s.DefaultListableBeanFactory     : Creating shared instance of singleton bean 'org.springframework.boot.autoconfigure.context.LifecycleAutoConfiguration'
2026-08-05T16:14:18.799+05:30 DEBUG 16000 --- [patient-registry] [restartedMain] o.s.b.f.s.DefaultListableBeanFactory     : Creating shared instance of singleton bean 'lifecycleProcessor'
2026-08-05T16:14:18.800+05:30 DEBUG 16000 --- [patient-registry] [restartedMain] o.s.b.f.s.DefaultListableBeanFactory     : Creating shared instance of singleton bean 'spring.lifecycle-org.springframework.boot.autoconfigure.context.LifecycleProperties'
2026-08-05T16:14:18.801+05:30 DEBUG 16000 --- [patient-registry] [restartedMain] o.s.b.f.s.DefaultListableBeanFactory     : Autowiring by type from bean name 'lifecycleProcessor' via factory method to bean named 'spring.lifecycle-org.springframework.boot.autoconfigure.context.LifecycleProperties'
2026-08-05T16:14:18.803+05:30 DEBUG 16000 --- [patient-registry] [restartedMain] o.s.b.f.s.DefaultListableBeanFactory     : Creating shared instance of singleton bean 'org.springframework.boot.autoconfigure.info.ProjectInfoAutoConfiguration'
2026-08-05T16:14:18.806+05:30 DEBUG 16000 --- [patient-registry] [restartedMain] o.s.b.f.s.DefaultListableBeanFactory     : Creating shared instance of singleton bean 'spring.info-org.springframework.boot.autoconfigure.info.ProjectInfoProperties'
2026-08-05T16:14:18.807+05:30 DEBUG 16000 --- [patient-registry] [restartedMain] o.s.b.f.s.DefaultListableBeanFactory     : Autowiring by type from bean name 'org.springframework.boot.autoconfigure.info.ProjectInfoAutoConfiguration' via constructor to bean named 'spring.info-org.springframework.boot.autoconfigure.info.ProjectInfoProperties'
2026-08-05T16:14:18.808+05:30 DEBUG 16000 --- [patient-registry] [restartedMain] o.s.b.f.s.DefaultListableBeanFactory     : Creating shared instance of singleton bean 'org.springframework.boot.autoconfigure.task.TaskSchedulingConfigurations$ThreadPoolTaskSchedulerBuilderConfiguration'
2026-08-05T16:14:18.808+05:30 DEBUG 16000 --- [patient-registry] [restartedMain] o.s.b.f.s.DefaultListableBeanFactory     : Creating shared instance of singleton bean 'threadPoolTaskSchedulerBuilder'
2026-08-05T16:14:18.809+05:30 DEBUG 16000 --- [patient-registry] [restartedMain] o.s.b.f.s.DefaultListableBeanFactory     : Creating shared instance of singleton bean 'spring.task.scheduling-org.springframework.boot.autoconfigure.task.TaskSchedulingProperties'
2026-08-05T16:14:18.810+05:30 DEBUG 16000 --- [patient-registry] [restartedMain] o.s.b.f.s.DefaultListableBeanFactory     : Autowiring by type from bean name 'threadPoolTaskSchedulerBuilder' via factory method to bean named 'spring.task.scheduling-org.springframework.boot.autoconfigure.task.TaskSchedulingProperties'
2026-08-05T16:14:18.812+05:30 DEBUG 16000 --- [patient-registry] [restartedMain] o.s.b.f.s.DefaultListableBeanFactory     : Creating shared instance of singleton bean 'org.springframework.boot.autoconfigure.task.TaskSchedulingConfigurations$SimpleAsyncTaskSchedulerBuilderConfiguration'
2026-08-05T16:14:18.814+05:30 DEBUG 16000 --- [patient-registry] [restartedMain] o.s.b.f.s.DefaultListableBeanFactory     : Autowiring by type from bean name 'org.springframework.boot.autoconfigure.task.TaskSchedulingConfigurations$SimpleAsyncTaskSchedulerBuilderConfiguration' via constructor to bean named 'spring.task.scheduling-org.springframework.boot.autoconfigure.task.TaskSchedulingProperties'
2026-08-05T16:14:18.814+05:30 DEBUG 16000 --- [patient-registry] [restartedMain] o.s.b.f.s.DefaultListableBeanFactory     : Creating shared instance of singleton bean 'simpleAsyncTaskSchedulerBuilder'
2026-08-05T16:14:18.818+05:30 DEBUG 16000 --- [patient-registry] [restartedMain] o.s.b.f.s.DefaultListableBeanFactory     : Creating shared instance of singleton bean 'org.springframework.boot.autoconfigure.task.TaskSchedulingAutoConfiguration'
2026-08-05T16:14:18.819+05:30 DEBUG 16000 --- [patient-registry] [restartedMain] o.s.b.f.s.DefaultListableBeanFactory     : Creating shared instance of singleton bean 'org.springframework.data.web.config.ProjectingArgumentResolverRegistrar'
2026-08-05T16:14:18.820+05:30 DEBUG 16000 --- [patient-registry] [restartedMain] o.s.b.f.s.DefaultListableBeanFactory     : Creating shared instance of singleton bean 'offsetResolver'
2026-08-05T16:14:18.823+05:30 DEBUG 16000 --- [patient-registry] [restartedMain] o.s.b.f.s.DefaultListableBeanFactory     : Creating shared instance of singleton bean 'org.springframework.data.web.config.SpringDataJacksonConfiguration'
2026-08-05T16:14:18.824+05:30 DEBUG 16000 --- [patient-registry] [restartedMain] o.s.b.f.s.DefaultListableBeanFactory     : Creating shared instance of singleton bean 'jacksonGeoModule'
2026-08-05T16:14:18.830+05:30 DEBUG 16000 --- [patient-registry] [restartedMain] o.s.b.f.s.DefaultListableBeanFactory     : Creating shared instance of singleton bean 'pageModule'
2026-08-05T16:14:18.832+05:30 DEBUG 16000 --- [patient-registry] [restartedMain] o.s.b.f.s.DefaultListableBeanFactory     : Creating shared instance of singleton bean 'org.springframework.boot.transaction.jta.autoconfigure.JtaAutoConfiguration'
2026-08-05T16:14:18.833+05:30 DEBUG 16000 --- [patient-registry] [restartedMain] o.s.b.f.s.DefaultListableBeanFactory     : Creating shared instance of singleton bean 'org.springframework.boot.jdbc.autoconfigure.DataSourcePoolMetadataProvidersConfiguration'
2026-08-05T16:14:18.833+05:30 DEBUG 16000 --- [patient-registry] [restartedMain] o.s.b.f.s.DefaultListableBeanFactory     : Creating shared instance of singleton bean 'org.springframework.boot.jdbc.autoconfigure.DataSourceAutoConfiguration'
2026-08-05T16:14:18.834+05:30 DEBUG 16000 --- [patient-registry] [restartedMain] o.s.b.f.s.DefaultListableBeanFactory     : Creating shared instance of singleton bean 'org.springframework.boot.transaction.autoconfigure.TransactionManagerCustomizationAutoConfiguration'
2026-08-05T16:14:18.834+05:30 DEBUG 16000 --- [patient-registry] [restartedMain] o.s.b.f.s.DefaultListableBeanFactory     : Creating shared instance of singleton bean 'platformTransactionManagerCustomizers'
2026-08-05T16:14:18.836+05:30 DEBUG 16000 --- [patient-registry] [restartedMain] o.s.b.f.s.DefaultListableBeanFactory     : Creating shared instance of singleton bean 'transactionExecutionListeners'
2026-08-05T16:14:18.839+05:30 DEBUG 16000 --- [patient-registry] [restartedMain] o.s.b.f.s.DefaultListableBeanFactory     : Creating shared instance of singleton bean 'spring.transaction-org.springframework.boot.transaction.autoconfigure.TransactionProperties'
2026-08-05T16:14:18.841+05:30 DEBUG 16000 --- [patient-registry] [restartedMain] o.s.b.f.s.DefaultListableBeanFactory     : Creating shared instance of singleton bean 'org.springframework.boot.jpa.autoconfigure.JpaBaseConfiguration$PersistenceManagedTypesConfiguration'
2026-08-05T16:14:18.842+05:30 DEBUG 16000 --- [patient-registry] [restartedMain] o.s.b.f.s.DefaultListableBeanFactory     : Creating shared instance of singleton bean 'transactionManager'
2026-08-05T16:14:18.858+05:30 DEBUG 16000 --- [patient-registry] [restartedMain] o.s.b.f.s.DefaultListableBeanFactory     : Creating shared instance of singleton bean 'org.springframework.boot.hibernate.autoconfigure.HibernateJpaAutoConfiguration'
2026-08-05T16:14:18.859+05:30 DEBUG 16000 --- [patient-registry] [restartedMain] o.s.b.f.s.DefaultListableBeanFactory     : Creating shared instance of singleton bean 'org.springframework.boot.data.jpa.autoconfigure.DataJpaRepositoriesAutoConfiguration'
2026-08-05T16:14:18.860+05:30 DEBUG 16000 --- [patient-registry] [restartedMain] o.s.b.f.s.DefaultListableBeanFactory     : Creating shared instance of singleton bean 'eagerJpaMetamodelCacheCleanup'
2026-08-05T16:14:18.862+05:30 DEBUG 16000 --- [patient-registry] [restartedMain] o.s.b.f.s.DefaultListableBeanFactory     : Creating shared instance of singleton bean 'org.springframework.data.jpa.util.JpaMetamodelCacheCleanup'
2026-08-05T16:14:18.863+05:30 DEBUG 16000 --- [patient-registry] [restartedMain] o.s.b.f.s.DefaultListableBeanFactory     : Creating shared instance of singleton bean 'org.springframework.data.jpa.repository.support.JpaEvaluationContextExtension'
2026-08-05T16:14:18.864+05:30 DEBUG 16000 --- [patient-registry] [restartedMain] o.s.b.f.s.DefaultListableBeanFactory     : Creating shared instance of singleton bean 'data-jpa.repository-aot-processor#0'
2026-08-05T16:14:18.878+05:30 DEBUG 16000 --- [patient-registry] [restartedMain] o.s.b.f.s.DefaultListableBeanFactory     : Creating shared instance of singleton bean 'org.springframework.boot.devtools.autoconfigure.DevToolsDataSourceAutoConfiguration$DatabaseShutdownExecutorEntityManagerFactoryDependsOnConfiguration'
2026-08-05T16:14:18.879+05:30 DEBUG 16000 --- [patient-registry] [restartedMain] o.s.b.f.s.DefaultListableBeanFactory     : Creating shared instance of singleton bean 'org.springframework.boot.devtools.autoconfigure.LocalDevToolsAutoConfiguration$RestartConfiguration'
2026-08-05T16:14:18.880+05:30 DEBUG 16000 --- [patient-registry] [restartedMain] o.s.b.f.s.DefaultListableBeanFactory     : Creating shared instance of singleton bean 'spring.devtools-org.springframework.boot.devtools.autoconfigure.DevToolsProperties'
2026-08-05T16:14:18.885+05:30 DEBUG 16000 --- [patient-registry] [restartedMain] o.s.b.f.s.DefaultListableBeanFactory     : Autowiring by type from bean name 'org.springframework.boot.devtools.autoconfigure.LocalDevToolsAutoConfiguration$RestartConfiguration' via constructor to bean named 'spring.devtools-org.springframework.boot.devtools.autoconfigure.DevToolsProperties'
2026-08-05T16:14:18.886+05:30 DEBUG 16000 --- [patient-registry] [restartedMain] o.s.b.f.s.DefaultListableBeanFactory     : Creating shared instance of singleton bean 'restartingClassPathChangedEventListener'
2026-08-05T16:14:18.887+05:30 DEBUG 16000 --- [patient-registry] [restartedMain] o.s.b.f.s.DefaultListableBeanFactory     : Creating shared instance of singleton bean 'fileSystemWatcherFactory'
2026-08-05T16:14:18.889+05:30 DEBUG 16000 --- [patient-registry] [restartedMain] o.s.b.f.s.DefaultListableBeanFactory     : Autowiring by type from bean name 'restartingClassPathChangedEventListener' via factory method to bean named 'fileSystemWatcherFactory'
2026-08-05T16:14:18.891+05:30 DEBUG 16000 --- [patient-registry] [restartedMain] o.s.b.f.s.DefaultListableBeanFactory     : Creating shared instance of singleton bean 'classPathFileSystemWatcher'
2026-08-05T16:14:18.891+05:30 DEBUG 16000 --- [patient-registry] [restartedMain] o.s.b.f.s.DefaultListableBeanFactory     : Creating shared instance of singleton bean 'classPathRestartStrategy'
2026-08-05T16:14:18.893+05:30 DEBUG 16000 --- [patient-registry] [restartedMain] o.s.b.f.s.DefaultListableBeanFactory     : Autowiring by type from bean name 'classPathFileSystemWatcher' via factory method to bean named 'fileSystemWatcherFactory'
2026-08-05T16:14:18.893+05:30 DEBUG 16000 --- [patient-registry] [restartedMain] o.s.b.f.s.DefaultListableBeanFactory     : Autowiring by type from bean name 'classPathFileSystemWatcher' via factory method to bean named 'classPathRestartStrategy'
2026-08-05T16:14:18.904+05:30 DEBUG 16000 --- [patient-registry] [restartedMain] o.s.b.f.s.DefaultListableBeanFactory     : Creating shared instance of singleton bean 'conditionEvaluationDeltaLoggingListener'
2026-08-05T16:14:18.906+05:30 DEBUG 16000 --- [patient-registry] [restartedMain] o.s.b.f.s.DefaultListableBeanFactory     : Creating shared instance of singleton bean 'org.springframework.boot.devtools.autoconfigure.LocalDevToolsAutoConfiguration'
2026-08-05T16:14:18.907+05:30 DEBUG 16000 --- [patient-registry] [restartedMain] o.s.b.f.s.DefaultListableBeanFactory     : Creating shared instance of singleton bean 'org.springframework.boot.http.converter.autoconfigure.JacksonHttpMessageConvertersConfiguration'
2026-08-05T16:14:18.908+05:30 DEBUG 16000 --- [patient-registry] [restartedMain] o.s.b.f.s.DefaultListableBeanFactory     : Creating shared instance of singleton bean 'org.springframework.boot.http.converter.autoconfigure.Jackson2HttpMessageConvertersConfiguration'
2026-08-05T16:14:18.908+05:30 DEBUG 16000 --- [patient-registry] [restartedMain] o.s.b.f.s.DefaultListableBeanFactory     : Creating shared instance of singleton bean 'clientConvertersCustomizer'
2026-08-05T16:14:18.910+05:30 DEBUG 16000 --- [patient-registry] [restartedMain] o.s.b.f.s.DefaultListableBeanFactory     : Creating shared instance of singleton bean 'org.springframework.boot.jdbc.autoconfigure.JdbcTemplateConfiguration'
2026-08-05T16:14:18.910+05:30 DEBUG 16000 --- [patient-registry] [restartedMain] o.s.b.f.s.DefaultListableBeanFactory     : Creating shared instance of singleton bean 'jdbcTemplate'
2026-08-05T16:14:18.911+05:30 DEBUG 16000 --- [patient-registry] [restartedMain] o.s.b.f.s.DefaultListableBeanFactory     : Creating shared instance of singleton bean 'spring.jdbc-org.springframework.boot.jdbc.autoconfigure.JdbcProperties'
2026-08-05T16:14:18.913+05:30 DEBUG 16000 --- [patient-registry] [restartedMain] o.s.b.f.s.DefaultListableBeanFactory     : Autowiring by type from bean name 'jdbcTemplate' via factory method to bean named 'dataSource'
2026-08-05T16:14:18.913+05:30 DEBUG 16000 --- [patient-registry] [restartedMain] o.s.b.f.s.DefaultListableBeanFactory     : Autowiring by type from bean name 'jdbcTemplate' via factory method to bean named 'spring.jdbc-org.springframework.boot.jdbc.autoconfigure.JdbcProperties'
2026-08-05T16:14:18.925+05:30 DEBUG 16000 --- [patient-registry] [restartedMain] o.s.b.f.s.DefaultListableBeanFactory     : Creating shared instance of singleton bean 'org.springframework.boot.jdbc.autoconfigure.NamedParameterJdbcTemplateConfiguration'
2026-08-05T16:14:18.926+05:30 DEBUG 16000 --- [patient-registry] [restartedMain] o.s.b.f.s.DefaultListableBeanFactory     : Creating shared instance of singleton bean 'namedParameterJdbcTemplate'
2026-08-05T16:14:18.926+05:30 DEBUG 16000 --- [patient-registry] [restartedMain] o.s.b.f.s.DefaultListableBeanFactory     : Autowiring by type from bean name 'namedParameterJdbcTemplate' via factory method to bean named 'jdbcTemplate'
2026-08-05T16:14:18.931+05:30 DEBUG 16000 --- [patient-registry] [restartedMain] o.s.b.f.s.DefaultListableBeanFactory     : Creating shared instance of singleton bean 'org.springframework.boot.jdbc.autoconfigure.JdbcTemplateAutoConfiguration'
2026-08-05T16:14:18.932+05:30 DEBUG 16000 --- [patient-registry] [restartedMain] o.s.b.f.s.DefaultListableBeanFactory     : Creating shared instance of singleton bean 'org.springframework.boot.jdbc.autoconfigure.JdbcClientAutoConfiguration'
2026-08-05T16:14:18.932+05:30 DEBUG 16000 --- [patient-registry] [restartedMain] o.s.b.f.s.DefaultListableBeanFactory     : Creating shared instance of singleton bean 'jdbcClient'
2026-08-05T16:14:18.933+05:30 DEBUG 16000 --- [patient-registry] [restartedMain] o.s.b.f.s.DefaultListableBeanFactory     : Autowiring by type from bean name 'jdbcClient' via factory method to bean named 'namedParameterJdbcTemplate'
2026-08-05T16:14:18.935+05:30 DEBUG 16000 --- [patient-registry] [restartedMain] o.s.b.f.s.DefaultListableBeanFactory     : Creating shared instance of singleton bean 'org.springframework.boot.persistence.autoconfigure.PersistenceExceptionTranslationAutoConfiguration'
2026-08-05T16:14:18.936+05:30 DEBUG 16000 --- [patient-registry] [restartedMain] o.s.b.f.s.DefaultListableBeanFactory     : Creating shared instance of singleton bean 'multipartResolver'
2026-08-05T16:14:18.938+05:30 DEBUG 16000 --- [patient-registry] [restartedMain] o.s.b.f.s.DefaultListableBeanFactory     : Creating shared instance of singleton bean 'org.springframework.boot.jdbc.autoconfigure.DataSourceTransactionManagerAutoConfiguration$JdbcTransactionManagerConfiguration'
2026-08-05T16:14:18.941+05:30 DEBUG 16000 --- [patient-registry] [restartedMain] o.s.b.f.s.DefaultListableBeanFactory     : Creating shared instance of singleton bean 'org.springframework.boot.jdbc.autoconfigure.DataSourceTransactionManagerAutoConfiguration'
2026-08-05T16:14:18.941+05:30 DEBUG 16000 --- [patient-registry] [restartedMain] o.s.b.f.s.DefaultListableBeanFactory     : Creating shared instance of singleton bean 'org.springframework.boot.transaction.autoconfigure.TransactionAutoConfiguration$EnableTransactionManagementConfiguration$CglibAutoProxyConfiguration'
2026-08-05T16:14:18.941+05:30 DEBUG 16000 --- [patient-registry] [restartedMain] o.s.b.f.s.DefaultListableBeanFactory     : Creating shared instance of singleton bean 'org.springframework.boot.transaction.autoconfigure.TransactionAutoConfiguration$EnableTransactionManagementConfiguration'
2026-08-05T16:14:18.942+05:30 DEBUG 16000 --- [patient-registry] [restartedMain] o.s.b.f.s.DefaultListableBeanFactory     : Creating shared instance of singleton bean 'org.springframework.boot.transaction.autoconfigure.TransactionAutoConfiguration$TransactionTemplateConfiguration'
2026-08-05T16:14:18.942+05:30 DEBUG 16000 --- [patient-registry] [restartedMain] o.s.b.f.s.DefaultListableBeanFactory     : Creating shared instance of singleton bean 'transactionTemplate'
2026-08-05T16:14:18.942+05:30 DEBUG 16000 --- [patient-registry] [restartedMain] o.s.b.f.s.DefaultListableBeanFactory     : Autowiring by type from bean name 'transactionTemplate' via factory method to bean named 'transactionManager'
2026-08-05T16:14:18.943+05:30 DEBUG 16000 --- [patient-registry] [restartedMain] o.s.b.f.s.DefaultListableBeanFactory     : Creating shared instance of singleton bean 'org.springframework.boot.transaction.autoconfigure.TransactionAutoConfiguration'
2026-08-05T16:14:18.959+05:30 DEBUG 16000 --- [patient-registry] [restartedMain] o.s.c.e.EventListenerMethodProcessor     : 1 @EventListener methods processed on bean 'springDocAppInitializer': {public void org.springdoc.core.events.SpringDocAppInitializer.init()=@org.springframework.context.event.EventListener(classes={org.springframework.boot.context.event.ApplicationReadyEvent.class}, condition="", defaultExecution=true, id="", value={org.springframework.boot.context.event.ApplicationReadyEvent.class})}
2026-08-05T16:14:18.960+05:30 DEBUG 16000 --- [patient-registry] [restartedMain] o.s.c.e.EventListenerMethodProcessor     : 1 @EventListener methods processed on bean 'springDocSwaggerInitializer': {public void org.springdoc.core.events.SpringDocAppInitializer.init()=@org.springframework.context.event.EventListener(classes={org.springframework.boot.context.event.ApplicationReadyEvent.class}, condition="", defaultExecution=true, id="", value={org.springframework.boot.context.event.ApplicationReadyEvent.class})}
2026-08-05T16:14:18.977+05:30 DEBUG 16000 --- [patient-registry] [restartedMain] o.s.c.support.DefaultLifecycleProcessor  : Starting beans in phase -2147483647
2026-08-05T16:14:18.977+05:30 DEBUG 16000 --- [patient-registry] [restartedMain] o.s.c.support.DefaultLifecycleProcessor  : Successfully started bean 'springBootLoggingLifecycle'
2026-08-05T16:14:18.977+05:30 DEBUG 16000 --- [patient-registry] [restartedMain] o.s.c.support.DefaultLifecycleProcessor  : Starting beans in phase 1073741823
2026-08-05T16:14:18.977+05:30 DEBUG 16000 --- [patient-registry] [restartedMain] o.s.c.support.DefaultLifecycleProcessor  : Starting beans in phase 2147481599
2026-08-05T16:14:19.004+05:30  INFO 16000 --- [patient-registry] [restartedMain] o.s.boot.tomcat.TomcatWebServer          : Tomcat started on port 9999 (http) with context path '/premit'
2026-08-05T16:14:19.006+05:30 DEBUG 16000 --- [patient-registry] [restartedMain] o.s.c.support.DefaultLifecycleProcessor  : Successfully started bean 'webServerStartStop'
2026-08-05T16:14:19.006+05:30 DEBUG 16000 --- [patient-registry] [restartedMain] o.s.c.support.DefaultLifecycleProcessor  : Starting beans in phase 2147482623
2026-08-05T16:14:19.006+05:30 DEBUG 16000 --- [patient-registry] [restartedMain] o.s.c.support.DefaultLifecycleProcessor  : Successfully started bean 'webServerGracefulShutdown'
2026-08-05T16:14:19.019+05:30 DEBUG 16000 --- [patient-registry] [restartedMain] .s.b.a.l.ConditionEvaluationReportLogger : 


============================
CONDITIONS EVALUATION REPORT
============================


Positive matches:
-----------------

   AopAutoConfiguration matched:
      - @ConditionalOnBooleanProperty (spring.aop.auto=true) matched (OnPropertyCondition)

   AopAutoConfiguration.AspectJAutoProxyingConfiguration matched:
      - @ConditionalOnClass found required class 'org.aspectj.weaver.Advice' (OnClassCondition)

   AopAutoConfiguration.AspectJAutoProxyingConfiguration.CglibAutoProxyConfiguration matched:
      - @ConditionalOnBooleanProperty (spring.aop.proxy-target-class=true) matched (OnPropertyCondition)

   ApplicationAvailabilityAutoConfiguration#applicationAvailability matched:
      - @ConditionalOnMissingBean (types: org.springframework.boot.availability.ApplicationAvailability; SearchStrategy: all) did not find any beans (OnBeanCondition)

   DataJpaRepositoriesAutoConfiguration matched:
      - @ConditionalOnClass found required class 'org.springframework.data.jpa.repository.JpaRepository' (OnClassCondition)
      - @ConditionalOnBooleanProperty (spring.data.jpa.repositories.enabled=true) matched (OnPropertyCondition)
      - @ConditionalOnBean (types: javax.sql.DataSource; SearchStrategy: all) found bean 'dataSource'; @ConditionalOnMissingBean (types: org.springframework.data.jpa.repository.support.JpaRepositoryFactoryBean,org.springframework.data.jpa.repository.config.JpaRepositoryConfigExtension; SearchStrategy: all) did not find any beans (OnBeanCondition)

   DataSourceAutoConfiguration matched:
      - @ConditionalOnClass found required classes 'javax.sql.DataSource', 'org.springframework.jdbc.datasource.embedded.EmbeddedDatabaseType' (OnClassCondition)
      - @ConditionalOnMissingBean (types: io.r2dbc.spi.ConnectionFactory; SearchStrategy: all) did not find any beans (OnBeanCondition)

   DataSourceAutoConfiguration.PooledDataSourceConfiguration matched:
      - AnyNestedCondition 1 matched 1 did not; NestedCondition on DataSourceAutoConfiguration.PooledDataSourceCondition.PooledDataSourceAvailable PooledDataSource found supported DataSource; NestedCondition on DataSourceAutoConfiguration.PooledDataSourceCondition.ExplicitType @ConditionalOnProperty (spring.datasource.type) did not find property 'spring.datasource.type' (DataSourceAutoConfiguration.PooledDataSourceCondition)
      - @ConditionalOnMissingBean (types: javax.sql.DataSource,javax.sql.XADataSource; SearchStrategy: all) did not find any beans (OnBeanCondition)

   DataSourceAutoConfiguration.PooledDataSourceConfiguration#jdbcConnectionDetails matched:
      - @ConditionalOnMissingBean (types: org.springframework.boot.jdbc.autoconfigure.JdbcConnectionDetails; SearchStrategy: all) did not find any beans (OnBeanCondition)

   DataSourceConfiguration.Hikari matched:
      - @ConditionalOnClass found required class 'com.zaxxer.hikari.HikariDataSource' (OnClassCondition)
      - @ConditionalOnProperty (spring.datasource.type=com.zaxxer.hikari.HikariDataSource) matched (OnPropertyCondition)
      - @ConditionalOnMissingBean (types: javax.sql.DataSource; SearchStrategy: all) did not find any beans (OnBeanCondition)

   DataSourceInitializationAutoConfiguration matched:
      - @ConditionalOnClass found required class 'org.springframework.jdbc.datasource.init.DatabasePopulator' (OnClassCondition)
      - SQL InitializationDatabase Initialization default value is EMBEDDED (OnSqlInitializationCondition)
      - @ConditionalOnSingleCandidate (types: javax.sql.DataSource; SearchStrategy: all) found a single bean 'dataSource'; @ConditionalOnMissingBean (types: org.springframework.boot.sql.autoconfigure.init.ApplicationScriptDatabaseInitializer; SearchStrategy: all) did not find any beans (OnBeanCondition)

   DataSourcePoolMetadataProvidersConfiguration.HikariPoolDataSourceMetadataProviderConfiguration matched:
      - @ConditionalOnClass found required class 'com.zaxxer.hikari.HikariDataSource' (OnClassCondition)

   DataSourceTransactionManagerAutoConfiguration matched:
      - @ConditionalOnClass found required classes 'javax.sql.DataSource', 'org.springframework.jdbc.core.JdbcTemplate', 'org.springframework.transaction.TransactionManager' (OnClassCondition)

   DataSourceTransactionManagerAutoConfiguration.JdbcTransactionManagerConfiguration matched:
      - @ConditionalOnSingleCandidate (types: javax.sql.DataSource; SearchStrategy: all) found a single bean 'dataSource' (OnBeanCondition)

   DataWebAutoConfiguration matched:
      - @ConditionalOnClass found required classes 'org.springframework.data.web.PageableHandlerMethodArgumentResolver', 'org.springframework.web.servlet.config.annotation.WebMvcConfigurer' (OnClassCondition)
      - found 'session' scope (OnWebApplicationCondition)
      - @ConditionalOnMissingBean (types: org.springframework.data.web.PageableHandlerMethodArgumentResolver; SearchStrategy: all) did not find any beans (OnBeanCondition)

   DataWebAutoConfiguration#pageableCustomizer matched:
      - @ConditionalOnMissingBean (types: org.springframework.data.web.config.PageableHandlerMethodArgumentResolverCustomizer; SearchStrategy: all) did not find any beans (OnBeanCondition)

   DataWebAutoConfiguration#sortCustomizer matched:
      - @ConditionalOnMissingBean (types: org.springframework.data.web.config.SortHandlerMethodArgumentResolverCustomizer; SearchStrategy: all) did not find any beans (OnBeanCondition)

   DataWebAutoConfiguration#springDataWebSettings matched:
      - @ConditionalOnMissingBean (types: org.springframework.data.web.config.SpringDataWebSettings; SearchStrategy: all) did not find any beans (OnBeanCondition)

   DevToolsDataSourceAutoConfiguration matched:
      - @ConditionalOnClass found required class 'javax.sql.DataSource' (OnClassCondition)
      - Devtools devtools enabled. (OnEnabledDevToolsCondition)
      - DevTools DataSource Condition found auto-configured DataSource (DevToolsDataSourceAutoConfiguration.DevToolsDataSourceCondition)

   DevToolsDataSourceAutoConfiguration.DatabaseShutdownExecutorEntityManagerFactoryDependsOnConfiguration matched:
      - @ConditionalOnClass found required classes 'org.springframework.boot.jpa.autoconfigure.EntityManagerFactoryDependsOnPostProcessor', 'org.springframework.orm.jpa.LocalContainerEntityManagerFactoryBean' (OnClassCondition)
      - @ConditionalOnBean (types: org.springframework.orm.jpa.AbstractEntityManagerFactoryBean; SearchStrategy: all) found bean '&entityManagerFactory' (OnBeanCondition)

   DispatcherServletAutoConfiguration matched:
      - @ConditionalOnClass found required class 'org.springframework.web.servlet.DispatcherServlet' (OnClassCondition)
      - found 'session' scope (OnWebApplicationCondition)

   DispatcherServletAutoConfiguration.DispatcherServletConfiguration matched:
      - @ConditionalOnClass found required class 'jakarta.servlet.ServletRegistration' (OnClassCondition)
      - Default DispatcherServlet did not find dispatcher servlet beans (DispatcherServletAutoConfiguration.DefaultDispatcherServletCondition)

   DispatcherServletAutoConfiguration.DispatcherServletRegistrationConfiguration matched:
      - @ConditionalOnClass found required class 'jakarta.servlet.ServletRegistration' (OnClassCondition)
      - DispatcherServlet Registration did not find servlet registration bean (DispatcherServletAutoConfiguration.DispatcherServletRegistrationCondition)

   DispatcherServletAutoConfiguration.DispatcherServletRegistrationConfiguration#dispatcherServletRegistration matched:
      - @ConditionalOnBean (names: dispatcherServlet types: org.springframework.web.servlet.DispatcherServlet; SearchStrategy: all) found bean 'dispatcherServlet' (OnBeanCondition)

   ErrorMvcAutoConfiguration matched:
      - @ConditionalOnClass found required classes 'jakarta.servlet.Servlet', 'org.springframework.web.servlet.DispatcherServlet' (OnClassCondition)
      - found 'session' scope (OnWebApplicationCondition)

   ErrorMvcAutoConfiguration#basicErrorController matched:
      - @ConditionalOnMissingBean (types: org.springframework.boot.webmvc.error.ErrorController; SearchStrategy: current) did not find any beans (OnBeanCondition)

   ErrorMvcAutoConfiguration#errorAttributes matched:
      - @ConditionalOnMissingBean (types: org.springframework.boot.webmvc.error.ErrorAttributes; SearchStrategy: current) did not find any beans (OnBeanCondition)

   ErrorMvcAutoConfiguration.DefaultErrorViewResolverConfiguration#conventionErrorViewResolver matched:
      - @ConditionalOnBean (types: org.springframework.web.servlet.DispatcherServlet; SearchStrategy: all) found bean 'dispatcherServlet'; @ConditionalOnMissingBean (types: org.springframework.boot.webmvc.autoconfigure.error.ErrorViewResolver; SearchStrategy: all) did not find any beans (OnBeanCondition)

   ErrorMvcAutoConfiguration.WhitelabelErrorViewConfiguration matched:
      - @ConditionalOnBooleanProperty (spring.web.error.whitelabel.enabled=true) matched (OnPropertyCondition)
      - ErrorTemplate Missing did not find error template view (ErrorMvcAutoConfiguration.ErrorTemplateMissingCondition)

   ErrorMvcAutoConfiguration.WhitelabelErrorViewConfiguration#beanNameViewResolver matched:
      - @ConditionalOnMissingBean (types: org.springframework.web.servlet.view.BeanNameViewResolver; SearchStrategy: all) did not find any beans (OnBeanCondition)

   ErrorMvcAutoConfiguration.WhitelabelErrorViewConfiguration#defaultErrorView matched:
      - @ConditionalOnMissingBean (names: error; SearchStrategy: all) did not find any beans (OnBeanCondition)

   HibernateJpaAutoConfiguration matched:
      - @ConditionalOnClass found required classes 'org.springframework.orm.jpa.LocalContainerEntityManagerFactoryBean', 'jakarta.persistence.EntityManager', 'org.hibernate.engine.spi.SessionImplementor' (OnClassCondition)

   HibernateJpaConfiguration matched:
      - @ConditionalOnSingleCandidate (types: javax.sql.DataSource; SearchStrategy: all) found a single bean 'dataSource' (OnBeanCondition)

   HttpEncodingAutoConfiguration matched:
      - @ConditionalOnClass found required class 'org.springframework.web.filter.CharacterEncodingFilter' (OnClassCondition)
      - found 'session' scope (OnWebApplicationCondition)
      - @ConditionalOnBooleanProperty (spring.servlet.encoding.enabled=true) matched (OnPropertyCondition)

   HttpEncodingAutoConfiguration#characterEncodingFilter matched:
      - @ConditionalOnMissingBean (types: org.springframework.web.filter.CharacterEncodingFilter; SearchStrategy: all) did not find any beans (OnBeanCondition)

   HttpMessageConvertersAutoConfiguration matched:
      - @ConditionalOnClass found required class 'org.springframework.http.converter.HttpMessageConverter' (OnClassCondition)
      - NoneNestedConditions 0 matched 1 did not; NestedCondition on HttpMessageConvertersAutoConfiguration.NotReactiveWebApplicationCondition.ReactiveWebApplication did not find reactive web application classes (HttpMessageConvertersAutoConfiguration.NotReactiveWebApplicationCondition)

   HttpMessageConvertersAutoConfiguration.StringHttpMessageConverterConfiguration#stringHttpMessageConvertersCustomizer matched:
      - @ConditionalOnMissingBean (types: org.springframework.http.converter.StringHttpMessageConverter; SearchStrategy: all) did not find any beans (OnBeanCondition)

   JacksonAutoConfiguration matched:
      - @ConditionalOnClass found required class 'tools.jackson.databind.json.JsonMapper' (OnClassCondition)

   JacksonAutoConfiguration#jacksonJsonMapper matched:
      - @ConditionalOnMissingBean (types: tools.jackson.databind.json.JsonMapper; SearchStrategy: all) did not find any beans (OnBeanCondition)

   JacksonAutoConfiguration#jsonMapperBuilder matched:
      - @ConditionalOnMissingBean (types: tools.jackson.databind.json.JsonMapper$Builder; SearchStrategy: all) did not find any beans (OnBeanCondition)

   JacksonAutoConfiguration.JsonProblemDetailsConfiguration matched:
      - @ConditionalOnClass found required class 'org.springframework.http.ProblemDetail' (OnClassCondition)

   JacksonHttpMessageConvertersConfiguration.JacksonJsonHttpMessageConverterConfiguration matched:
      - @ConditionalOnClass found required class 'tools.jackson.databind.json.JsonMapper' (OnClassCondition)
      - @ConditionalOnProperty (spring.http.converters.preferred-json-mapper=jackson) matched (OnPropertyCondition)
      - @ConditionalOnBean (types: tools.jackson.databind.json.JsonMapper; SearchStrategy: all) found bean 'jacksonJsonMapper' (OnBeanCondition)

   JacksonHttpMessageConvertersConfiguration.JacksonJsonHttpMessageConverterConfiguration#jacksonJsonHttpMessageConvertersCustomizer matched:
      - @ConditionalOnMissingBean (types: org.springframework.http.converter.json.JacksonJsonHttpMessageConverter ignored: org.springframework.hateoas.server.mvc.TypeConstrainedJacksonJsonHttpMessageConverter,org.springframework.data.rest.webmvc.alps.AlpsJacksonJsonHttpMessageConverter; SearchStrategy: all) did not find any beans (OnBeanCondition)

   JdbcClientAutoConfiguration matched:
      - @ConditionalOnSingleCandidate (types: org.springframework.jdbc.core.namedparam.NamedParameterJdbcTemplate; SearchStrategy: all) found a single bean 'namedParameterJdbcTemplate'; @ConditionalOnMissingBean (types: org.springframework.jdbc.core.simple.JdbcClient; SearchStrategy: all) did not find any beans (OnBeanCondition)

   JdbcTemplateAutoConfiguration matched:
      - @ConditionalOnClass found required classes 'javax.sql.DataSource', 'org.springframework.jdbc.core.JdbcTemplate' (OnClassCondition)
      - @ConditionalOnSingleCandidate (types: javax.sql.DataSource; SearchStrategy: all) found a single bean 'dataSource' (OnBeanCondition)

   JdbcTemplateConfiguration matched:
      - @ConditionalOnMissingBean (types: org.springframework.jdbc.core.JdbcOperations; SearchStrategy: all) did not find any beans (OnBeanCondition)

   JpaBaseConfiguration#entityManagerFactory matched:
      - @ConditionalOnMissingBean (types: org.springframework.orm.jpa.LocalContainerEntityManagerFactoryBean,jakarta.persistence.EntityManagerFactory; SearchStrategy: all) did not find any beans (OnBeanCondition)

   JpaBaseConfiguration#entityManagerFactoryBuilder matched:
      - @ConditionalOnMissingBean (types: org.springframework.boot.jpa.EntityManagerFactoryBuilder; SearchStrategy: all) did not find any beans (OnBeanCondition)

   JpaBaseConfiguration#jpaVendorAdapter matched:
      - @ConditionalOnMissingBean (types: org.springframework.orm.jpa.JpaVendorAdapter; SearchStrategy: all) did not find any beans (OnBeanCondition)

   JpaBaseConfiguration#transactionManager matched:
      - @ConditionalOnMissingBean (types: org.springframework.transaction.TransactionManager; SearchStrategy: all) did not find any beans (OnBeanCondition)

   JpaBaseConfiguration.JpaWebConfiguration matched:
      - @ConditionalOnClass found required class 'org.springframework.web.servlet.config.annotation.WebMvcConfigurer' (OnClassCondition)
      - found 'session' scope (OnWebApplicationCondition)
      - @ConditionalOnBooleanProperty (spring.jpa.open-in-view=true) matched (OnPropertyCondition)
      - @ConditionalOnMissingBean (types: org.springframework.orm.jpa.support.OpenEntityManagerInViewInterceptor,org.springframework.orm.jpa.support.OpenEntityManagerInViewFilter; SearchStrategy: all) did not find any beans (OnBeanCondition)

   JpaBaseConfiguration.PersistenceManagedTypesConfiguration matched:
      - @ConditionalOnMissingBean (types: org.springframework.orm.jpa.LocalContainerEntityManagerFactoryBean,jakarta.persistence.EntityManagerFactory; SearchStrategy: all) did not find any beans (OnBeanCondition)

   JpaBaseConfiguration.PersistenceManagedTypesConfiguration#persistenceManagedTypes matched:
      - @ConditionalOnMissingBean (types: org.springframework.orm.jpa.persistenceunit.PersistenceManagedTypes; SearchStrategy: all) did not find any beans (OnBeanCondition)

   JtaAutoConfiguration matched:
      - @ConditionalOnClass found required class 'jakarta.transaction.Transaction' (OnClassCondition)
      - @ConditionalOnBooleanProperty (spring.jta.enabled=true) matched (OnPropertyCondition)

   LifecycleAutoConfiguration#defaultLifecycleProcessor matched:
      - @ConditionalOnMissingBean (names: lifecycleProcessor; SearchStrategy: current) did not find any beans (OnBeanCondition)

   LocalDevToolsAutoConfiguration matched:
      - Initialized Restarter Condition available and initialized (OnInitializedRestarterCondition)

   LocalDevToolsAutoConfiguration.RestartConfiguration matched:
      - @ConditionalOnBooleanProperty (spring.devtools.restart.enabled=true) matched (OnPropertyCondition)

   LocalDevToolsAutoConfiguration.RestartConfiguration#classPathFileSystemWatcher matched:
      - @ConditionalOnMissingBean (types: org.springframework.boot.devtools.classpath.ClassPathFileSystemWatcher; SearchStrategy: all) did not find any beans (OnBeanCondition)

   LocalDevToolsAutoConfiguration.RestartConfiguration#classPathRestartStrategy matched:
      - @ConditionalOnMissingBean (types: org.springframework.boot.devtools.classpath.ClassPathRestartStrategy; SearchStrategy: all) did not find any beans (OnBeanCondition)

   LocalDevToolsAutoConfiguration.RestartConfiguration#conditionEvaluationDeltaLoggingListener matched:
      - @ConditionalOnBooleanProperty (spring.devtools.restart.log-condition-evaluation-delta=true) matched (OnPropertyCondition)

   MultipartAutoConfiguration matched:
      - @ConditionalOnClass found required classes 'jakarta.servlet.Servlet', 'org.springframework.web.multipart.support.StandardServletMultipartResolver', 'jakarta.servlet.MultipartConfigElement' (OnClassCondition)
      - found 'session' scope (OnWebApplicationCondition)
      - @ConditionalOnBooleanProperty (spring.servlet.multipart.enabled=true) matched (OnPropertyCondition)

   MultipartAutoConfiguration#multipartConfigElement matched:
      - @ConditionalOnMissingBean (types: jakarta.servlet.MultipartConfigElement; SearchStrategy: all) did not find any beans (OnBeanCondition)

   MultipartAutoConfiguration#multipartResolver matched:
      - @ConditionalOnMissingBean (types: org.springframework.web.multipart.MultipartResolver; SearchStrategy: all) did not find any beans (OnBeanCondition)

   NamedParameterJdbcTemplateConfiguration matched:
      - @ConditionalOnSingleCandidate (types: org.springframework.jdbc.core.JdbcTemplate; SearchStrategy: all) found a single bean 'jdbcTemplate'; @ConditionalOnMissingBean (types: org.springframework.jdbc.core.namedparam.NamedParameterJdbcOperations; SearchStrategy: all) did not find any beans (OnBeanCondition)

   PersistenceExceptionTranslationAutoConfiguration matched:
      - @ConditionalOnClass found required class 'org.springframework.dao.annotation.PersistenceExceptionTranslationPostProcessor' (OnClassCondition)

   PersistenceExceptionTranslationAutoConfiguration#persistenceExceptionTranslationPostProcessor matched:
      - @ConditionalOnBooleanProperty (spring.persistence.exceptiontranslation.enabled=true) matched (OnPropertyCondition)
      - @ConditionalOnMissingBean (types: org.springframework.dao.annotation.PersistenceExceptionTranslationPostProcessor; SearchStrategy: all) did not find any beans (OnBeanCondition)

   PropertyPlaceholderAutoConfiguration#propertySourcesPlaceholderConfigurer matched:
      - @ConditionalOnMissingBean (types: org.springframework.context.support.PropertySourcesPlaceholderConfigurer; SearchStrategy: current) did not find any beans (OnBeanCondition)

   SpringDocConfigProperties matched:
      - @ConditionalOnProperty (springdoc.api-docs.enabled) matched (OnPropertyCondition)
      - @ConditionalOnBean (types: org.springdoc.core.configuration.SpringDocConfiguration; SearchStrategy: all) found bean 'org.springdoc.core.configuration.SpringDocConfiguration' (OnBeanCondition)

   SpringDocConfiguration matched:
      - @ConditionalOnWebApplication (required) found 'session' scope (OnWebApplicationCondition)
      - @ConditionalOnProperty (springdoc.api-docs.enabled) matched (OnPropertyCondition)

   SpringDocConfiguration#fileSupportConverter matched:
      - @ConditionalOnMissingBean (types: org.springdoc.core.converters.FileSupportConverter; SearchStrategy: all) did not find any beans (OnBeanCondition)

   SpringDocConfiguration#globalOpenApiCustomizer matched:
      - @ConditionalOnMissingBean (names: globalOpenApiCustomizer; SearchStrategy: all) did not find any beans (OnBeanCondition)

   SpringDocConfiguration#initExtraSchemas matched:
      - @ConditionalOnProperty (springdoc.enable-extra-schemas) matched (OnPropertyCondition)

   SpringDocConfiguration#methodParameterPojoExtractor matched:
      - @ConditionalOnMissingBean (types: org.springdoc.core.extractor.MethodParameterPojoExtractor; SearchStrategy: all) did not find any beans (OnBeanCondition)

   SpringDocConfiguration#openAPIBuilder matched:
      - @ConditionalOnMissingBean (types: org.springdoc.core.service.OpenAPIService; SearchStrategy: all) did not find any beans (OnBeanCondition)

   SpringDocConfiguration#operationBuilder matched:
      - @ConditionalOnMissingBean (types: org.springdoc.core.service.OperationService; SearchStrategy: all) did not find any beans (OnBeanCondition)

   SpringDocConfiguration#parameterBuilder matched:
      - @ConditionalOnMissingBean (types: org.springdoc.core.service.GenericParameterService; SearchStrategy: all) did not find any beans (OnBeanCondition)

   SpringDocConfiguration#parameterObjectNamingStrategyCustomizer matched:
      - @ConditionalOnMissingBean (types: org.springdoc.core.customizers.ParameterObjectNamingStrategyCustomizer; SearchStrategy: all) did not find any beans (OnBeanCondition)

   SpringDocConfiguration#polymorphicModelConverter matched:
      - @ConditionalOnProperty (springdoc.model-converters.polymorphic-converter.enabled) matched (OnPropertyCondition)
      - @ConditionalOnMissingBean (types: org.springdoc.core.converters.PolymorphicModelConverter; SearchStrategy: all) did not find any beans (OnBeanCondition)

   SpringDocConfiguration#requestBodyBuilder matched:
      - @ConditionalOnMissingBean (types: org.springdoc.core.service.RequestBodyService; SearchStrategy: all) did not find any beans (OnBeanCondition)

   SpringDocConfiguration#responseSupportConverter matched:
      - @ConditionalOnMissingBean (types: org.springdoc.core.converters.ResponseSupportConverter; SearchStrategy: all) did not find any beans (OnBeanCondition)

   SpringDocConfiguration#schemaPropertyDeprecatingConverter matched:
      - @ConditionalOnProperty (springdoc.model-converters.deprecating-converter.enabled) matched (OnPropertyCondition)
      - @ConditionalOnMissingBean (types: org.springdoc.core.converters.SchemaPropertyDeprecatingConverter; SearchStrategy: all) did not find any beans (OnBeanCondition)

   SpringDocConfiguration#schemaUtils matched:
      - @ConditionalOnMissingBean (types: org.springdoc.core.utils.SchemaUtils; SearchStrategy: all) did not find any beans (OnBeanCondition)

   SpringDocConfiguration#securityParser matched:
      - @ConditionalOnMissingBean (types: org.springdoc.core.service.SecurityService; SearchStrategy: all) did not find any beans (OnBeanCondition)

   SpringDocConfiguration#springDocAppInitializer matched:
      - @ConditionalOnMissingBean (names: springDocAppInitializer; SearchStrategy: all) did not find any beans (OnBeanCondition)

   SpringDocConfiguration#springDocCustomizers matched:
      - @ConditionalOnMissingBean (types: org.springdoc.core.customizers.SpringDocCustomizers; SearchStrategy: all) did not find any beans (OnBeanCondition)

   SpringDocConfiguration#springDocProviders matched:
      - @ConditionalOnMissingBean (types: org.springdoc.core.providers.SpringDocProviders; SearchStrategy: all) did not find any beans (OnBeanCondition)

   SpringDocConfiguration#springdocObjectMapperProvider matched:
      - @ConditionalOnMissingBean (types: org.springdoc.core.providers.ObjectMapperProvider; SearchStrategy: all) did not find any beans (OnBeanCondition)

   SpringDocConfiguration.QuerydslProvider matched:
      - @ConditionalOnClass found required class 'org.springframework.data.querydsl.binding.QuerydslBindingsFactory' (OnClassCondition)

   SpringDocConfiguration.QuerydslProvider#queryDslQuerydslPredicateOperationCustomizer matched:
      - @ConditionalOnMissingBean (types: org.springdoc.core.customizers.QuerydslPredicateOperationCustomizer; SearchStrategy: all) did not find any beans (OnBeanCondition)

   SpringDocConfiguration.SpringDocSpringDataWebPropertiesProvider matched:
      - @ConditionalOnClass found required class 'org.springframework.boot.data.autoconfigure.web.DataWebProperties' (OnClassCondition)

   SpringDocConfiguration.SpringDocSpringDataWebPropertiesProvider#springDataWebPropertiesProvider matched:
      - @ConditionalOnMissingBean (types: org.springdoc.core.providers.SpringDataWebPropertiesProvider; SearchStrategy: all) did not find any beans (OnBeanCondition)

   SpringDocConfiguration.WebConversionServiceConfiguration matched:
      - @ConditionalOnClass found required class 'org.springframework.boot.autoconfigure.web.format.WebConversionService' (OnClassCondition)

   SpringDocPageableConfiguration matched:
      - @ConditionalOnClass found required class 'org.springframework.data.domain.Pageable' (OnClassCondition)
      - @ConditionalOnWebApplication (required) found 'session' scope (OnWebApplicationCondition)
      - @ConditionalOnProperty (springdoc.api-docs.enabled) matched (OnPropertyCondition)
      - @ConditionalOnBean (types: org.springdoc.core.configuration.SpringDocConfiguration; SearchStrategy: all) found bean 'org.springdoc.core.configuration.SpringDocConfiguration' (OnBeanCondition)

   SpringDocPageableConfiguration#dataRestDelegatingMethodParameterCustomizer matched:
      - @ConditionalOnMissingBean (types: org.springdoc.core.customizers.DataRestDelegatingMethodParameterCustomizer; SearchStrategy: all) did not find any beans (OnBeanCondition)

   SpringDocPageableConfiguration#pageOpenAPIConverter matched:
      - @ConditionalOnClass found required classes 'org.springframework.data.web.PagedModel', 'org.springframework.data.web.config.SpringDataWebSettings' (OnClassCondition)
      - @ConditionalOnMissingBean (types: org.springdoc.core.converters.PageOpenAPIConverter; SearchStrategy: all) did not find any beans (OnBeanCondition)

   SpringDocPageableConfiguration#pageableOpenAPIConverter matched:
      - @ConditionalOnProperty (springdoc.model-converters.pageable-converter.enabled) matched (OnPropertyCondition)
      - @ConditionalOnMissingBean (types: org.springdoc.core.converters.PageableOpenAPIConverter; SearchStrategy: all) did not find any beans (OnBeanCondition)

   SpringDocSortConfiguration matched:
      - @ConditionalOnClass found required class 'org.springframework.data.domain.Sort' (OnClassCondition)
      - @ConditionalOnWebApplication (required) found 'session' scope (OnWebApplicationCondition)
      - @ConditionalOnProperty (springdoc.api-docs.enabled) matched (OnPropertyCondition)
      - @ConditionalOnBean (types: org.springdoc.core.configuration.SpringDocConfiguration; SearchStrategy: all) found bean 'org.springdoc.core.configuration.SpringDocConfiguration' (OnBeanCondition)

   SpringDocSortConfiguration#sortOpenAPIConverter matched:
      - @ConditionalOnProperty (springdoc.sort-converter.enabled) matched (OnPropertyCondition)
      - @ConditionalOnMissingBean (types: org.springdoc.core.converters.SortOpenAPIConverter; SearchStrategy: all) did not find any beans (OnBeanCondition)

   SpringDocWebMvcConfiguration matched:
      - found 'session' scope (OnWebApplicationCondition)
      - @ConditionalOnProperty (springdoc.api-docs.enabled) matched (OnPropertyCondition)
      - @ConditionalOnBean (types: org.springdoc.core.configuration.SpringDocConfiguration; SearchStrategy: all) found bean 'org.springdoc.core.configuration.SpringDocConfiguration' (OnBeanCondition)

   SpringDocWebMvcConfiguration#openApiResource matched:
      - @ConditionalOnExpression (#{(${springdoc.use-management-port:false} == false ) and ${springdoc.enable-default-api-docs:true}}) resulted in true (OnExpressionCondition)
      - @ConditionalOnMissingBean (types: org.springdoc.webmvc.api.OpenApiWebMvcResource; SearchStrategy: all) did not find any beans (OnBeanCondition)

   SpringDocWebMvcConfiguration#requestBuilder matched:
      - @ConditionalOnMissingBean (types: org.springdoc.webmvc.core.service.RequestService; SearchStrategy: all) did not find any beans (OnBeanCondition)

   SpringDocWebMvcConfiguration#responseBuilder matched:
      - @ConditionalOnMissingBean (types: org.springdoc.core.service.GenericResponseService; SearchStrategy: all) did not find any beans (OnBeanCondition)

   SpringDocWebMvcConfiguration#springWebProvider matched:
      - @ConditionalOnMissingBean (types: org.springdoc.core.providers.SpringWebProvider; SearchStrategy: all) did not find any beans (OnBeanCondition)

   SpringDocWebMvcConfiguration.SpringDocWebMvcActuatorConfiguration matched:
      - @ConditionalOnClass found required class 'org.springframework.boot.webmvc.actuate.endpoint.web.WebMvcEndpointHandlerMapping' (OnClassCondition)

   SpringDocWebMvcConfiguration.SpringDocWebMvcRouterConfiguration matched:
      - @ConditionalOnClass found required class 'org.springframework.web.servlet.function.RouterFunction' (OnClassCondition)

   SpringDocWebMvcConfiguration.SpringDocWebMvcRouterConfiguration#routerFunctionProvider matched:
      - @ConditionalOnMissingBean (types: org.springdoc.webmvc.core.providers.RouterFunctionWebMvcProvider; SearchStrategy: all) did not find any beans (OnBeanCondition)

   SpringDocWebServerConfiguration.EmbeddedWebServerConfiguration matched:
      - @ConditionalOnClass found required classes 'org.springframework.boot.web.server.context.WebServerInitializedEvent', 'org.springframework.boot.web.server.autoconfigure.ServerProperties' (OnClassCondition)

   SslAutoConfiguration#sslBundleRegistry matched:
      - @ConditionalOnMissingBean (types: org.springframework.boot.ssl.SslBundleRegistry,org.springframework.boot.ssl.SslBundles; SearchStrategy: all) did not find any beans (OnBeanCondition)

   SwaggerConfig matched:
      - found 'session' scope (OnWebApplicationCondition)
      - @ConditionalOnProperty (springdoc.swagger-ui.enabled) matched (OnPropertyCondition)
      - @ConditionalOnBean (types: org.springdoc.core.configuration.SpringDocConfiguration; SearchStrategy: all) found bean 'org.springdoc.core.configuration.SpringDocConfiguration' (OnBeanCondition)

   SwaggerConfig#indexPageTransformer matched:
      - @ConditionalOnMissingBean (types: org.springdoc.webmvc.ui.SwaggerIndexTransformer; SearchStrategy: all) did not find any beans (OnBeanCondition)

   SwaggerConfig#springDocSwaggerInitializer matched:
      - @ConditionalOnProperty (springdoc.use-management-port=false) matched (OnPropertyCondition)
      - @ConditionalOnMissingBean (names: springDocSwaggerInitializer; SearchStrategy: all) did not find any beans (OnBeanCondition)

   SwaggerConfig#swaggerConfigResource matched:
      - @ConditionalOnProperty (springdoc.use-management-port=false) matched (OnPropertyCondition)
      - @ConditionalOnMissingBean (types: org.springdoc.webmvc.ui.SwaggerConfigResource; SearchStrategy: all) did not find any beans (OnBeanCondition)

   SwaggerConfig#swaggerResourceResolver matched:
      - @ConditionalOnMissingBean (types: org.springdoc.webmvc.ui.SwaggerResourceResolver; SearchStrategy: all) did not find any beans (OnBeanCondition)

   SwaggerConfig#swaggerWebMvcConfigurer matched:
      - @ConditionalOnMissingBean (types: org.springdoc.webmvc.ui.SwaggerWebMvcConfigurer; SearchStrategy: all) did not find any beans (OnBeanCondition)

   SwaggerConfig#swaggerWelcome matched:
      - @ConditionalOnProperty (springdoc.use-management-port=false) matched (OnPropertyCondition)
      - @ConditionalOnMissingBean (types: org.springdoc.webmvc.ui.SwaggerWelcomeWebMvc; SearchStrategy: all) did not find any beans (OnBeanCondition)

   SwaggerUiConfigProperties matched:
      - @ConditionalOnProperty (springdoc.swagger-ui.enabled) matched (OnPropertyCondition)
      - @ConditionalOnBean (types: org.springdoc.core.configuration.SpringDocConfiguration; SearchStrategy: all) found bean 'org.springdoc.core.configuration.SpringDocConfiguration' (OnBeanCondition)

   SwaggerUiOAuthProperties matched:
      - @ConditionalOnProperty (springdoc.swagger-ui.enabled) matched (OnPropertyCondition)
      - @ConditionalOnBean (types: org.springdoc.core.configuration.SpringDocConfiguration; SearchStrategy: all) found bean 'org.springdoc.core.configuration.SpringDocConfiguration' (OnBeanCondition)

   TaskExecutionAutoConfiguration matched:
      - @ConditionalOnClass found required class 'org.springframework.scheduling.concurrent.ThreadPoolTaskExecutor' (OnClassCondition)

   TaskExecutorConfigurations.AsyncConfigurerConfiguration matched:
      - @ConditionalOnMissingBean (types: org.springframework.scheduling.annotation.AsyncConfigurer; SearchStrategy: all) did not find any beans (OnBeanCondition)

   TaskExecutorConfigurations.SimpleAsyncTaskExecutorBuilderConfiguration#simpleAsyncTaskExecutorBuilder matched:
      - @ConditionalOnMissingBean (types: org.springframework.boot.task.SimpleAsyncTaskExecutorBuilder; SearchStrategy: all) did not find any beans (OnBeanCondition)
      - @ConditionalOnThreading found PLATFORM (OnThreadingCondition)

   TaskExecutorConfigurations.TaskExecutorConfiguration matched:
      - AnyNestedCondition 1 matched 1 did not; NestedCondition on TaskExecutorConfigurations.OnExecutorCondition.ModelCondition @ConditionalOnProperty (spring.task.execution.mode=force) did not find property 'spring.task.execution.mode'; NestedCondition on TaskExecutorConfigurations.OnExecutorCondition.ExecutorBeanCondition @ConditionalOnMissingBean (types: java.util.concurrent.Executor; SearchStrategy: all) did not find any beans (TaskExecutorConfigurations.OnExecutorCondition)

   TaskExecutorConfigurations.TaskExecutorConfiguration#applicationTaskExecutor matched:
      - @ConditionalOnThreading found PLATFORM (OnThreadingCondition)

   TaskExecutorConfigurations.ThreadPoolTaskExecutorBuilderConfiguration#threadPoolTaskExecutorBuilder matched:
      - @ConditionalOnMissingBean (types: org.springframework.boot.task.ThreadPoolTaskExecutorBuilder; SearchStrategy: all) did not find any beans (OnBeanCondition)

   TaskSchedulingAutoConfiguration matched:
      - @ConditionalOnClass found required class 'org.springframework.scheduling.concurrent.ThreadPoolTaskScheduler' (OnClassCondition)

   TaskSchedulingConfigurations.SimpleAsyncTaskSchedulerBuilderConfiguration#simpleAsyncTaskSchedulerBuilder matched:
      - @ConditionalOnMissingBean (types: org.springframework.boot.task.SimpleAsyncTaskSchedulerBuilder; SearchStrategy: all) did not find any beans (OnBeanCondition)
      - @ConditionalOnThreading found PLATFORM (OnThreadingCondition)

   TaskSchedulingConfigurations.ThreadPoolTaskSchedulerBuilderConfiguration#threadPoolTaskSchedulerBuilder matched:
      - @ConditionalOnMissingBean (types: org.springframework.boot.task.ThreadPoolTaskSchedulerBuilder; SearchStrategy: all) did not find any beans (OnBeanCondition)

   TomcatServletWebServerAutoConfiguration matched:
      - @ConditionalOnClass found required classes 'jakarta.servlet.ServletRequest', 'org.apache.catalina.startup.Tomcat', 'org.apache.coyote.UpgradeProtocol', 'org.springframework.boot.tomcat.servlet.TomcatServletWebServerFactory' (OnClassCondition)
      - found 'session' scope (OnWebApplicationCondition)

   TomcatServletWebServerAutoConfiguration#tomcatServletWebServerFactory matched:
      - @ConditionalOnMissingBean (types: org.springframework.boot.web.server.servlet.ServletWebServerFactory; SearchStrategy: current) did not find any beans (OnBeanCondition)

   TomcatWebServerConfiguration matched:
      - @ConditionalOnWarDeployment the application is not deployed as a WAR file. (OnWarDeploymentCondition)

   TomcatWebServerConfiguration.TomcatWebSocketConfiguration matched:
      - @ConditionalOnClass found required class 'org.apache.tomcat.websocket.server.WsSci' (OnClassCondition)

   TransactionAutoConfiguration matched:
      - @ConditionalOnClass found required class 'org.springframework.transaction.PlatformTransactionManager' (OnClassCondition)

   TransactionAutoConfiguration.EnableTransactionManagementConfiguration matched:
      - @ConditionalOnBean (types: org.springframework.transaction.TransactionManager; SearchStrategy: all) found bean 'transactionManager'; @ConditionalOnMissingBean (types: org.springframework.transaction.annotation.AbstractTransactionManagementConfiguration; SearchStrategy: all) did not find any beans (OnBeanCondition)

   TransactionAutoConfiguration.EnableTransactionManagementConfiguration.CglibAutoProxyConfiguration matched:
      - @ConditionalOnBooleanProperty (spring.aop.proxy-target-class=true) matched (OnPropertyCondition)

   TransactionAutoConfiguration.TransactionTemplateConfiguration matched:
      - @ConditionalOnSingleCandidate (types: org.springframework.transaction.PlatformTransactionManager; SearchStrategy: all) found a single bean 'transactionManager' (OnBeanCondition)

   TransactionAutoConfiguration.TransactionTemplateConfiguration#transactionTemplate matched:
      - @ConditionalOnMissingBean (types: org.springframework.transaction.support.TransactionOperations; SearchStrategy: all) did not find any beans (OnBeanCondition)

   TransactionManagerCustomizationAutoConfiguration matched:
      - @ConditionalOnClass found required class 'org.springframework.transaction.PlatformTransactionManager' (OnClassCondition)

   TransactionManagerCustomizationAutoConfiguration#platformTransactionManagerCustomizers matched:
      - @ConditionalOnMissingBean (types: org.springframework.boot.transaction.autoconfigure.TransactionManagerCustomizers; SearchStrategy: all) did not find any beans (OnBeanCondition)

   ValidationAutoConfiguration matched:
      - @ConditionalOnClass found required class 'jakarta.validation.executable.ExecutableValidator' (OnClassCondition)
      - @ConditionalOnResource found location classpath:META-INF/services/jakarta.validation.spi.ValidationProvider (OnResourceCondition)

   ValidationAutoConfiguration#defaultValidator matched:
      - @ConditionalOnMissingBean (types: jakarta.validation.Validator; SearchStrategy: all) did not find any beans (OnBeanCondition)

   ValidationAutoConfiguration#methodValidationPostProcessor matched:
      - @ConditionalOnMissingBean (types: org.springframework.validation.beanvalidation.MethodValidationPostProcessor; SearchStrategy: current) did not find any beans (OnBeanCondition)

   WebMvcAutoConfiguration matched:
      - @ConditionalOnClass found required classes 'jakarta.servlet.Servlet', 'org.springframework.web.servlet.DispatcherServlet', 'org.springframework.web.servlet.config.annotation.WebMvcConfigurer' (OnClassCondition)
      - found 'session' scope (OnWebApplicationCondition)
      - @ConditionalOnMissingBean (types: org.springframework.web.servlet.config.annotation.WebMvcConfigurationSupport; SearchStrategy: all) did not find any beans (OnBeanCondition)

   WebMvcAutoConfiguration#formContentFilter matched:
      - @ConditionalOnBooleanProperty (spring.mvc.formcontent.filter.enabled=true) matched (OnPropertyCondition)
      - @ConditionalOnMissingBean (types: org.springframework.web.filter.FormContentFilter; SearchStrategy: all) did not find any beans (OnBeanCondition)

   WebMvcAutoConfiguration.EnableWebMvcConfiguration#flashMapManager matched:
      - @ConditionalOnMissingBean (names: flashMapManager; SearchStrategy: all) did not find any beans (OnBeanCondition)

   WebMvcAutoConfiguration.EnableWebMvcConfiguration#localeResolver matched:
      - @ConditionalOnMissingBean (names: localeResolver; SearchStrategy: all) did not find any beans (OnBeanCondition)

   WebMvcAutoConfiguration.EnableWebMvcConfiguration#viewNameTranslator matched:
      - @ConditionalOnMissingBean (names: viewNameTranslator; SearchStrategy: all) did not find any beans (OnBeanCondition)

   WebMvcAutoConfiguration.ResourceChainCustomizerConfiguration matched:
      - @ConditionalOnEnabledResourceChain found class org.webjars.WebJarVersionLocator (OnEnabledResourceChainCondition)

   WebMvcAutoConfiguration.WebMvcAutoConfigurationAdapter#defaultViewResolver matched:
      - @ConditionalOnMissingBean (types: org.springframework.web.servlet.view.InternalResourceViewResolver; SearchStrategy: all) did not find any beans (OnBeanCondition)

   WebMvcAutoConfiguration.WebMvcAutoConfigurationAdapter#requestContextFilter matched:
      - @ConditionalOnMissingBean (types: org.springframework.web.context.request.RequestContextListener,org.springframework.web.filter.RequestContextFilter; SearchStrategy: all) did not find any beans (OnBeanCondition)

   WebMvcAutoConfiguration.WebMvcAutoConfigurationAdapter#viewResolver matched:
      - @ConditionalOnBean (types: org.springframework.web.servlet.ViewResolver; SearchStrategy: all) found beans 'defaultViewResolver', 'beanNameViewResolver', 'mvcViewResolver'; @ConditionalOnMissingBean (names: viewResolver types: org.springframework.web.servlet.view.ContentNegotiatingViewResolver; SearchStrategy: all) did not find any beans (OnBeanCondition)


Negative matches:
-----------------

   AopAutoConfiguration.AspectJAutoProxyingConfiguration.JdkDynamicAutoProxyConfiguration:
      Did not match:
         - @ConditionalOnBooleanProperty (spring.aop.proxy-target-class=false) did not find property 'spring.aop.proxy-target-class' (OnPropertyCondition)

   AopAutoConfiguration.ClassProxyingConfiguration:
      Did not match:
         - @ConditionalOnMissingClass found unwanted class 'org.aspectj.weaver.Advice' (OnClassCondition)

   DataJpaRepositoriesAutoConfiguration#entityManagerFactoryBootstrapExecutorCustomizer:
      Did not match:
         - AnyNestedCondition 0 matched 2 did not; NestedCondition on DataJpaRepositoriesAutoConfiguration.BootstrapExecutorCondition.LazyBootstrapMode @ConditionalOnProperty (spring.data.jpa.repositories.bootstrap-mode=lazy) did not find property 'spring.data.jpa.repositories.bootstrap-mode'; NestedCondition on DataJpaRepositoriesAutoConfiguration.BootstrapExecutorCondition.DeferredBootstrapMode @ConditionalOnProperty (spring.data.jpa.repositories.bootstrap-mode=deferred) did not find property 'spring.data.jpa.repositories.bootstrap-mode' (DataJpaRepositoriesAutoConfiguration.BootstrapExecutorCondition)

   DataRepositoryMetricsAutoConfiguration:
      Did not match:
         - @ConditionalOnBean did not find required type 'io.micrometer.core.instrument.MeterRegistry' (OnBeanCondition)

   DataSourceAutoConfiguration.EmbeddedDatabaseConfiguration:
      Did not match:
         - EmbeddedDataSource spring.datasource.url is set (DataSourceAutoConfiguration.EmbeddedDatabaseCondition)

   DataSourceCheckpointRestoreConfiguration:
      Did not match:
         - @ConditionalOnClass did not find required class 'org.crac.Resource' (OnClassCondition)

   DataSourceConfiguration.Dbcp2:
      Did not match:
         - @ConditionalOnClass did not find required class 'org.apache.commons.dbcp2.BasicDataSource' (OnClassCondition)

   DataSourceConfiguration.Generic:
      Did not match:
         - @ConditionalOnProperty (spring.datasource.type) did not find property 'spring.datasource.type' (OnPropertyCondition)

   DataSourceConfiguration.OracleUcp:
      Did not match:
         - @ConditionalOnClass did not find required class 'oracle.ucp.jdbc.PoolDataSourceImpl' (OnClassCondition)

   DataSourceConfiguration.Tomcat:
      Did not match:
         - @ConditionalOnClass did not find required class 'org.apache.tomcat.jdbc.pool.DataSource' (OnClassCondition)

   DataSourceHealthContributorAutoConfiguration:
      Did not match:
         - @ConditionalOnClass did not find required class 'org.springframework.boot.health.autoconfigure.contributor.ConditionalOnEnabledHealthIndicator' (OnClassCondition)

   DataSourceJmxConfiguration:
      Did not match:
         - @ConditionalOnBooleanProperty (spring.jmx.enabled=true) did not find property 'spring.jmx.enabled' (OnPropertyCondition)

   DataSourcePoolMetadataProvidersConfiguration.CommonsDbcp2PoolDataSourceMetadataProviderConfiguration:
      Did not match:
         - @ConditionalOnClass did not find required class 'org.apache.commons.dbcp2.BasicDataSource' (OnClassCondition)

   DataSourcePoolMetadataProvidersConfiguration.OracleUcpPoolDataSourceMetadataProviderConfiguration:
      Did not match:
         - @ConditionalOnClass did not find required class 'oracle.ucp.jdbc.PoolDataSource' (OnClassCondition)

   DataSourcePoolMetadataProvidersConfiguration.TomcatDataSourcePoolMetadataProviderConfiguration:
      Did not match:
         - @ConditionalOnClass did not find required class 'org.apache.tomcat.jdbc.pool.DataSource' (OnClassCondition)

   DataSourcePoolMetricsAutoConfiguration:
      Did not match:
         - @ConditionalOnClass did not find required class 'io.micrometer.core.instrument.MeterRegistry' (OnClassCondition)

   DataSourceTransactionManagerAutoConfiguration.JdbcTransactionManagerConfiguration#transactionManager:
      Did not match:
         - @ConditionalOnMissingBean (types: org.springframework.transaction.TransactionManager; SearchStrategy: all) found beans of type 'org.springframework.transaction.TransactionManager' transactionManager (OnBeanCondition)

   DevToolsR2dbcAutoConfiguration:
      Did not match:
         - @ConditionalOnClass did not find required class 'io.r2dbc.spi.ConnectionFactory' (OnClassCondition)

   DispatcherServletAutoConfiguration.DispatcherServletConfiguration#multipartResolver:
      Did not match:
         - @ConditionalOnBean (types: org.springframework.web.multipart.MultipartResolver; SearchStrategy: all) did not find any beans of type org.springframework.web.multipart.MultipartResolver (OnBeanCondition)

   GsonHttpMessageConvertersConfiguration:
      Did not match:
         - @ConditionalOnClass did not find required class 'com.google.gson.Gson' (OnClassCondition)

   HibernateMetricsAutoConfiguration:
      Did not match:
         - @ConditionalOnClass did not find required class 'io.micrometer.core.instrument.MeterRegistry' (OnClassCondition)

   Jackson2HttpMessageConvertersConfiguration.MappingJackson2HttpMessageConverterConfiguration:
      Did not match:
         - AnyNestedCondition 0 matched 2 did not; NestedCondition on Jackson2HttpMessageConvertersConfiguration.PreferJackson2OrJacksonUnavailableCondition.JacksonUnavailable @ConditionalOnMissingBean (types: org.springframework.boot.http.converter.autoconfigure.JacksonHttpMessageConvertersConfiguration$JacksonJsonHttpMessageConvertersCustomizer; SearchStrategy: all) found beans of type 'org.springframework.boot.http.converter.autoconfigure.JacksonHttpMessageConvertersConfiguration$JacksonJsonHttpMessageConvertersCustomizer' jacksonJsonHttpMessageConvertersCustomizer; NestedCondition on Jackson2HttpMessageConvertersConfiguration.PreferJackson2OrJacksonUnavailableCondition.Jackson2Preferred @ConditionalOnProperty (spring.http.converters.preferred-json-mapper=jackson2) did not find property 'spring.http.converters.preferred-json-mapper' (Jackson2HttpMessageConvertersConfiguration.PreferJackson2OrJacksonUnavailableCondition)
      Matched:
         - @ConditionalOnClass found required class 'com.fasterxml.jackson.databind.ObjectMapper' (OnClassCondition)

   Jackson2HttpMessageConvertersConfiguration.MappingJackson2XmlHttpMessageConverterConfiguration:
      Did not match:
         - @ConditionalOnClass did not find required class 'com.fasterxml.jackson.dataformat.xml.XmlMapper' (OnClassCondition)

   JacksonAutoConfiguration.CborConfiguration:
      Did not match:
         - @ConditionalOnClass did not find required class 'tools.jackson.dataformat.cbor.CBORMapper' (OnClassCondition)

   JacksonAutoConfiguration.XmlConfiguration:
      Did not match:
         - @ConditionalOnClass did not find required class 'tools.jackson.dataformat.xml.XmlMapper' (OnClassCondition)

   JacksonHttpMessageConvertersConfiguration.JacksonXmlHttpMessageConverterConfiguration:
      Did not match:
         - @ConditionalOnClass did not find required class 'tools.jackson.dataformat.xml.XmlMapper' (OnClassCondition)

   JmxAutoConfiguration:
      Did not match:
         - @ConditionalOnBooleanProperty (spring.jmx.enabled=true) did not find property 'spring.jmx.enabled' (OnPropertyCondition)
      Matched:
         - @ConditionalOnClass found required class 'org.springframework.jmx.export.MBeanExporter' (OnClassCondition)

   JndiDataSourceAutoConfiguration:
      Did not match:
         - @ConditionalOnProperty (spring.datasource.jndi-name) did not find property 'spring.datasource.jndi-name' (OnPropertyCondition)
      Matched:
         - @ConditionalOnClass found required classes 'javax.sql.DataSource', 'org.springframework.jdbc.datasource.embedded.EmbeddedDatabaseType' (OnClassCondition)

   JndiJtaConfiguration:
      Did not match:
         - @ConditionalOnJndi JNDI environment is not available (OnJndiCondition)
      Matched:
         - @ConditionalOnClass found required class 'org.springframework.transaction.jta.JtaTransactionManager' (OnClassCondition)

   JsonbHttpMessageConvertersConfiguration:
      Did not match:
         - @ConditionalOnClass did not find required class 'jakarta.json.bind.Jsonb' (OnClassCondition)

   KotlinSerializationHttpMessageConvertersConfiguration:
      Did not match:
         - @ConditionalOnClass did not find required classes 'kotlinx.serialization.Serializable', 'kotlinx.serialization.json.Json' (OnClassCondition)

   LocalDevToolsAutoConfiguration.LiveReloadConfiguration:
      Did not match:
         - @ConditionalOnBooleanProperty (spring.devtools.livereload.enabled=true) did not find property 'spring.devtools.livereload.enabled' (OnPropertyCondition)

   MessageSourceAutoConfiguration:
      Did not match:
         - ResourceBundle did not find bundle with basename messages (MessageSourceAutoConfiguration.ResourceBundleCondition)

   MultipleOpenApiSupportConfiguration:
      Did not match:
         - AnyNestedCondition 0 matched 2 did not; NestedCondition on MultipleOpenApiSupportCondition.OnActuatorDifferentPort @ConditionalOnProperty (springdoc.show-actuator) did not find property 'springdoc.show-actuator'; NestedCondition on MultipleOpenApiSupportCondition.OnMultipleOpenApiSupportCondition AnyNestedCondition 0 matched 3 did not; NestedCondition on MultipleOpenApiGroupsCondition.OnListGroupedOpenApiBean @ConditionalOnBean (types: org.springdoc.core.models.GroupedOpenApi; SearchStrategy: all) did not find any beans of type org.springdoc.core.models.GroupedOpenApi; NestedCondition on MultipleOpenApiGroupsCondition.OnGroupConfigProperty @ConditionalOnProperty (springdoc.group-configs[0].group) did not find property 'springdoc.group-configs[0].group'; NestedCondition on MultipleOpenApiGroupsCondition.OnGroupedOpenApiBean @ConditionalOnBean (types: org.springdoc.core.models.GroupedOpenApi; SearchStrategy: all) did not find any beans of type org.springdoc.core.models.GroupedOpenApi (MultipleOpenApiSupportCondition)
      Matched:
         - found 'session' scope (OnWebApplicationCondition)
         - @ConditionalOnProperty (springdoc.api-docs.enabled) matched (OnPropertyCondition)

   MultipleOpenApiSupportConfiguration.SpringDocWebMvcActuatorDifferentConfiguration:
      Did not match:
         - Ancestor org.springdoc.webmvc.core.configuration.MultipleOpenApiSupportConfiguration did not match (ConditionEvaluationReport.AncestorsMatchedCondition)
      Matched:
         - @ConditionalOnClass found required class 'org.springframework.boot.webmvc.actuate.endpoint.web.WebMvcEndpointHandlerMapping' (OnClassCondition)

   ProjectInfoAutoConfiguration#buildProperties:
      Did not match:
         - @ConditionalOnResource did not find resource '${spring.info.build.location:classpath:META-INF/build-info.properties}' (OnResourceCondition)

   ProjectInfoAutoConfiguration#gitProperties:
      Did not match:
         - GitResource did not find git info at classpath:git.properties (ProjectInfoAutoConfiguration.GitResourceAvailableCondition)

   RemoteDevToolsAutoConfiguration:
      Did not match:
         - @ConditionalOnProperty (spring.devtools.remote.secret) did not find property 'spring.devtools.remote.secret' (OnPropertyCondition)
      Matched:
         - @ConditionalOnClass found required classes 'jakarta.servlet.Filter', 'org.springframework.http.server.ServerHttpRequest', 'org.springframework.boot.web.server.autoconfigure.ServerProperties' (OnClassCondition)

   ServletHttpExchangesAutoConfiguration:
      Did not match:
         - @ConditionalOnBean did not find required type 'org.springframework.boot.actuate.web.exchanges.HttpExchangeRepository' (OnBeanCondition)

   ServletManagementContextAutoConfiguration:
      Did not match:
         - @ConditionalOnClass did not find required class 'org.springframework.boot.actuate.autoconfigure.endpoint.web.WebEndpointProperties' (OnClassCondition)

   ServletMappingsAutoConfiguration:
      Did not match:
         - @ConditionalOnClass did not find required class 'org.springframework.boot.actuate.autoconfigure.endpoint.condition.ConditionalOnAvailableEndpoint' (OnClassCondition)

   ServletWebServerConfiguration#forwardedHeaderFilter:
      Did not match:
         - @ConditionalOnProperty (server.forward-headers-strategy=framework) did not find property 'server.forward-headers-strategy' (OnPropertyCondition)

   SpringApplicationAdminJmxAutoConfiguration:
      Did not match:
         - @ConditionalOnBooleanProperty (spring.application.admin.enabled=true) did not find property 'spring.application.admin.enabled' (OnPropertyCondition)

   SpringDocConfiguration#oas31ModelConverter:
      Did not match:
         - @ConditionalOnProperty (springdoc.explicit-object-schema=true) did not find property 'springdoc.explicit-object-schema' (OnPropertyCondition)

   SpringDocConfiguration#propertiesResolverForSchema:
      Did not match:
         - @ConditionalOnProperty (springdoc.api-docs.resolve-schema-properties) did not find property 'springdoc.api-docs.resolve-schema-properties' (OnPropertyCondition)

   SpringDocConfiguration#propertyCustomizingConverter:
      Did not match:
         - @ConditionalOnBean (types: org.springdoc.core.customizers.PropertyCustomizer; SearchStrategy: all) did not find any beans of type org.springdoc.core.customizers.PropertyCustomizer (OnBeanCondition)

   SpringDocConfiguration#springdocBeanFactoryPostProcessor:
      Did not match:
         - AnyNestedCondition 0 matched 2 did not; NestedCondition on CacheOrGroupedOpenApiCondition.OnCacheDisabled found non-matching nested conditions @ConditionalOnProperty (springdoc.cache.disabled) did not find property 'springdoc.cache.disabled'; NestedCondition on CacheOrGroupedOpenApiCondition.OnMultipleOpenApiSupportCondition AnyNestedCondition 0 matched 2 did not; NestedCondition on MultipleOpenApiSupportCondition.OnActuatorDifferentPort @ConditionalOnProperty (springdoc.show-actuator) did not find property 'springdoc.show-actuator'; NestedCondition on MultipleOpenApiSupportCondition.OnMultipleOpenApiSupportCondition AnyNestedCondition 0 matched 3 did not; NestedCondition on MultipleOpenApiGroupsCondition.OnListGroupedOpenApiBean @ConditionalOnBean (types: org.springdoc.core.models.GroupedOpenApi; SearchStrategy: all) did not find any beans of type org.springdoc.core.models.GroupedOpenApi; NestedCondition on MultipleOpenApiGroupsCondition.OnGroupConfigProperty @ConditionalOnProperty (springdoc.group-configs[0].group) did not find property 'springdoc.group-configs[0].group'; NestedCondition on MultipleOpenApiGroupsCondition.OnGroupedOpenApiBean @ConditionalOnBean (types: org.springdoc.core.models.GroupedOpenApi; SearchStrategy: all) did not find any beans of type org.springdoc.core.models.GroupedOpenApi (CacheOrGroupedOpenApiCondition)
      Matched:
         - @ConditionalOnClass found required class 'org.springframework.boot.context.properties.bind.BindResult' (OnClassCondition)

   SpringDocConfiguration#springdocBeanFactoryPostProcessor2:
      Did not match:
         - @ConditionalOnMissingClass found unwanted class 'org.springframework.boot.context.properties.bind.BindResult' (OnClassCondition)

   SpringDocConfiguration.SpringDocActuatorConfiguration:
      Did not match:
         - @ConditionalOnClass did not find required class 'org.springframework.boot.actuate.autoconfigure.endpoint.web.WebEndpointProperties' (OnClassCondition)

   SpringDocConfiguration.SpringDocRepositoryRestConfiguration:
      Did not match:
         - @ConditionalOnClass did not find required class 'org.springframework.data.rest.core.config.RepositoryRestConfiguration' (OnClassCondition)

   SpringDocConfiguration.SpringDocWebFluxSupportConfiguration:
      Did not match:
         - @ConditionalOnClass did not find required class 'reactor.core.publisher.Flux' (OnClassCondition)

   SpringDocDataRestConfiguration:
      Did not match:
         - @ConditionalOnClass did not find required class 'org.springframework.data.rest.core.config.RepositoryRestConfiguration' (OnClassCondition)

   SpringDocFunctionCatalogConfiguration:
      Did not match:
         - @ConditionalOnClass did not find required class 'org.springframework.cloud.function.web.function.FunctionEndpointInitializer' (OnClassCondition)

   SpringDocGroovyConfiguration:
      Did not match:
         - @ConditionalOnClass did not find required class 'groovy.lang.MetaClass' (OnClassCondition)

   SpringDocHateoasConfiguration:
      Did not match:
         - @ConditionalOnClass did not find required class 'org.springframework.hateoas.server.LinkRelationProvider' (OnClassCondition)

   SpringDocJacksonKotlinModuleConfiguration:
      Did not match:
         - @ConditionalOnClass did not find required class 'com.fasterxml.jackson.module.kotlin.KotlinModule' (OnClassCondition)

   SpringDocJavadocConfiguration:
      Did not match:
         - @ConditionalOnClass did not find required class 'com.github.therapi.runtimejavadoc.CommentFormatter' (OnClassCondition)

   SpringDocKotlinConfiguration:
      Did not match:
         - @ConditionalOnClass did not find required class 'kotlin.coroutines.Continuation' (OnClassCondition)

   SpringDocKotlinxConfiguration:
      Did not match:
         - @ConditionalOnClass did not find required class 'kotlinx.coroutines.flow.Flow' (OnClassCondition)

   SpringDocSecurityConfiguration:
      Did not match:
         - @ConditionalOnClass did not find required class 'org.springframework.security.web.SecurityFilterChain' (OnClassCondition)

   SpringDocSortConfiguration#dataRestDelegatingMethodParameterCustomizer:
      Did not match:
         - @ConditionalOnMissingBean (types: org.springdoc.core.customizers.DataRestDelegatingMethodParameterCustomizer; SearchStrategy: all) found beans of type 'org.springdoc.core.customizers.DataRestDelegatingMethodParameterCustomizer' dataRestDelegatingMethodParameterCustomizer (OnBeanCondition)

   SpringDocWebMvcConfiguration.SpringDocWebMvcActuatorConfiguration#actuatorProvider:
      Did not match:
         - @ConditionalOnExpression (#{${springdoc.show-actuator:false} or ${springdoc.use-management-port:false}}) resulted in false (OnExpressionCondition)

   SpringDocWebMvcConfiguration.SpringDocWebMvcActuatorConfiguration#openApiActuatorResource:
      Did not match:
         - @ConditionalOnExpression (#{${springdoc.use-management-port:false} and ${springdoc.enable-default-api-docs:true}}) resulted in false (OnExpressionCondition)

   SpringDocWebServerConfiguration.DeployedWebServerConfiguration:
      Did not match:
         - @ConditionalOnMissingClass found unwanted classes 'org.springframework.boot.web.server.context.WebServerInitializedEvent', 'org.springframework.boot.web.server.autoconfigure.ServerProperties' (OnClassCondition)

   SwaggerConfig#springWebProvider:
      Did not match:
         - @ConditionalOnMissingBean (types: org.springdoc.core.providers.SpringWebProvider; SearchStrategy: all) found beans of type 'org.springdoc.core.providers.SpringWebProvider' springWebProvider (OnBeanCondition)

   SwaggerConfig#swaggerUiHome:
      Did not match:
         - @ConditionalOnProperty (springdoc.swagger-ui.use-root-path=true) did not find property 'springdoc.swagger-ui.use-root-path' (OnPropertyCondition)

   SwaggerConfig.SwaggerActuatorWelcomeConfiguration:
      Did not match:
         - @ConditionalOnProperty (springdoc.use-management-port) did not find property 'springdoc.use-management-port' (OnPropertyCondition)
      Matched:
         - @ConditionalOnClass found required class 'org.springframework.boot.webmvc.actuate.endpoint.web.WebMvcEndpointHandlerMapping' (OnClassCondition)

   TaskExecutorConfigurations.AsyncConfigurerWrapperConfiguration:
      Did not match:
         - @ConditionalOnBean (types: org.springframework.scheduling.annotation.AsyncConfigurer; SearchStrategy: all) did not find any beans of type org.springframework.scheduling.annotation.AsyncConfigurer (OnBeanCondition)

   TaskExecutorConfigurations.SimpleAsyncTaskExecutorBuilderConfiguration#simpleAsyncTaskExecutorBuilderVirtualThreads:
      Did not match:
         - @ConditionalOnMissingBean (types: org.springframework.boot.task.SimpleAsyncTaskExecutorBuilder; SearchStrategy: all) found beans of type 'org.springframework.boot.task.SimpleAsyncTaskExecutorBuilder' simpleAsyncTaskExecutorBuilder (OnBeanCondition)

   TaskExecutorConfigurations.TaskExecutorConfiguration#applicationTaskExecutorVirtualThreads:
      Did not match:
         - @ConditionalOnThreading did not find VIRTUAL (OnThreadingCondition)

   TaskSchedulingAutoConfiguration#scheduledBeanLazyInitializationExcludeFilter:
      Did not match:
         - @ConditionalOnBean (names: org.springframework.scheduling.config.internalScheduledAnnotationProcessor; SearchStrategy: all) did not find any beans named org.springframework.scheduling.config.internalScheduledAnnotationProcessor (OnBeanCondition)

   TaskSchedulingConfigurations.SimpleAsyncTaskSchedulerBuilderConfiguration#simpleAsyncTaskSchedulerBuilderVirtualThreads:
      Did not match:
         - @ConditionalOnMissingBean (types: org.springframework.boot.task.SimpleAsyncTaskSchedulerBuilder; SearchStrategy: all) found beans of type 'org.springframework.boot.task.SimpleAsyncTaskSchedulerBuilder' simpleAsyncTaskSchedulerBuilder (OnBeanCondition)

   TaskSchedulingConfigurations.TaskSchedulerConfiguration:
      Did not match:
         - @ConditionalOnBean (names: org.springframework.scheduling.config.internalScheduledAnnotationProcessor; SearchStrategy: all) did not find any beans named org.springframework.scheduling.config.internalScheduledAnnotationProcessor (OnBeanCondition)

   TomcatMetricsAutoConfiguration:
      Did not match:
         - @ConditionalOnClass did not find required class 'io.micrometer.core.instrument.binder.tomcat.TomcatMetrics' (OnClassCondition)

   TomcatReactiveManagementContextAutoConfiguration:
      Did not match:
         - @ConditionalOnClass did not find required class 'org.springframework.boot.actuate.autoconfigure.web.server.ManagementContextFactory' (OnClassCondition)

   TomcatReactiveWebServerAutoConfiguration:
      Did not match:
         - @ConditionalOnWebApplication did not find reactive web application classes (OnWebApplicationCondition)

   TomcatServletManagementContextAutoConfiguration:
      Did not match:
         - @ConditionalOnClass did not find required class 'org.springframework.boot.actuate.autoconfigure.web.server.ManagementContextFactory' (OnClassCondition)

   TomcatServletWebServerAutoConfiguration#tomcatForwardedHeaderFilterCustomizer:
      Did not match:
         - @ConditionalOnProperty (server.forward-headers-strategy=framework) did not find property 'server.forward-headers-strategy' (OnPropertyCondition)

   TomcatWebServerConfiguration#tomcatVirtualThreadsProtocolHandlerCustomizer:
      Did not match:
         - @ConditionalOnThreading did not find VIRTUAL (OnThreadingCondition)

   TransactionAutoConfiguration#transactionalOperator:
      Did not match:
         - @ConditionalOnSingleCandidate (types: org.springframework.transaction.ReactiveTransactionManager; SearchStrategy: all) did not find any beans (OnBeanCondition)

   TransactionAutoConfiguration.AspectJTransactionManagementConfiguration:
      Did not match:
         - @ConditionalOnBean (types: org.springframework.transaction.aspectj.AbstractTransactionAspect; SearchStrategy: all) did not find any beans of type org.springframework.transaction.aspectj.AbstractTransactionAspect (OnBeanCondition)

   TransactionAutoConfiguration.EnableTransactionManagementConfiguration.JdkDynamicAutoProxyConfiguration:
      Did not match:
         - @ConditionalOnBooleanProperty (spring.aop.proxy-target-class=false) did not find property 'spring.aop.proxy-target-class' (OnPropertyCondition)

   WebMvcAutoConfiguration#hiddenHttpMethodFilter:
      Did not match:
         - @ConditionalOnBooleanProperty (spring.mvc.hiddenmethod.filter.enabled=true) did not find property 'spring.mvc.hiddenmethod.filter.enabled' (OnPropertyCondition)

   WebMvcAutoConfiguration.ProblemDetailsErrorHandlingConfiguration:
      Did not match:
         - @ConditionalOnBooleanProperty (spring.mvc.problemdetails.enabled=true) did not find property 'spring.mvc.problemdetails.enabled' (OnPropertyCondition)

   WebMvcAutoConfiguration.WebMvcAutoConfigurationAdapter#beanNameViewResolver:
      Did not match:
         - @ConditionalOnMissingBean (types: org.springframework.web.servlet.view.BeanNameViewResolver; SearchStrategy: all) found beans of type 'org.springframework.web.servlet.view.BeanNameViewResolver' beanNameViewResolver (OnBeanCondition)

   WebMvcHealthEndpointExtensionAutoConfiguration:
      Did not match:
         - @ConditionalOnClass did not find required class 'org.springframework.boot.health.actuate.endpoint.HealthEndpoint' (OnClassCondition)

   WebMvcMappingsAutoConfiguration:
      Did not match:
         - @ConditionalOnClass did not find required class 'org.springframework.boot.actuate.autoconfigure.endpoint.condition.ConditionalOnAvailableEndpoint' (OnClassCondition)

   WebMvcObservationAutoConfiguration:
      Did not match:
         - @ConditionalOnClass did not find required class 'org.springframework.boot.micrometer.observation.autoconfigure.ObservationProperties' (OnClassCondition)

   XADataSourceAutoConfiguration:
      Did not match:
         - @ConditionalOnBean (types: org.springframework.boot.jdbc.XADataSourceWrapper; SearchStrategy: all) did not find any beans of type org.springframework.boot.jdbc.XADataSourceWrapper (OnBeanCondition)
      Matched:
         - @ConditionalOnClass found required classes 'javax.sql.DataSource', 'jakarta.transaction.TransactionManager', 'org.springframework.jdbc.datasource.embedded.EmbeddedDatabaseType' (OnClassCondition)


Exclusions:
-----------

    None


Unconditional classes:
----------------------

    org.springdoc.core.configuration.SpringDocWebServerConfiguration.EmbeddedWebServerConfiguration

    org.springframework.boot.autoconfigure.context.ConfigurationPropertiesAutoConfiguration

    org.springframework.boot.autoconfigure.ssl.SslAutoConfiguration

    org.springframework.boot.autoconfigure.context.PropertyPlaceholderAutoConfiguration

    org.springframework.boot.autoconfigure.context.LifecycleAutoConfiguration

    org.springdoc.core.configuration.SpringDocSpecPropertiesConfiguration

    org.springframework.boot.autoconfigure.availability.ApplicationAvailabilityAutoConfiguration

    org.springframework.boot.autoconfigure.info.ProjectInfoAutoConfiguration

    org.springdoc.core.configuration.SpringDocWebServerConfiguration.DeployedWebServerConfiguration



2026-08-05T16:14:19.030+05:30  INFO 16000 --- [patient-registry] [restartedMain] c.p.p.PatientRegistryApplication         : Started PatientRegistryApplication in 9.317 seconds (process running for 10.339)
2026-08-05T16:14:19.032+05:30 DEBUG 16000 --- [patient-registry] [restartedMain] o.s.b.a.ApplicationAvailabilityBean      : Application availability state LivenessState changed to CORRECT
2026-08-05T16:14:19.035+05:30 DEBUG 16000 --- [patient-registry] [restartedMain] o.s.boot.devtools.restart.Restarter      : Creating new Restarter for thread Thread[main,5,main]
2026-08-05T16:14:19.035+05:30 DEBUG 16000 --- [patient-registry] [restartedMain] o.s.boot.devtools.restart.Restarter      : Immediately restarting application
2026-08-05T16:14:19.035+05:30 DEBUG 16000 --- [patient-registry] [restartedMain] o.s.boot.devtools.restart.Restarter      : Starting application com.premit.patient_registry.PatientRegistryApplication with URLs [file:/D:/CurrentRunningProgram/PremDev/SPRINGWEB/patient-registry/patient-registry/target/classes/]
2026-08-05T16:14:19.035+05:30  WARN 16000 --- [patient-registry] [restartedMain] o.s.core.events.SpringDocAppInitializer  : SpringDoc /v3/api-docs endpoint is enabled by default. To disable it in production, set the property 'springdoc.api-docs.enabled=false'
2026-08-05T16:14:19.035+05:30  WARN 16000 --- [patient-registry] [restartedMain] o.s.core.events.SpringDocAppInitializer  : SpringDoc /swagger-ui.html endpoint is enabled by default. To disable it in production, set the property 'springdoc.swagger-ui.enabled=false'
2026-08-05T16:14:19.036+05:30 DEBUG 16000 --- [patient-registry] [restartedMain] o.s.b.a.ApplicationAvailabilityBean      : Application availability state ReadinessState changed to ACCEPTING_TRAFFIC
2026-08-05T16:14:46.218+05:30  INFO 16000 --- [patient-registry] [http-nio-9999-exec-1] o.a.c.c.C.[.[localhost].[/premit]        : Initializing Spring DispatcherServlet 'dispatcherServlet'
2026-08-05T16:14:46.218+05:30  INFO 16000 --- [patient-registry] [http-nio-9999-exec-1] o.s.web.servlet.DispatcherServlet        : Initializing Servlet 'dispatcherServlet'
2026-08-05T16:14:46.218+05:30 DEBUG 16000 --- [patient-registry] [http-nio-9999-exec-1] o.s.web.servlet.DispatcherServlet        : Detected StandardServletMultipartResolver
2026-08-05T16:14:46.218+05:30 DEBUG 16000 --- [patient-registry] [http-nio-9999-exec-1] o.s.web.servlet.DispatcherServlet        : Detected AcceptHeaderLocaleResolver
2026-08-05T16:14:46.218+05:30 DEBUG 16000 --- [patient-registry] [http-nio-9999-exec-1] o.s.web.servlet.DispatcherServlet        : Detected org.springframework.web.servlet.view.DefaultRequestToViewNameTranslator@bb813c
2026-08-05T16:14:46.218+05:30 DEBUG 16000 --- [patient-registry] [http-nio-9999-exec-1] o.s.web.servlet.DispatcherServlet        : Detected org.springframework.web.servlet.support.SessionFlashMapManager@3a81dd71
2026-08-05T16:14:46.218+05:30 DEBUG 16000 --- [patient-registry] [http-nio-9999-exec-1] o.s.web.servlet.DispatcherServlet        : enableLoggingRequestDetails='false': request parameters and headers will be masked to prevent unsafe logging of potentially sensitive data
2026-08-05T16:14:46.218+05:30  INFO 16000 --- [patient-registry] [http-nio-9999-exec-1] o.s.web.servlet.DispatcherServlet        : Completed initialization in 0 ms
2026-08-05T16:14:46.429+05:30 DEBUG 16000 --- [patient-registry] [http-nio-9999-exec-1] o.s.web.servlet.DispatcherServlet        : GET "/premit/swagger-ui/index.css", parameters={}
2026-08-05T16:14:46.429+05:30 DEBUG 16000 --- [patient-registry] [http-nio-9999-exec-3] o.s.web.servlet.DispatcherServlet        : GET "/premit/swagger-ui/swagger-ui-bundle.js", parameters={}
2026-08-05T16:14:46.429+05:30 DEBUG 16000 --- [patient-registry] [http-nio-9999-exec-2] o.s.web.servlet.DispatcherServlet        : GET "/premit/swagger-ui/swagger-ui.css", parameters={}
2026-08-05T16:14:46.525+05:30 DEBUG 16000 --- [patient-registry] [http-nio-9999-exec-3] o.s.w.s.handler.SimpleUrlHandlerMapping  : Mapped to ResourceHttpRequestHandler [classpath [META-INF/resources/webjars/swagger-ui/5.32.0/]]
2026-08-05T16:14:46.527+05:30 DEBUG 16000 --- [patient-registry] [http-nio-9999-exec-2] o.s.w.s.handler.SimpleUrlHandlerMapping  : Mapped to ResourceHttpRequestHandler [classpath [META-INF/resources/webjars/swagger-ui/5.32.0/]]
2026-08-05T16:14:46.529+05:30 DEBUG 16000 --- [patient-registry] [http-nio-9999-exec-1] o.s.w.s.handler.SimpleUrlHandlerMapping  : Mapped to ResourceHttpRequestHandler [classpath [META-INF/resources/webjars/swagger-ui/5.32.0/]]
2026-08-05T16:14:46.556+05:30 DEBUG 16000 --- [patient-registry] [http-nio-9999-exec-2] o.j.s.OpenEntityManagerInViewInterceptor : Opening JPA EntityManager in OpenEntityManagerInViewInterceptor
2026-08-05T16:14:46.556+05:30 DEBUG 16000 --- [patient-registry] [http-nio-9999-exec-1] o.j.s.OpenEntityManagerInViewInterceptor : Opening JPA EntityManager in OpenEntityManagerInViewInterceptor
2026-08-05T16:14:46.556+05:30 DEBUG 16000 --- [patient-registry] [http-nio-9999-exec-3] o.j.s.OpenEntityManagerInViewInterceptor : Opening JPA EntityManager in OpenEntityManagerInViewInterceptor
2026-08-05T16:14:46.657+05:30 DEBUG 16000 --- [patient-registry] [http-nio-9999-exec-3] o.j.s.OpenEntityManagerInViewInterceptor : Closing JPA EntityManager in OpenEntityManagerInViewInterceptor
2026-08-05T16:14:46.657+05:30 DEBUG 16000 --- [patient-registry] [http-nio-9999-exec-1] o.j.s.OpenEntityManagerInViewInterceptor : Closing JPA EntityManager in OpenEntityManagerInViewInterceptor
2026-08-05T16:14:46.657+05:30 DEBUG 16000 --- [patient-registry] [http-nio-9999-exec-2] o.j.s.OpenEntityManagerInViewInterceptor : Closing JPA EntityManager in OpenEntityManagerInViewInterceptor
2026-08-05T16:14:46.660+05:30 DEBUG 16000 --- [patient-registry] [http-nio-9999-exec-2] o.s.web.servlet.DispatcherServlet        : Completed 304 NOT_MODIFIED
2026-08-05T16:14:46.660+05:30 DEBUG 16000 --- [patient-registry] [http-nio-9999-exec-3] o.s.web.servlet.DispatcherServlet        : Completed 304 NOT_MODIFIED
2026-08-05T16:14:46.661+05:30 DEBUG 16000 --- [patient-registry] [http-nio-9999-exec-1] o.s.web.servlet.DispatcherServlet        : Completed 304 NOT_MODIFIED
2026-08-05T16:14:46.696+05:30 DEBUG 16000 --- [patient-registry] [http-nio-9999-exec-4] o.s.web.servlet.DispatcherServlet        : GET "/premit/swagger-ui/swagger-ui-standalone-preset.js", parameters={}
2026-08-05T16:14:46.698+05:30 DEBUG 16000 --- [patient-registry] [http-nio-9999-exec-4] o.s.w.s.handler.SimpleUrlHandlerMapping  : Mapped to ResourceHttpRequestHandler [classpath [META-INF/resources/webjars/swagger-ui/5.32.0/]]
2026-08-05T16:14:46.698+05:30 DEBUG 16000 --- [patient-registry] [http-nio-9999-exec-4] o.j.s.OpenEntityManagerInViewInterceptor : Opening JPA EntityManager in OpenEntityManagerInViewInterceptor
2026-08-05T16:14:46.710+05:30 DEBUG 16000 --- [patient-registry] [http-nio-9999-exec-4] o.j.s.OpenEntityManagerInViewInterceptor : Closing JPA EntityManager in OpenEntityManagerInViewInterceptor
2026-08-05T16:14:46.710+05:30 DEBUG 16000 --- [patient-registry] [http-nio-9999-exec-4] o.s.web.servlet.DispatcherServlet        : Completed 304 NOT_MODIFIED
2026-08-05T16:14:46.741+05:30 DEBUG 16000 --- [patient-registry] [http-nio-9999-exec-5] o.s.web.servlet.DispatcherServlet        : GET "/premit/swagger-ui/swagger-initializer.js", parameters={}
2026-08-05T16:14:46.749+05:30 DEBUG 16000 --- [patient-registry] [http-nio-9999-exec-5] o.s.w.s.handler.SimpleUrlHandlerMapping  : Mapped to ResourceHttpRequestHandler [classpath [META-INF/resources/webjars/swagger-ui/5.32.0/]]
2026-08-05T16:14:46.758+05:30 DEBUG 16000 --- [patient-registry] [http-nio-9999-exec-5] o.j.s.OpenEntityManagerInViewInterceptor : Opening JPA EntityManager in OpenEntityManagerInViewInterceptor
2026-08-05T16:14:46.830+05:30 DEBUG 16000 --- [patient-registry] [http-nio-9999-exec-5] o.j.s.OpenEntityManagerInViewInterceptor : Closing JPA EntityManager in OpenEntityManagerInViewInterceptor
2026-08-05T16:14:46.830+05:30 DEBUG 16000 --- [patient-registry] [http-nio-9999-exec-5] o.s.web.servlet.DispatcherServlet        : Completed 200 OK
2026-08-05T16:14:46.983+05:30 DEBUG 16000 --- [patient-registry] [http-nio-9999-exec-6] o.s.web.servlet.DispatcherServlet        : GET "/premit/v3/api-docs/swagger-config", parameters={}
2026-08-05T16:14:46.986+05:30 DEBUG 16000 --- [patient-registry] [http-nio-9999-exec-6] s.w.s.m.m.a.RequestMappingHandlerMapping : Mapped to org.springdoc.webmvc.ui.SwaggerConfigResource#openapiJson(HttpServletRequest)
2026-08-05T16:14:46.987+05:30 DEBUG 16000 --- [patient-registry] [http-nio-9999-exec-6] o.j.s.OpenEntityManagerInViewInterceptor : Opening JPA EntityManager in OpenEntityManagerInViewInterceptor
2026-08-05T16:14:47.018+05:30 DEBUG 16000 --- [patient-registry] [http-nio-9999-exec-6] m.m.a.RequestResponseBodyMethodProcessor : Using 'application/json', given [*/*] and supported [application/json]
2026-08-05T16:14:47.020+05:30 DEBUG 16000 --- [patient-registry] [http-nio-9999-exec-6] m.m.a.RequestResponseBodyMethodProcessor : Writing [{configUrl=/premit/v3/api-docs/swagger-config, oauth2RedirectUrl=http://localhost:9999/premit/swagge (truncated)...]
2026-08-05T16:14:47.078+05:30 DEBUG 16000 --- [patient-registry] [http-nio-9999-exec-6] o.j.s.OpenEntityManagerInViewInterceptor : Closing JPA EntityManager in OpenEntityManagerInViewInterceptor
2026-08-05T16:14:47.079+05:30 DEBUG 16000 --- [patient-registry] [http-nio-9999-exec-6] o.s.web.servlet.DispatcherServlet        : Completed 200 OK
2026-08-05T16:14:47.092+05:30 DEBUG 16000 --- [patient-registry] [http-nio-9999-exec-7] o.s.web.servlet.DispatcherServlet        : GET "/premit/v3/api-docs", parameters={}
2026-08-05T16:14:47.093+05:30 DEBUG 16000 --- [patient-registry] [http-nio-9999-exec-7] s.w.s.m.m.a.RequestMappingHandlerMapping : Mapped to org.springdoc.webmvc.api.OpenApiWebMvcResource#openapiJson(HttpServletRequest, String, Locale)
2026-08-05T16:14:47.094+05:30 DEBUG 16000 --- [patient-registry] [http-nio-9999-exec-7] o.j.s.OpenEntityManagerInViewInterceptor : Opening JPA EntityManager in OpenEntityManagerInViewInterceptor
2026-08-05T16:14:47.580+05:30  INFO 16000 --- [patient-registry] [http-nio-9999-exec-7] o.springdoc.api.AbstractOpenApiResource  : Init duration for springdoc-openapi is: 460 ms
2026-08-05T16:14:47.625+05:30 DEBUG 16000 --- [patient-registry] [http-nio-9999-exec-7] m.m.a.RequestResponseBodyMethodProcessor : Using 'application/json', given [application/json, */*] and supported [application/json]
2026-08-05T16:14:47.626+05:30 DEBUG 16000 --- [patient-registry] [http-nio-9999-exec-7] m.m.a.RequestResponseBodyMethodProcessor : Writing [{7b226f70656e617069223a22332e312e30222c22696e666f223a7b227469746c65223a224f70656e41504920646566696e6 (truncated)...]
2026-08-05T16:14:47.627+05:30 DEBUG 16000 --- [patient-registry] [http-nio-9999-exec-7] o.j.s.OpenEntityManagerInViewInterceptor : Closing JPA EntityManager in OpenEntityManagerInViewInterceptor
2026-08-05T16:14:47.627+05:30 DEBUG 16000 --- [patient-registry] [http-nio-9999-exec-7] o.s.web.servlet.DispatcherServlet        : Completed 200 OK
2026-08-05T16:15:22.024+05:30 DEBUG 16000 --- [patient-registry] [http-nio-9999-exec-8] o.s.web.servlet.DispatcherServlet        : POST "/premit/register", parameters={}
2026-08-05T16:15:22.024+05:30 DEBUG 16000 --- [patient-registry] [http-nio-9999-exec-8] s.w.s.m.m.a.RequestMappingHandlerMapping : Mapped to com.premit.patient_registry.controller.PatientController#registerPatientDetails(PatientDTO)
2026-08-05T16:15:22.024+05:30 DEBUG 16000 --- [patient-registry] [http-nio-9999-exec-8] o.j.s.OpenEntityManagerInViewInterceptor : Opening JPA EntityManager in OpenEntityManagerInViewInterceptor
2026-08-05T16:15:22.148+05:30 DEBUG 16000 --- [patient-registry] [http-nio-9999-exec-8] m.m.a.RequestResponseBodyMethodProcessor : Read "application/json;charset=UTF-8" to [PatientDTO(patientName=sita, age=20, sex=female, address=hye, date=2026-08-05, mobile=9542338367)]
2026-08-05T16:15:22.232+05:30  INFO 16000 --- [patient-registry] [http-nio-9999-exec-8] c.p.p.controller.PatientController       : Request received to controller: PatientDTO(patientName=sita, age=20, sex=female, address=hye, date=2026-08-05, mobile=9542338367)
2026-08-05T16:15:22.233+05:30  INFO 16000 --- [patient-registry] [http-nio-9999-exec-8] c.p.p.service.PatientServiceImpl         : request received to service : PatientDTO(patientName=sita, age=20, sex=female, address=hye, date=2026-08-05, mobile=9542338367)
2026-08-05T16:15:22.235+05:30  INFO 16000 --- [patient-registry] [http-nio-9999-exec-8] c.p.p.service.PatientServiceImpl         : Patient entity : Patient(patientId=0, patientName=sita, age=20, sex=female, address=hye, date=2026-08-05, mobile=9542338367)
2026-08-05T16:15:22.253+05:30 DEBUG 16000 --- [patient-registry] [http-nio-9999-exec-8] o.s.orm.jpa.JpaTransactionManager        : Found thread-bound EntityManager [SessionImpl(553609053<open>)] for JPA transaction
2026-08-05T16:15:22.255+05:30 DEBUG 16000 --- [patient-registry] [http-nio-9999-exec-8] o.s.orm.jpa.JpaTransactionManager        : Creating new transaction with name [org.springframework.data.jpa.repository.support.SimpleJpaRepository.save]: PROPAGATION_REQUIRED,ISOLATION_DEFAULT
2026-08-05T16:15:22.255+05:30 DEBUG 16000 --- [patient-registry] [http-nio-9999-exec-8] o.s.orm.jpa.JpaTransactionManager        : Exposing JPA transaction as JDBC [org.springframework.orm.jpa.vendor.HibernateJpaDialect$HibernateConnectionHandle@21d1ad06]
2026-08-05T16:15:22.399+05:30 DEBUG 16000 --- [patient-registry] [http-nio-9999-exec-8] o.s.orm.jpa.JpaTransactionManager        : Initiating transaction commit
2026-08-05T16:15:22.399+05:30 DEBUG 16000 --- [patient-registry] [http-nio-9999-exec-8] o.s.orm.jpa.JpaTransactionManager        : Committing JPA transaction on EntityManager [SessionImpl(553609053<open>)]
2026-08-05T16:15:22.474+05:30 DEBUG 16000 --- [patient-registry] [http-nio-9999-exec-8] o.s.orm.jpa.JpaTransactionManager        : Not closing pre-bound JPA EntityManager after transaction
2026-08-05T16:15:22.476+05:30 DEBUG 16000 --- [patient-registry] [http-nio-9999-exec-8] o.s.w.s.m.m.a.HttpEntityMethodProcessor  : Using 'text/plain', given [*/*] and supported [text/plain, */*, application/json, application/*+json, application/yaml]
2026-08-05T16:15:22.476+05:30 DEBUG 16000 --- [patient-registry] [http-nio-9999-exec-8] o.s.w.s.m.m.a.HttpEntityMethodProcessor  : Writing ["Patient registered successfully."]
2026-08-05T16:15:22.478+05:30 DEBUG 16000 --- [patient-registry] [http-nio-9999-exec-8] o.j.s.OpenEntityManagerInViewInterceptor : Closing JPA EntityManager in OpenEntityManagerInViewInterceptor
2026-08-05T16:15:22.480+05:30 DEBUG 16000 --- [patient-registry] [http-nio-9999-exec-8] o.s.web.servlet.DispatcherServlet        : Completed 201 CREATED
